,abnormality idx,abnormality type,acquisition type,assessment score,bbox,breast density,calc distribution,calc morphology,image_file,mask_file,modality,num abnormalities,pathology,patient_id,side,subtlety,view,name,mass margins,mass shape,associated findings
1805,1,calcification,digitized,4,"[0, 3292, 968, 4444]",4,SEGMENTAL,PLEOMORPHIC,./data/CBIS-DDSM/Calc-Training_P_00013_RIGHT_MLO/08-07-2016-DDSM-25255/1.000000-full mammogram images-58727/1-1.dcm,./data/CBIS-DDSM/Calc-Training_P_00013_RIGHT_MLO_1/09-06-2017-DDSM-23799/1.000000-ROI mask images-97686/1-2.dcm,MG,1,benign,P_00013,right,4,mlo,P_00013_RIGHT_MLO_calcification_1,,,
1594,1,calcification,digitized,2,"[0, 1016, 792, 2168]",2,,COARSE,./data/CBIS-DDSM/Calc-Training_P_00030_LEFT_CC/08-07-2016-DDSM-40023/1.000000-full mammogram images-03429/1-1.dcm,./data/CBIS-DDSM/Calc-Training_P_00030_LEFT_CC_1/09-06-2017-DDSM-01222/1.000000-ROI mask images-32034/1-2.dcm,MG,2,benign,P_00030,left,5,cc,P_00030_LEFT_CC_calcification_1,,,
3028,2,calcification,digitized,2,"[572, 2112, 1724, 3264]",2,,VASCULAR,./data/CBIS-DDSM/Calc-Training_P_00030_LEFT_CC/08-07-2016-DDSM-40023/1.000000-full mammogram images-03429/1-1.dcm,./data/CBIS-DDSM/Calc-Training_P_00030_LEFT_CC_2/09-06-2017-DDSM-76088/1.000000-ROI mask images-10410/1-2.dcm,MG,2,benign,P_00030,left,5,cc,P_00030_LEFT_CC_calcification_2,,,
565,1,calcification,digitized,2,"[0, 1936, 680, 3088]",2,,COARSE,./data/CBIS-DDSM/Calc-Training_P_00030_LEFT_MLO/08-07-2016-DDSM-95489/1.000000-full mammogram images-76403/1-1.dcm,./data/CBIS-DDSM/Calc-Training_P_00030_LEFT_MLO_1/09-06-2017-DDSM-71515/1.000000-ROI mask images-71360/1-2.dcm,MG,2,benign,P_00030,left,5,mlo,P_00030_LEFT_MLO_calcification_1,,,
3287,2,calcification,digitized,2,"[576, 1448, 1728, 2600]",2,,VASCULAR,./data/CBIS-DDSM/Calc-Training_P_00030_LEFT_MLO/08-07-2016-DDSM-95489/1.000000-full mammogram images-76403/1-1.dcm,./data/CBIS-DDSM/Calc-Training_P_00030_LEFT_MLO_2/09-06-2017-DDSM-65705/1.000000-ROI mask images-96215/1-2.dcm,MG,2,benign,P_00030,left,5,mlo,P_00030_LEFT_MLO_calcification_2,,,
2044,1,calcification,digitized,2,"[1964, 1828, 3072, 2980]",2,,VASCULAR,./data/CBIS-DDSM/Calc-Training_P_00030_RIGHT_CC/08-07-2016-DDSM-34303/1.000000-full mammogram images-34342/1-1.dcm,./data/CBIS-DDSM/Calc-Training_P_00030_RIGHT_CC_1/09-06-2017-DDSM-53513/1.000000-ROI mask images-10058/1-2.dcm,MG,1,benign,P_00030,right,4,cc,P_00030_RIGHT_CC_calcification_1,,,
595,1,calcification,digitized,2,"[1688, 1760, 2840, 2912]",2,,VASCULAR,./data/CBIS-DDSM/Calc-Training_P_00030_RIGHT_MLO/08-07-2016-DDSM-21014/1.000000-full mammogram images-91077/1-1.dcm,./data/CBIS-DDSM/Calc-Training_P_00030_RIGHT_MLO_1/09-06-2017-DDSM-47128/1.000000-ROI mask images-90297/1-2.dcm,MG,1,benign,P_00030,right,4,mlo,P_00030_RIGHT_MLO_calcification_1,,,
3331,2,calcification,digitized,4,"[472, 988, 1624, 2140]",3,CLUSTERED,PLEOMORPHIC,./data/CBIS-DDSM/Calc-Training_P_00034_RIGHT_CC/08-07-2016-DDSM-88254/1.000000-full mammogram images-72169/1-1.dcm,./data/CBIS-DDSM/Calc-Training_P_00034_RIGHT_CC_2/09-06-2017-DDSM-88964/1.000000-ROI mask images-53990/1-2.dcm,MG,1,malignant,P_00034,right,4,cc,P_00034_RIGHT_CC_calcification_2,,,
2793,2,calcification,digitized,4,"[1460, 1760, 2612, 2912]",3,CLUSTERED,PLEOMORPHIC,./data/CBIS-DDSM/Calc-Training_P_00034_RIGHT_MLO/08-07-2016-DDSM-33300/1.000000-full mammogram images-41211/1-1.dcm,./data/CBIS-DDSM/Calc-Training_P_00034_RIGHT_MLO_2/09-06-2017-DDSM-53017/1.000000-ROI mask images-73600/1-2.dcm,MG,1,malignant,P_00034,right,4,mlo,P_00034_RIGHT_MLO_calcification_2,,,
2351,1,calcification,digitized,4,"[1732, 1044, 2864, 2196]",3,CLUSTERED,AMORPHOUS,./data/CBIS-DDSM/Calc-Training_P_00060_RIGHT_CC/08-07-2016-DDSM-31839/1.000000-full mammogram images-76395/1-1.dcm,./data/CBIS-DDSM/Calc-Training_P_00060_RIGHT_CC_1/09-06-2017-DDSM-17825/1.000000-ROI mask images-17269/1-2.dcm,MG,1,benign,P_00060,right,4,cc,P_00060_RIGHT_CC_calcification_1,,,
692,1,calcification,digitized,4,"[664, 1588, 1816, 2740]",3,CLUSTERED,AMORPHOUS,./data/CBIS-DDSM/Calc-Training_P_00060_RIGHT_MLO/08-07-2016-DDSM-93043/1.000000-full mammogram images-71693/1-1.dcm,./data/CBIS-DDSM/Calc-Training_P_00060_RIGHT_MLO_1/09-06-2017-DDSM-68004/1.000000-ROI mask images-51514/1-2.dcm,MG,1,benign,P_00060,right,4,mlo,P_00060_RIGHT_MLO_calcification_1,,,
1984,1,calcification,digitized,4,"[256, 1136, 1408, 2288]",4,CLUSTERED,PLEOMORPHIC,./data/CBIS-DDSM/Calc-Training_P_00083_RIGHT_CC/08-07-2016-DDSM-66791/1.000000-full mammogram images-96600/1-1.dcm,./data/CBIS-DDSM/Calc-Training_P_00083_RIGHT_CC_1/09-06-2017-DDSM-15929/1.000000-ROI mask images-27775/1-2.dcm,MG,1,benign,P_00083,right,5,cc,P_00083_RIGHT_CC_calcification_1,,,
1938,1,calcification,digitized,4,"[992, 2620, 2144, 3772]",3,SEGMENTAL,PLEOMORPHIC,./data/CBIS-DDSM/Calc-Training_P_00084_LEFT_CC/08-07-2016-DDSM-96706/1.000000-full mammogram images-00736/1-1.dcm,./data/CBIS-DDSM/Calc-Training_P_00084_LEFT_CC_1/09-06-2017-DDSM-47123/1.000000-ROI mask images-63602/1-2.dcm,MG,1,malignant,P_00084,left,5,cc,P_00084_LEFT_CC_calcification_1,,,
2626,1,calcification,digitized,4,"[1161, 3308, 2313, 4459]",3,SEGMENTAL,PLEOMORPHIC,./data/CBIS-DDSM/Calc-Training_P_00084_LEFT_MLO/08-07-2016-DDSM-91993/1.000000-full mammogram images-67660/1-1.dcm,./data/CBIS-DDSM/Calc-Training_P_00084_LEFT_MLO_1/09-06-2017-DDSM-44005/1.000000-ROI mask images-90526/1-2.dcm,MG,1,malignant,P_00084,left,5,mlo,P_00084_LEFT_MLO_calcification_1,,,
3213,1,calcification,digitized,4,"[0, 3248, 844, 4400]",2,CLUSTERED,AMORPHOUS,./data/CBIS-DDSM/Calc-Training_P_00129_LEFT_CC/08-07-2016-DDSM-28515/1.000000-full mammogram images-14566/1-1.dcm,./data/CBIS-DDSM/Calc-Training_P_00129_LEFT_CC_1/09-06-2017-DDSM-88805/1.000000-ROI mask images-00894/1-2.dcm,MG,1,benign,P_00129,left,5,cc,P_00129_LEFT_CC_calcification_1,,,
1208,1,calcification,digitized,4,"[0, 2936, 748, 4088]",2,CLUSTERED,AMORPHOUS,./data/CBIS-DDSM/Calc-Training_P_00129_LEFT_MLO/08-07-2016-DDSM-68523/1.000000-full mammogram images-14732/1-1.dcm,./data/CBIS-DDSM/Calc-Training_P_00129_LEFT_MLO_1/09-06-2017-DDSM-44487/1.000000-ROI mask images-36568/1-2.dcm,MG,1,benign,P_00129,left,5,mlo,P_00129_LEFT_MLO_calcification_1,,,
269,1,calcification,digitized,4,"[888, 1576, 2040, 2728]",3,CLUSTERED,PLEOMORPHIC,./data/CBIS-DDSM/Calc-Test_P_00150_RIGHT_MLO/08-29-2017-DDSM-65980/1.000000-full mammogram images-50917/1-1.dcm,./data/CBIS-DDSM/Calc-Test_P_00150_RIGHT_MLO_1/08-29-2017-DDSM-85410/1.000000-ROI mask images-54168/1-2.dcm,MG,1,malignant,P_00150,right,2,mlo,P_00150_RIGHT_MLO_calcification_1,,,
2087,1,calcification,digitized,4,"[2509, 3214, 3660, 4365]",2,LINEAR,FINE_LINEAR_BRANCHING,./data/CBIS-DDSM/Calc-Training_P_00162_LEFT_CC/08-07-2016-DDSM-99050/1.000000-full mammogram images-36839/1-1.dcm,./data/CBIS-DDSM/Calc-Training_P_00162_LEFT_CC_1/09-06-2017-DDSM-15197/1.000000-ROI mask images-81990/1-2.dcm,MG,1,malignant,P_00162,left,2,cc,P_00162_LEFT_CC_calcification_1,,,
1537,1,calcification,digitized,4,"[2651, 4223, 3802, 5374]",2,LINEAR,FINE_LINEAR_BRANCHING,./data/CBIS-DDSM/Calc-Training_P_00162_LEFT_MLO/08-07-2016-DDSM-27642/1.000000-full mammogram images-57715/1-1.dcm,./data/CBIS-DDSM/Calc-Training_P_00162_LEFT_MLO_1/09-06-2017-DDSM-00424/1.000000-ROI mask images-56491/1-2.dcm,MG,1,malignant,P_00162,left,2,mlo,P_00162_LEFT_MLO_calcification_1,,,
1106,1,calcification,digitized,4,"[520, 1012, 1672, 2164]",4,CLUSTERED,PLEOMORPHIC,./data/CBIS-DDSM/Calc-Test_P_00164_RIGHT_CC/08-29-2017-DDSM-77973/1.000000-full mammogram images-58442/1-1.dcm,./data/CBIS-DDSM/Calc-Test_P_00164_RIGHT_CC_1/08-29-2017-DDSM-17931/1.000000-ROI mask images-39759/1-2.dcm,MG,1,malignant,P_00164,right,3,cc,P_00164_RIGHT_CC_calcification_1,,,
1109,1,calcification,digitized,4,"[848, 3100, 2000, 4252]",3,SEGMENTAL,PLEOMORPHIC,./data/CBIS-DDSM/Calc-Training_P_00201_LEFT_MLO/08-07-2016-DDSM-43910/1.000000-full mammogram images-22875/1-1.dcm,./data/CBIS-DDSM/Calc-Training_P_00201_LEFT_MLO_1/09-06-2017-DDSM-30840/1.000000-ROI mask images-07198/1-2.dcm,MG,1,malignant,P_00201,left,3,mlo,P_00201_LEFT_MLO_calcification_1,,,
3113,1,calcification,digitized,4,"[904, 1624, 2056, 2776]",3,CLUSTERED,PLEOMORPHIC,./data/CBIS-DDSM/Calc-Training_P_00245_RIGHT_MLO/08-07-2016-DDSM-76381/1.000000-full mammogram images-90272/1-1.dcm,./data/CBIS-DDSM/Calc-Training_P_00245_RIGHT_MLO_1/09-06-2017-DDSM-71295/1.000000-ROI mask images-10356/1-2.dcm,MG,1,benign,P_00245,right,3,mlo,P_00245_RIGHT_MLO_calcification_1,,,
2916,1,calcification,digitized,2,"[484, 1956, 1636, 3108]",3,,LUCENT_CENTER,./data/CBIS-DDSM/Calc-Training_P_00256_LEFT_CC/08-07-2016-DDSM-12244/1.000000-full mammogram images-00309/1-1.dcm,./data/CBIS-DDSM/Calc-Training_P_00256_LEFT_CC_1/09-06-2017-DDSM-60964/1.000000-ROI mask images-89478/1-2.dcm,MG,1,benign,P_00256,left,3,cc,P_00256_LEFT_CC_calcification_1,,,
251,1,calcification,digitized,2,"[1196, 1744, 2348, 2896]",3,,LUCENT_CENTER,./data/CBIS-DDSM/Calc-Training_P_00256_LEFT_MLO/08-07-2016-DDSM-45434/1.000000-full mammogram images-08315/1-1.dcm,./data/CBIS-DDSM/Calc-Training_P_00256_LEFT_MLO_1/09-06-2017-DDSM-00113/1.000000-ROI mask images-07689/1-2.dcm,MG,1,benign,P_00256,left,3,mlo,P_00256_LEFT_MLO_calcification_1,,,
620,1,calcification,digitized,4,"[3216, 1240, 3896, 2392]",2,CLUSTERED,PLEOMORPHIC,./data/CBIS-DDSM/Calc-Training_P_00260_RIGHT_CC/08-07-2016-DDSM-93082/1.000000-full mammogram images-38315/1-1.dcm,./data/CBIS-DDSM/Calc-Training_P_00260_RIGHT_CC_1/09-06-2017-DDSM-79235/1.000000-ROI mask images-41167/1-2.dcm,MG,1,benign,P_00260,right,5,cc,P_00260_RIGHT_CC_calcification_1,,,
2647,1,calcification,digitized,4,"[2928, 2520, 3920, 3672]",2,CLUSTERED,PLEOMORPHIC,./data/CBIS-DDSM/Calc-Training_P_00260_RIGHT_MLO/08-07-2016-DDSM-07680/1.000000-full mammogram images-93179/1-1.dcm,./data/CBIS-DDSM/Calc-Training_P_00260_RIGHT_MLO_1/09-06-2017-DDSM-07174/1.000000-ROI mask images-44521/1-2.dcm,MG,1,benign,P_00260,right,5,mlo,P_00260_RIGHT_MLO_calcification_1,,,
2917,1,calcification,digitized,4,"[1846, 2991, 2998, 4143]",2,LINEAR,PLEOMORPHIC,./data/CBIS-DDSM/Calc-Training_P_00263_LEFT_MLO/08-07-2016-DDSM-20195/1.000000-full mammogram images-41144/1-1.dcm,./data/CBIS-DDSM/Calc-Training_P_00263_LEFT_MLO_1/09-06-2017-DDSM-03960/1.000000-ROI mask images-68710/1-2.dcm,MG,1,malignant,P_00263,left,3,mlo,P_00263_LEFT_MLO_calcification_1,,,
1877,1,calcification,digitized,4,"[0, 2865, 644, 4016]",3,CLUSTERED,PLEOMORPHIC,./data/CBIS-DDSM/Calc-Training_P_00275_LEFT_CC/08-07-2016-DDSM-33766/1.000000-full mammogram images-51555/1-1.dcm,./data/CBIS-DDSM/Calc-Training_P_00275_LEFT_CC_1/09-06-2017-DDSM-51871/1.000000-ROI mask images-23685/1-2.dcm,MG,1,malignant,P_00275,left,3,cc,P_00275_LEFT_CC_calcification_1,,,
2891,1,calcification,digitized,4,"[0, 1884, 740, 3036]",3,CLUSTERED,PLEOMORPHIC,./data/CBIS-DDSM/Calc-Training_P_00275_LEFT_MLO/08-07-2016-DDSM-49825/1.000000-full mammogram images-57849/1-1.dcm,./data/CBIS-DDSM/Calc-Training_P_00275_LEFT_MLO_1/09-06-2017-DDSM-40747/1.000000-ROI mask images-59986/1-2.dcm,MG,1,malignant,P_00275,left,4,mlo,P_00275_LEFT_MLO_calcification_1,,,
329,2,calcification,digitized,3,"[0, 2104, 1144, 3256]",2,CLUSTERED,PUNCTATE,./data/CBIS-DDSM/Calc-Training_P_00284_LEFT_CC/08-07-2016-DDSM-59028/1.000000-full mammogram images-33308/1-1.dcm,./data/CBIS-DDSM/Calc-Training_P_00284_LEFT_CC_2/09-06-2017-DDSM-90700/1.000000-ROI mask images-07420/1-2.dcm,MG,2,benign,P_00284,left,4,cc,P_00284_LEFT_CC_calcification_2,,,
2810,1,calcification,digitized,4,"[656, 1136, 1808, 2287]",2,CLUSTERED,PUNCTATE,./data/CBIS-DDSM/Calc-Training_P_00284_LEFT_CC/08-07-2016-DDSM-59028/1.000000-full mammogram images-33308/1-1.dcm,./data/CBIS-DDSM/Calc-Training_P_00284_LEFT_CC_1/09-06-2017-DDSM-59724/1.000000-ROI mask images-91212/1-2.dcm,MG,2,benign,P_00284,left,5,cc,P_00284_LEFT_CC_calcification_1,,,
998,2,calcification,digitized,4,"[424, 2860, 1576, 4012]",2,CLUSTERED,PUNCTATE,./data/CBIS-DDSM/Calc-Training_P_00284_LEFT_MLO/08-07-2016-DDSM-17876/1.000000-full mammogram images-85473/1-1.dcm,./data/CBIS-DDSM/Calc-Training_P_00284_LEFT_MLO_2/09-06-2017-DDSM-99823/1.000000-ROI mask images-97353/1-2.dcm,MG,2,benign,P_00284,left,5,mlo,P_00284_LEFT_MLO_calcification_2,,,
2150,1,calcification,digitized,3,"[36, 2080, 1188, 3232]",2,CLUSTERED,PUNCTATE,./data/CBIS-DDSM/Calc-Training_P_00284_LEFT_MLO/08-07-2016-DDSM-17876/1.000000-full mammogram images-85473/1-1.dcm,./data/CBIS-DDSM/Calc-Training_P_00284_LEFT_MLO_1/09-06-2017-DDSM-63961/1.000000-ROI mask images-91840/1-2.dcm,MG,2,benign,P_00284,left,4,mlo,P_00284_LEFT_MLO_calcification_1,,,
1114,1,calcification,digitized,4,"[1226, 2404, 2356, 3556]",4,CLUSTERED,PLEOMORPHIC,./data/CBIS-DDSM/Calc-Training_P_00336_LEFT_CC/08-07-2016-DDSM-57175/1.000000-full mammogram images-09726/1-1.dcm,./data/CBIS-DDSM/Calc-Training_P_00336_LEFT_CC_1/09-06-2017-DDSM-61164/1.000000-ROI mask images-82886/1-2.dcm,MG,1,benign,P_00336,left,3,cc,P_00336_LEFT_CC_calcification_1,,,
3045,1,calcification,digitized,4,"[1035, 2128, 2187, 3280]",4,CLUSTERED,PLEOMORPHIC,./data/CBIS-DDSM/Calc-Training_P_00336_LEFT_MLO/08-07-2016-DDSM-01023/1.000000-full mammogram images-24852/1-1.dcm,./data/CBIS-DDSM/Calc-Training_P_00336_LEFT_MLO_1/09-06-2017-DDSM-95369/1.000000-ROI mask images-06019/1-2.dcm,MG,1,benign,P_00336,left,3,mlo,P_00336_LEFT_MLO_calcification_1,,,
1392,1,calcification,digitized,4,"[2247, 1204, 3301, 2356]",3,CLUSTERED,AMORPHOUS,./data/CBIS-DDSM/Calc-Training_P_00357_LEFT_CC/08-07-2016-DDSM-89137/1.000000-full mammogram images-25255/1-1.dcm,./data/CBIS-DDSM/Calc-Training_P_00357_LEFT_CC_1/09-06-2017-DDSM-39267/1.000000-ROI mask images-05773/1-2.dcm,MG,1,benign,P_00357,left,3,cc,P_00357_LEFT_CC_calcification_1,,,
527,2,calcification,digitized,4,"[0, 2364, 980, 3516]",4,CLUSTERED,PLEOMORPHIC,./data/CBIS-DDSM/Calc-Training_P_00377_LEFT_CC/08-07-2016-DDSM-55463/1.000000-full mammogram images-75278/1-1.dcm,./data/CBIS-DDSM/Calc-Training_P_00377_LEFT_CC_2/09-06-2017-DDSM-68941/1.000000-ROI mask images-24133/1-2.dcm,MG,2,benign,P_00377,left,4,cc,P_00377_LEFT_CC_calcification_2,,,
3125,1,calcification,digitized,4,"[0, 1688, 1128, 2840]",4,CLUSTERED,PLEOMORPHIC,./data/CBIS-DDSM/Calc-Training_P_00377_LEFT_CC/08-07-2016-DDSM-55463/1.000000-full mammogram images-75278/1-1.dcm,./data/CBIS-DDSM/Calc-Training_P_00377_LEFT_CC_1/09-06-2017-DDSM-85381/1.000000-ROI mask images-64974/1-2.dcm,MG,2,benign,P_00377,left,4,cc,P_00377_LEFT_CC_calcification_1,,,
678,1,calcification,digitized,4,"[0, 2452, 976, 3604]",4,SEGMENTAL,PLEOMORPHIC,./data/CBIS-DDSM/Calc-Training_P_00377_LEFT_MLO/08-07-2016-DDSM-31896/1.000000-full mammogram images-45372/1-1.dcm,./data/CBIS-DDSM/Calc-Training_P_00377_LEFT_MLO_1/09-06-2017-DDSM-77350/1.000000-ROI mask images-65494/1-2.dcm,MG,1,benign,P_00377,left,3,mlo,P_00377_LEFT_MLO_calcification_1,,,
532,1,calcification,digitized,4,"[1132, 568, 2284, 1720]",4,CLUSTERED,PLEOMORPHIC,./data/CBIS-DDSM/Calc-Training_P_00378_LEFT_CC/08-07-2016-DDSM-27036/1.000000-full mammogram images-86573/1-1.dcm,./data/CBIS-DDSM/Calc-Training_P_00378_LEFT_CC_1/09-06-2017-DDSM-59494/1.000000-ROI mask images-80732/1-2.dcm,MG,1,benign,P_00378,left,1,cc,P_00378_LEFT_CC_calcification_1,,,
2398,1,calcification,digitized,4,"[1748, 1876, 2626, 3028]",4,CLUSTERED,PLEOMORPHIC,./data/CBIS-DDSM/Calc-Training_P_00378_LEFT_MLO/08-07-2016-DDSM-59042/1.000000-full mammogram images-50383/1-1.dcm,./data/CBIS-DDSM/Calc-Training_P_00378_LEFT_MLO_1/09-06-2017-DDSM-66103/1.000000-ROI mask images-80814/1-2.dcm,MG,1,benign,P_00378,left,1,mlo,P_00378_LEFT_MLO_calcification_1,,,
800,1,calcification,digitized,4,"[1841, 939, 2993, 2090]",4,CLUSTERED,PLEOMORPHIC,./data/CBIS-DDSM/Calc-Test_P_00397_LEFT_CC/08-29-2017-DDSM-85198/1.000000-full mammogram images-06572/1-1.dcm,./data/CBIS-DDSM/Calc-Test_P_00397_LEFT_CC_1/08-29-2017-DDSM-81446/1.000000-ROI mask images-04403/1-2.dcm,MG,1,malignant,P_00397,left,1,cc,P_00397_LEFT_CC_calcification_1,,,
3557,1,calcification,digitized,4,"[0, 2488, 1144, 3640]",4,CLUSTERED,AMORPHOUS,./data/CBIS-DDSM/Calc-Training_P_00400_RIGHT_CC/08-07-2016-DDSM-31933/1.000000-full mammogram images-76236/1-1.dcm,./data/CBIS-DDSM/Calc-Training_P_00400_RIGHT_CC_1/09-06-2017-DDSM-67164/1.000000-ROI mask images-63137/1-2.dcm,MG,1,benign,P_00400,right,3,cc,P_00400_RIGHT_CC_calcification_1,,,
3112,1,calcification,digitized,4,"[308, 2960, 1460, 4112]",4,CLUSTERED,AMORPHOUS,./data/CBIS-DDSM/Calc-Training_P_00400_RIGHT_MLO/08-07-2016-DDSM-58345/1.000000-full mammogram images-56976/1-1.dcm,./data/CBIS-DDSM/Calc-Training_P_00400_RIGHT_MLO_1/09-06-2017-DDSM-42639/1.000000-ROI mask images-74661/1-2.dcm,MG,1,benign,P_00400,right,3,mlo,P_00400_RIGHT_MLO_calcification_1,,,
2499,1,calcification,digitized,2,"[892, 1740, 2044, 2892]",3,,ROUND_AND_REGULAR,./data/CBIS-DDSM/Calc-Test_P_00402_RIGHT_CC/08-29-2017-DDSM-04129/1.000000-full mammogram images-08947/1-1.dcm,./data/CBIS-DDSM/Calc-Test_P_00402_RIGHT_CC_1/08-29-2017-DDSM-31945/1.000000-ROI mask images-83989/1-2.dcm,MG,1,benign,P_00402,right,4,cc,P_00402_RIGHT_CC_calcification_1,,,
579,1,calcification,digitized,2,"[660, 2612, 1812, 3764]",3,,ROUND_AND_REGULAR,./data/CBIS-DDSM/Calc-Test_P_00402_RIGHT_MLO/08-29-2017-DDSM-49839/1.000000-full mammogram images-46691/1-1.dcm,./data/CBIS-DDSM/Calc-Test_P_00402_RIGHT_MLO_1/08-29-2017-DDSM-10994/1.000000-ROI mask images-30702/1-2.dcm,MG,1,benign,P_00402,right,4,mlo,P_00402_RIGHT_MLO_calcification_1,,,
168,1,calcification,digitized,4,"[1932, 1624, 2986, 2776]",3,CLUSTERED,PLEOMORPHIC,./data/CBIS-DDSM/Calc-Training_P_00448_LEFT_CC/08-07-2016-DDSM-89424/1.000000-full mammogram images-38835/1-1.dcm,./data/CBIS-DDSM/Calc-Training_P_00448_LEFT_CC_1/09-06-2017-DDSM-92189/1.000000-ROI mask images-55047/1-2.dcm,MG,1,benign,P_00448,left,2,cc,P_00448_LEFT_CC_calcification_1,,,
1199,1,calcification,digitized,4,"[1810, 2280, 2962, 3432]",3,CLUSTERED,PLEOMORPHIC,./data/CBIS-DDSM/Calc-Training_P_00448_LEFT_MLO/08-07-2016-DDSM-11258/1.000000-full mammogram images-14652/1-1.dcm,./data/CBIS-DDSM/Calc-Training_P_00448_LEFT_MLO_1/09-06-2017-DDSM-30147/1.000000-ROI mask images-79092/1-2.dcm,MG,1,benign,P_00448,left,2,mlo,P_00448_LEFT_MLO_calcification_1,,,
3294,1,calcification,digitized,2,"[1868, 3008, 3020, 4160]",2,,ROUND_AND_REGULAR,./data/CBIS-DDSM/Calc-Training_P_00476_LEFT_CC/08-07-2016-DDSM-07057/1.000000-full mammogram images-52890/1-1.dcm,./data/CBIS-DDSM/Calc-Training_P_00476_LEFT_CC_1/09-06-2017-DDSM-39293/1.000000-ROI mask images-40443/1-2.dcm,MG,1,benign,P_00476,left,4,cc,P_00476_LEFT_CC_calcification_1,,,
466,1,calcification,digitized,2,"[1816, 3232, 2968, 4384]",2,,ROUND_AND_REGULAR,./data/CBIS-DDSM/Calc-Training_P_00476_LEFT_MLO/08-07-2016-DDSM-00788/1.000000-full mammogram images-95670/1-1.dcm,./data/CBIS-DDSM/Calc-Training_P_00476_LEFT_MLO_1/09-06-2017-DDSM-31132/1.000000-ROI mask images-71689/1-2.dcm,MG,1,benign,P_00476,left,4,mlo,P_00476_LEFT_MLO_calcification_1,,,
2156,1,calcification,digitized,2,"[3152, 3208, 3968, 4360]",2,,LUCENT_CENTER,./data/CBIS-DDSM/Calc-Training_P_00476_RIGHT_CC/08-07-2016-DDSM-92388/1.000000-full mammogram images-43122/1-1.dcm,./data/CBIS-DDSM/Calc-Training_P_00476_RIGHT_CC_1/09-06-2017-DDSM-52043/1.000000-ROI mask images-89016/1-2.dcm,MG,3,benign,P_00476,right,3,cc,P_00476_RIGHT_CC_calcification_1,,,
2799,2,calcification,digitized,2,"[3116, 3776, 3968, 4928]",2,,LUCENT_CENTER,./data/CBIS-DDSM/Calc-Training_P_00476_RIGHT_CC/08-07-2016-DDSM-92388/1.000000-full mammogram images-43122/1-1.dcm,./data/CBIS-DDSM/Calc-Training_P_00476_RIGHT_CC_2/09-06-2017-DDSM-91028/1.000000-ROI mask images-82190/1-2.dcm,MG,3,benign,P_00476,right,3,cc,P_00476_RIGHT_CC_calcification_2,,,
3456,3,calcification,digitized,2,"[2696, 3088, 3848, 4240]",2,,LUCENT_CENTER,./data/CBIS-DDSM/Calc-Training_P_00476_RIGHT_CC/08-07-2016-DDSM-92388/1.000000-full mammogram images-43122/1-1.dcm,./data/CBIS-DDSM/Calc-Training_P_00476_RIGHT_CC_3/09-06-2017-DDSM-82300/1.000000-ROI mask images-45673/1-2.dcm,MG,3,benign,P_00476,right,3,cc,P_00476_RIGHT_CC_calcification_3,,,
925,1,calcification,digitized,2,"[3208, 1964, 4032, 3116]",2,,LUCENT_CENTER,./data/CBIS-DDSM/Calc-Training_P_00476_RIGHT_MLO/08-07-2016-DDSM-70386/1.000000-full mammogram images-18289/1-1.dcm,./data/CBIS-DDSM/Calc-Training_P_00476_RIGHT_MLO_1/09-06-2017-DDSM-13687/1.000000-ROI mask images-42817/1-2.dcm,MG,3,benign,P_00476,right,3,mlo,P_00476_RIGHT_MLO_calcification_1,,,
1621,3,calcification,digitized,2,"[2924, 1428, 4032, 2580]",2,,LUCENT_CENTER,./data/CBIS-DDSM/Calc-Training_P_00476_RIGHT_MLO/08-07-2016-DDSM-70386/1.000000-full mammogram images-18289/1-1.dcm,./data/CBIS-DDSM/Calc-Training_P_00476_RIGHT_MLO_3/09-06-2017-DDSM-11627/1.000000-ROI mask images-84800/1-2.dcm,MG,3,benign,P_00476,right,3,mlo,P_00476_RIGHT_MLO_calcification_3,,,
1901,2,calcification,digitized,2,"[2404, 1672, 3556, 2824]",2,,LUCENT_CENTER,./data/CBIS-DDSM/Calc-Training_P_00476_RIGHT_MLO/08-07-2016-DDSM-70386/1.000000-full mammogram images-18289/1-1.dcm,./data/CBIS-DDSM/Calc-Training_P_00476_RIGHT_MLO_2/09-06-2017-DDSM-67982/1.000000-ROI mask images-13323/1-2.dcm,MG,3,benign,P_00476,right,3,mlo,P_00476_RIGHT_MLO_calcification_2,,,
1928,1,calcification,digitized,2,"[4, 1720, 1156, 2872]",3,,COARSE,./data/CBIS-DDSM/Calc-Training_P_00519_LEFT_CC/08-07-2016-DDSM-87566/1.000000-full mammogram images-55714/1-1.dcm,./data/CBIS-DDSM/Calc-Training_P_00519_LEFT_CC_1/09-06-2017-DDSM-43675/1.000000-ROI mask images-77934/1-2.dcm,MG,1,benign,P_00519,left,5,cc,P_00519_LEFT_CC_calcification_1,,,
3369,1,calcification,digitized,2,"[84, 2280, 1236, 3432]",3,,COARSE,./data/CBIS-DDSM/Calc-Training_P_00519_LEFT_MLO/08-07-2016-DDSM-52038/1.000000-full mammogram images-40339/1-1.dcm,./data/CBIS-DDSM/Calc-Training_P_00519_LEFT_MLO_1/09-06-2017-DDSM-25112/1.000000-ROI mask images-52365/1-2.dcm,MG,1,benign,P_00519,left,5,mlo,P_00519_LEFT_MLO_calcification_1,,,
2525,1,calcification,digitized,5,"[1256, 696, 2408, 1848]",3,CLUSTERED,PLEOMORPHIC,./data/CBIS-DDSM/Calc-Training_P_00527_RIGHT_MLO/08-07-2016-DDSM-18729/1.000000-full mammogram images-15537/1-1.dcm,./data/CBIS-DDSM/Calc-Training_P_00527_RIGHT_MLO_1/09-06-2017-DDSM-58424/1.000000-ROI mask images-02511/1-2.dcm,MG,1,malignant,P_00527,right,5,mlo,P_00527_RIGHT_MLO_calcification_1,,,
474,2,calcification,digitized,4,"[1616, 2588, 2768, 3740]",3,CLUSTERED,PLEOMORPHIC,./data/CBIS-DDSM/Calc-Training_P_00539_RIGHT_CC/08-07-2016-DDSM-66029/1.000000-full mammogram images-61175/1-1.dcm,./data/CBIS-DDSM/Calc-Training_P_00539_RIGHT_CC_2/09-06-2017-DDSM-48534/1.000000-ROI mask images-59508/1-2.dcm,MG,3,malignant,P_00539,right,3,cc,P_00539_RIGHT_CC_calcification_2,,,
1449,4,calcification,digitized,4,"[1728, 2732, 2880, 3884]",3,CLUSTERED,PLEOMORPHIC,./data/CBIS-DDSM/Calc-Training_P_00539_RIGHT_CC/08-07-2016-DDSM-66029/1.000000-full mammogram images-61175/1-1.dcm,./data/CBIS-DDSM/Calc-Training_P_00539_RIGHT_CC_4/09-06-2017-DDSM-27453/1.000000-ROI mask images-92360/1-2.dcm,MG,3,malignant,P_00539,right,3,cc,P_00539_RIGHT_CC_calcification_4,,,
2411,3,calcification,digitized,4,"[1716, 2588, 2868, 3740]",3,CLUSTERED,PLEOMORPHIC,./data/CBIS-DDSM/Calc-Training_P_00539_RIGHT_CC/08-07-2016-DDSM-66029/1.000000-full mammogram images-61175/1-1.dcm,./data/CBIS-DDSM/Calc-Training_P_00539_RIGHT_CC_3/09-06-2017-DDSM-55371/1.000000-ROI mask images-79388/1-2.dcm,MG,3,malignant,P_00539,right,3,cc,P_00539_RIGHT_CC_calcification_3,,,
1830,4,calcification,digitized,4,"[1316, 2244, 2468, 3396]",3,CLUSTERED,PLEOMORPHIC,./data/CBIS-DDSM/Calc-Training_P_00539_RIGHT_MLO/08-07-2016-DDSM-25399/1.000000-full mammogram images-78601/1-1.dcm,./data/CBIS-DDSM/Calc-Training_P_00539_RIGHT_MLO_4/09-06-2017-DDSM-93634/1.000000-ROI mask images-29020/1-2.dcm,MG,3,malignant,P_00539,right,3,mlo,P_00539_RIGHT_MLO_calcification_4,,,
2139,3,calcification,digitized,4,"[1368, 2164, 2520, 3316]",3,CLUSTERED,PLEOMORPHIC,./data/CBIS-DDSM/Calc-Training_P_00539_RIGHT_MLO/08-07-2016-DDSM-25399/1.000000-full mammogram images-78601/1-1.dcm,./data/CBIS-DDSM/Calc-Training_P_00539_RIGHT_MLO_3/09-06-2017-DDSM-90261/1.000000-ROI mask images-41962/1-2.dcm,MG,3,malignant,P_00539,right,3,mlo,P_00539_RIGHT_MLO_calcification_3,,,
3411,2,calcification,digitized,4,"[1268, 2168, 2420, 3320]",3,CLUSTERED,PLEOMORPHIC,./data/CBIS-DDSM/Calc-Training_P_00539_RIGHT_MLO/08-07-2016-DDSM-25399/1.000000-full mammogram images-78601/1-1.dcm,./data/CBIS-DDSM/Calc-Training_P_00539_RIGHT_MLO_2/09-06-2017-DDSM-32794/1.000000-ROI mask images-71292/1-2.dcm,MG,3,malignant,P_00539,right,3,mlo,P_00539_RIGHT_MLO_calcification_2,,,
827,1,calcification,digitized,4,"[0, 1376, 1120, 2528]",4,CLUSTERED,PLEOMORPHIC,./data/CBIS-DDSM/Calc-Training_P_00548_LEFT_CC/08-07-2016-DDSM-42744/1.000000-full mammogram images-14988/1-1.dcm,./data/CBIS-DDSM/Calc-Training_P_00548_LEFT_CC_1/09-06-2017-DDSM-84281/1.000000-ROI mask images-11636/1-2.dcm,MG,3,benign,P_00548,left,5,cc,P_00548_LEFT_CC_calcification_1,,,
2517,2,calcification,digitized,4,"[0, 1736, 888, 2888]",4,CLUSTERED,PLEOMORPHIC,./data/CBIS-DDSM/Calc-Training_P_00548_LEFT_CC/08-07-2016-DDSM-42744/1.000000-full mammogram images-14988/1-1.dcm,./data/CBIS-DDSM/Calc-Training_P_00548_LEFT_CC_2/09-06-2017-DDSM-68755/1.000000-ROI mask images-45322/1-2.dcm,MG,3,benign,P_00548,left,5,cc,P_00548_LEFT_CC_calcification_2,,,
2670,3,calcification,digitized,4,"[0, 1464, 636, 2616]",4,CLUSTERED,PLEOMORPHIC,./data/CBIS-DDSM/Calc-Training_P_00548_LEFT_CC/08-07-2016-DDSM-42744/1.000000-full mammogram images-14988/1-1.dcm,./data/CBIS-DDSM/Calc-Training_P_00548_LEFT_CC_3/09-06-2017-DDSM-86537/1.000000-ROI mask images-83197/1-2.dcm,MG,3,benign,P_00548,left,5,cc,P_00548_LEFT_CC_calcification_3,,,
338,1,calcification,digitized,4,"[188, 1820, 1340, 2972]",4,CLUSTERED,PLEOMORPHIC,./data/CBIS-DDSM/Calc-Training_P_00548_LEFT_MLO/08-07-2016-DDSM-04618/1.000000-full mammogram images-08084/1-1.dcm,./data/CBIS-DDSM/Calc-Training_P_00548_LEFT_MLO_1/09-06-2017-DDSM-77883/1.000000-ROI mask images-28013/1-2.dcm,MG,3,benign,P_00548,left,5,mlo,P_00548_LEFT_MLO_calcification_1,,,
1676,2,calcification,digitized,4,"[0, 2360, 1084, 3512]",4,CLUSTERED,PLEOMORPHIC,./data/CBIS-DDSM/Calc-Training_P_00548_LEFT_MLO/08-07-2016-DDSM-04618/1.000000-full mammogram images-08084/1-1.dcm,./data/CBIS-DDSM/Calc-Training_P_00548_LEFT_MLO_2/09-06-2017-DDSM-62615/1.000000-ROI mask images-02829/1-2.dcm,MG,3,benign,P_00548,left,5,mlo,P_00548_LEFT_MLO_calcification_2,,,
2320,3,calcification,digitized,4,"[0, 2564, 760, 3716]",4,CLUSTERED,PLEOMORPHIC,./data/CBIS-DDSM/Calc-Training_P_00548_LEFT_MLO/08-07-2016-DDSM-04618/1.000000-full mammogram images-08084/1-1.dcm,./data/CBIS-DDSM/Calc-Training_P_00548_LEFT_MLO_3/09-06-2017-DDSM-83168/1.000000-ROI mask images-81039/1-2.dcm,MG,3,benign,P_00548,left,5,mlo,P_00548_LEFT_MLO_calcification_3,,,
2188,2,calcification,digitized,2,"[1952, 2512, 3104, 3664]",3,,COARSE-ROUND_AND_REGULAR-LUCENT_CENTERED,./data/CBIS-DDSM/Calc-Training_P_00555_RIGHT_CC/08-07-2016-DDSM-25651/1.000000-full mammogram images-75876/1-1.dcm,./data/CBIS-DDSM/Calc-Training_P_00555_RIGHT_CC_2/09-06-2017-DDSM-80774/1.000000-ROI mask images-17231/1-2.dcm,MG,2,benign,P_00555,right,4,cc,P_00555_RIGHT_CC_calcification_2,,,
3339,1,calcification,digitized,2,"[1936, 768, 3088, 1920]",3,,COARSE-ROUND_AND_REGULAR-LUCENT_CENTERED,./data/CBIS-DDSM/Calc-Training_P_00555_RIGHT_CC/08-07-2016-DDSM-25651/1.000000-full mammogram images-75876/1-1.dcm,./data/CBIS-DDSM/Calc-Training_P_00555_RIGHT_CC_1/09-06-2017-DDSM-82492/1.000000-ROI mask images-37225/1-2.dcm,MG,2,benign,P_00555,right,4,cc,P_00555_RIGHT_CC_calcification_1,,,
297,1,calcification,digitized,2,"[1396, 1348, 2548, 2500]",3,,COARSE-ROUND_AND_REGULAR-LUCENT_CENTERED,./data/CBIS-DDSM/Calc-Training_P_00555_RIGHT_MLO/08-07-2016-DDSM-20702/1.000000-full mammogram images-04437/1-1.dcm,./data/CBIS-DDSM/Calc-Training_P_00555_RIGHT_MLO_1/09-06-2017-DDSM-44693/1.000000-ROI mask images-07355/1-2.dcm,MG,2,benign,P_00555,right,4,mlo,P_00555_RIGHT_MLO_calcification_1,,,
3166,2,calcification,digitized,2,"[1524, 2000, 2676, 3152]",3,,COARSE-ROUND_AND_REGULAR-LUCENT_CENTERED,./data/CBIS-DDSM/Calc-Training_P_00555_RIGHT_MLO/08-07-2016-DDSM-20702/1.000000-full mammogram images-04437/1-1.dcm,./data/CBIS-DDSM/Calc-Training_P_00555_RIGHT_MLO_2/09-06-2017-DDSM-49013/1.000000-ROI mask images-55370/1-2.dcm,MG,2,benign,P_00555,right,4,mlo,P_00555_RIGHT_MLO_calcification_2,,,
1253,2,calcification,digitized,5,"[1492, 2256, 2644, 3408]",2,SEGMENTAL,FINE_LINEAR_BRANCHING,./data/CBIS-DDSM/Calc-Training_P_00601_LEFT_CC/08-07-2016-DDSM-56962/1.000000-full mammogram images-52212/1-1.dcm,./data/CBIS-DDSM/Calc-Training_P_00601_LEFT_CC_2/09-06-2017-DDSM-13873/1.000000-ROI mask images-09786/1-2.dcm,MG,1,malignant,P_00601,left,4,cc,P_00601_LEFT_CC_calcification_2,,,
2826,1,calcification,digitized,5,"[1596, 3172, 2748, 4324]",2,SEGMENTAL,FINE_LINEAR_BRANCHING,./data/CBIS-DDSM/Calc-Training_P_00601_LEFT_MLO/08-07-2016-DDSM-00990/1.000000-full mammogram images-91660/1-1.dcm,./data/CBIS-DDSM/Calc-Training_P_00601_LEFT_MLO_1/09-06-2017-DDSM-32648/1.000000-ROI mask images-03362/1-2.dcm,MG,1,malignant,P_00601,left,4,mlo,P_00601_LEFT_MLO_calcification_1,,,
375,1,calcification,digitized,4,"[2013, 3365, 3076, 4517]",3,SEGMENTAL,PLEOMORPHIC,./data/CBIS-DDSM/Calc-Test_P_00608_LEFT_CC/08-29-2017-DDSM-64794/1.000000-full mammogram images-50921/1-1.dcm,./data/CBIS-DDSM/Calc-Test_P_00608_LEFT_CC_1/08-29-2017-DDSM-33768/1.000000-ROI mask images-67057/1-2.dcm,MG,1,benign,P_00608,left,4,cc,P_00608_LEFT_CC_calcification_1,,,
2412,1,calcification,digitized,4,"[1891, 2915, 3043, 4066]",3,SEGMENTAL,PLEOMORPHIC,./data/CBIS-DDSM/Calc-Test_P_00608_LEFT_MLO/08-29-2017-DDSM-65732/1.000000-full mammogram images-96230/1-1.dcm,./data/CBIS-DDSM/Calc-Test_P_00608_LEFT_MLO_1/08-29-2017-DDSM-10073/1.000000-ROI mask images-10628/1-2.dcm,MG,1,benign,P_00608,left,4,mlo,P_00608_LEFT_MLO_calcification_1,,,
3226,1,calcification,digitized,4,"[1492, 1536, 2644, 2688]",2,SEGMENTAL,PUNCTATE,./data/CBIS-DDSM/Calc-Training_P_00627_LEFT_CC/08-07-2016-DDSM-46829/1.000000-full mammogram images-70313/1-1.dcm,./data/CBIS-DDSM/Calc-Training_P_00627_LEFT_CC_1/09-06-2017-DDSM-09043/1.000000-ROI mask images-02452/1-2.dcm,MG,1,benign,P_00627,left,1,cc,P_00627_LEFT_CC_calcification_1,,,
1548,1,calcification,digitized,2,"[0, 1108, 604, 2260]",3,,PUNCTATE,./data/CBIS-DDSM/Calc-Training_P_00635_LEFT_CC/08-07-2016-DDSM-32355/1.000000-full mammogram images-68432/1-1.dcm,./data/CBIS-DDSM/Calc-Training_P_00635_LEFT_CC_1/09-06-2017-DDSM-70114/1.000000-ROI mask images-51430/1-2.dcm,MG,1,benign,P_00635,left,4,cc,P_00635_LEFT_CC_calcification_1,,,
962,1,calcification,digitized,2,"[56, 1676, 1208, 2828]",3,,PUNCTATE,./data/CBIS-DDSM/Calc-Training_P_00635_LEFT_MLO/08-07-2016-DDSM-87702/1.000000-full mammogram images-64890/1-1.dcm,./data/CBIS-DDSM/Calc-Training_P_00635_LEFT_MLO_1/09-06-2017-DDSM-93548/1.000000-ROI mask images-69210/1-2.dcm,MG,1,benign,P_00635,left,4,mlo,P_00635_LEFT_MLO_calcification_1,,,
2279,2,calcification,digitized,2,"[2276, 2076, 3120, 3228]",3,,LUCENT_CENTER,./data/CBIS-DDSM/Calc-Training_P_00635_RIGHT_CC/08-07-2016-DDSM-55123/1.000000-full mammogram images-75729/1-1.dcm,./data/CBIS-DDSM/Calc-Training_P_00635_RIGHT_CC_2/09-06-2017-DDSM-26322/1.000000-ROI mask images-20681/1-2.dcm,MG,2,benign,P_00635,right,5,cc,P_00635_RIGHT_CC_calcification_2,,,
2840,1,calcification,digitized,2,"[1808, 1888, 2960, 3040]",3,,LUCENT_CENTER,./data/CBIS-DDSM/Calc-Training_P_00635_RIGHT_CC/08-07-2016-DDSM-55123/1.000000-full mammogram images-75729/1-1.dcm,./data/CBIS-DDSM/Calc-Training_P_00635_RIGHT_CC_1/09-06-2017-DDSM-86402/1.000000-ROI mask images-36228/1-2.dcm,MG,2,benign,P_00635,right,5,cc,P_00635_RIGHT_CC_calcification_1,,,
837,1,calcification,digitized,2,"[1520, 2260, 2672, 3412]",3,,LUCENT_CENTER,./data/CBIS-DDSM/Calc-Training_P_00635_RIGHT_MLO/08-07-2016-DDSM-68805/1.000000-full mammogram images-62857/1-1.dcm,./data/CBIS-DDSM/Calc-Training_P_00635_RIGHT_MLO_1/09-06-2017-DDSM-91627/1.000000-ROI mask images-17957/1-2.dcm,MG,2,benign,P_00635,right,5,mlo,P_00635_RIGHT_MLO_calcification_1,,,
3158,2,calcification,digitized,2,"[2224, 2732, 3072, 3884]",3,,LUCENT_CENTER,./data/CBIS-DDSM/Calc-Training_P_00635_RIGHT_MLO/08-07-2016-DDSM-68805/1.000000-full mammogram images-62857/1-1.dcm,./data/CBIS-DDSM/Calc-Training_P_00635_RIGHT_MLO_2/09-06-2017-DDSM-01844/1.000000-ROI mask images-77791/1-2.dcm,MG,2,benign,P_00635,right,5,mlo,P_00635_RIGHT_MLO_calcification_2,,,
2261,1,calcification,digitized,4,"[591, 904, 1743, 2055]",3,LINEAR,FINE_LINEAR_BRANCHING,./data/CBIS-DDSM/Calc-Test_P_00643_LEFT_CC/08-29-2017-DDSM-64188/1.000000-full mammogram images-95497/1-1.dcm,./data/CBIS-DDSM/Calc-Test_P_00643_LEFT_CC_1/08-29-2017-DDSM-26075/1.000000-ROI mask images-73248/1-2.dcm,MG,1,malignant,P_00643,left,3,cc,P_00643_LEFT_CC_calcification_1,,,
3556,1,calcification,digitized,4,"[931, 3024, 2083, 4175]",3,LINEAR,FINE_LINEAR_BRANCHING,./data/CBIS-DDSM/Calc-Test_P_00643_LEFT_MLO/08-29-2017-DDSM-86461/1.000000-full mammogram images-64695/1-1.dcm,./data/CBIS-DDSM/Calc-Test_P_00643_LEFT_MLO_1/08-29-2017-DDSM-53061/1.000000-ROI mask images-83068/1-2.dcm,MG,1,malignant,P_00643,left,3,mlo,P_00643_LEFT_MLO_calcification_1,,,
2480,1,calcification,digitized,5,"[1928, 744, 2656, 1896]",3,CLUSTERED,PLEOMORPHIC,./data/CBIS-DDSM/Calc-Training_P_00684_RIGHT_CC/08-07-2016-DDSM-17668/1.000000-full mammogram images-25737/1-1.dcm,./data/CBIS-DDSM/Calc-Training_P_00684_RIGHT_CC_1/09-06-2017-DDSM-61945/1.000000-ROI mask images-07579/1-2.dcm,MG,1,malignant,P_00684,right,4,cc,P_00684_RIGHT_CC_calcification_1,,,
1778,1,calcification,digitized,5,"[1180, 556, 2332, 1708]",3,CLUSTERED,PLEOMORPHIC,./data/CBIS-DDSM/Calc-Training_P_00684_RIGHT_MLO/08-07-2016-DDSM-05245/1.000000-full mammogram images-78452/1-1.dcm,./data/CBIS-DDSM/Calc-Training_P_00684_RIGHT_MLO_1/09-06-2017-DDSM-52320/1.000000-ROI mask images-47568/1-2.dcm,MG,1,malignant,P_00684,right,4,mlo,P_00684_RIGHT_MLO_calcification_1,,,
1818,1,calcification,digitized,4,"[528, 472, 1680, 1624]",2,CLUSTERED,PUNCTATE-PLEOMORPHIC,./data/CBIS-DDSM/Calc-Training_P_00704_LEFT_CC/08-07-2016-DDSM-36226/1.000000-full mammogram images-32590/1-1.dcm,./data/CBIS-DDSM/Calc-Training_P_00704_LEFT_CC_1/09-06-2017-DDSM-68431/1.000000-ROI mask images-13591/1-2.dcm,MG,1,benign,P_00704,left,3,cc,P_00704_LEFT_CC_calcification_1,,,
1089,1,calcification,digitized,4,"[608, 1680, 1760, 2832]",2,CLUSTERED,PUNCTATE-PLEOMORPHIC,./data/CBIS-DDSM/Calc-Training_P_00704_LEFT_MLO/08-07-2016-DDSM-63209/1.000000-full mammogram images-26561/1-1.dcm,./data/CBIS-DDSM/Calc-Training_P_00704_LEFT_MLO_1/09-06-2017-DDSM-27890/1.000000-ROI mask images-82459/1-2.dcm,MG,1,benign,P_00704,left,3,mlo,P_00704_LEFT_MLO_calcification_1,,,
1582,1,calcification,digitized,2,"[32, 1488, 1184, 2640]",3,,LUCENT_CENTER,./data/CBIS-DDSM/Calc-Training_P_00750_LEFT_CC/08-07-2016-DDSM-04612/1.000000-full mammogram images-32736/1-1.dcm,./data/CBIS-DDSM/Calc-Training_P_00750_LEFT_CC_1/09-06-2017-DDSM-98196/1.000000-ROI mask images-25097/1-2.dcm,MG,1,benign,P_00750,left,4,cc,P_00750_LEFT_CC_calcification_1,,,
1095,1,calcification,digitized,2,"[196, 2088, 1348, 3240]",3,,LUCENT_CENTER,./data/CBIS-DDSM/Calc-Training_P_00750_LEFT_MLO/08-07-2016-DDSM-03529/1.000000-full mammogram images-72399/1-1.dcm,./data/CBIS-DDSM/Calc-Training_P_00750_LEFT_MLO_1/09-06-2017-DDSM-07507/1.000000-ROI mask images-83222/1-2.dcm,MG,1,benign,P_00750,left,4,mlo,P_00750_LEFT_MLO_calcification_1,,,
1620,1,calcification,digitized,2,"[1908, 1364, 3060, 2516]",3,,ROUND_AND_REGULAR-LUCENT_CENTER,./data/CBIS-DDSM/Calc-Training_P_00750_RIGHT_CC/08-07-2016-DDSM-45456/1.000000-full mammogram images-88491/1-1.dcm,./data/CBIS-DDSM/Calc-Training_P_00750_RIGHT_CC_1/09-06-2017-DDSM-37739/1.000000-ROI mask images-70826/1-2.dcm,MG,2,benign,P_00750,right,4,cc,P_00750_RIGHT_CC_calcification_1,,,
2947,2,calcification,digitized,2,"[2052, 1236, 3072, 2388]",3,,ROUND_AND_REGULAR-LUCENT_CENTER,./data/CBIS-DDSM/Calc-Training_P_00750_RIGHT_CC/08-07-2016-DDSM-45456/1.000000-full mammogram images-88491/1-1.dcm,./data/CBIS-DDSM/Calc-Training_P_00750_RIGHT_CC_2/09-06-2017-DDSM-77044/1.000000-ROI mask images-82836/1-2.dcm,MG,2,benign,P_00750,right,4,cc,P_00750_RIGHT_CC_calcification_2,,,
2708,1,calcification,digitized,2,"[1508, 1708, 2660, 2860]",3,,ROUND_AND_REGULAR-LUCENT_CENTER,./data/CBIS-DDSM/Calc-Training_P_00750_RIGHT_MLO/08-07-2016-DDSM-61043/1.000000-full mammogram images-43503/1-1.dcm,./data/CBIS-DDSM/Calc-Training_P_00750_RIGHT_MLO_1/09-06-2017-DDSM-24367/1.000000-ROI mask images-58436/1-2.dcm,MG,2,benign,P_00750,right,4,mlo,P_00750_RIGHT_MLO_calcification_1,,,
3518,2,calcification,digitized,2,"[1564, 1380, 2716, 2532]",3,,ROUND_AND_REGULAR-LUCENT_CENTER,./data/CBIS-DDSM/Calc-Training_P_00750_RIGHT_MLO/08-07-2016-DDSM-61043/1.000000-full mammogram images-43503/1-1.dcm,./data/CBIS-DDSM/Calc-Training_P_00750_RIGHT_MLO_2/09-06-2017-DDSM-16713/1.000000-ROI mask images-15934/1-2.dcm,MG,2,benign,P_00750,right,4,mlo,P_00750_RIGHT_MLO_calcification_2,,,
2596,1,calcification,digitized,4,"[1638, 2304, 2536, 3456]",4,CLUSTERED,PLEOMORPHIC,./data/CBIS-DDSM/Calc-Training_P_00757_LEFT_MLO/08-07-2016-DDSM-37893/1.000000-full mammogram images-87548/1-1.dcm,./data/CBIS-DDSM/Calc-Training_P_00757_LEFT_MLO_1/09-06-2017-DDSM-09006/1.000000-ROI mask images-77766/1-2.dcm,MG,1,benign,P_00757,left,4,mlo,P_00757_LEFT_MLO_calcification_1,,,
2350,1,calcification,digitized,2,"[1392, 2328, 2544, 3480]",4,,LUCENT_CENTER,./data/CBIS-DDSM/Calc-Training_P_00840_RIGHT_CC/08-07-2016-DDSM-48372/1.000000-full mammogram images-58508/1-1.dcm,./data/CBIS-DDSM/Calc-Training_P_00840_RIGHT_CC_1/09-06-2017-DDSM-24207/1.000000-ROI mask images-51428/1-2.dcm,MG,1,benign,P_00840,right,3,cc,P_00840_RIGHT_CC_calcification_1,,,
732,1,calcification,digitized,2,"[1220, 2040, 2372, 3192]",4,,LUCENT_CENTER,./data/CBIS-DDSM/Calc-Training_P_00840_RIGHT_MLO/08-07-2016-DDSM-94517/1.000000-full mammogram images-62441/1-1.dcm,./data/CBIS-DDSM/Calc-Training_P_00840_RIGHT_MLO_1/09-06-2017-DDSM-22409/1.000000-ROI mask images-70743/1-2.dcm,MG,1,benign,P_00840,right,3,mlo,P_00840_RIGHT_MLO_calcification_1,,,
2228,1,calcification,digitized,4,"[1992, 1348, 2640, 2500]",2,CLUSTERED,PLEOMORPHIC,./data/CBIS-DDSM/Calc-Training_P_00861_RIGHT_CC/08-07-2016-DDSM-88697/1.000000-full mammogram images-69122/1-1.dcm,./data/CBIS-DDSM/Calc-Training_P_00861_RIGHT_CC_1/09-06-2017-DDSM-71857/1.000000-ROI mask images-01758/1-2.dcm,MG,1,malignant,P_00861,right,4,cc,P_00861_RIGHT_CC_calcification_1,,,
2007,1,calcification,digitized,4,"[1288, 1000, 2440, 2152]",2,CLUSTERED,PLEOMORPHIC,./data/CBIS-DDSM/Calc-Training_P_00861_RIGHT_MLO/08-07-2016-DDSM-35042/1.000000-full mammogram images-78793/1-1.dcm,./data/CBIS-DDSM/Calc-Training_P_00861_RIGHT_MLO_1/09-06-2017-DDSM-43939/1.000000-ROI mask images-47709/1-2.dcm,MG,1,malignant,P_00861,right,4,mlo,P_00861_RIGHT_MLO_calcification_1,,,
798,1,calcification,digitized,4,"[1179, 1136, 2326, 2288]",4,CLUSTERED,PUNCTATE,./data/CBIS-DDSM/Calc-Training_P_00862_LEFT_CC/08-07-2016-DDSM-48194/1.000000-full mammogram images-15315/1-1.dcm,./data/CBIS-DDSM/Calc-Training_P_00862_LEFT_CC_1/09-06-2017-DDSM-77284/1.000000-ROI mask images-63511/1-2.dcm,MG,1,malignant,P_00862,left,1,cc,P_00862_LEFT_CC_calcification_1,,,
934,1,calcification,digitized,4,"[774, 1949, 1925, 3100]",4,CLUSTERED,PUNCTATE,./data/CBIS-DDSM/Calc-Training_P_00862_LEFT_MLO/08-07-2016-DDSM-88576/1.000000-full mammogram images-86242/1-1.dcm,./data/CBIS-DDSM/Calc-Training_P_00862_LEFT_MLO_1/09-06-2017-DDSM-13581/1.000000-ROI mask images-72020/1-2.dcm,MG,1,malignant,P_00862,left,1,mlo,P_00862_LEFT_MLO_calcification_1,,,
267,1,calcification,digitized,4,"[1120, 2608, 2272, 3760]",2,CLUSTERED,PLEOMORPHIC-FINE_LINEAR_BRANCHING,./data/CBIS-DDSM/Calc-Training_P_00877_LEFT_CC/08-07-2016-DDSM-89315/1.000000-full mammogram images-83311/1-1.dcm,./data/CBIS-DDSM/Calc-Training_P_00877_LEFT_CC_1/09-06-2017-DDSM-60735/1.000000-ROI mask images-36863/1-2.dcm,MG,2,benign,P_00877,left,2,cc,P_00877_LEFT_CC_calcification_1,,,
1348,2,calcification,digitized,4,"[320, 2612, 1472, 3764]",2,CLUSTERED,PLEOMORPHIC,./data/CBIS-DDSM/Calc-Training_P_00877_LEFT_CC/08-07-2016-DDSM-89315/1.000000-full mammogram images-83311/1-1.dcm,./data/CBIS-DDSM/Calc-Training_P_00877_LEFT_CC_2/09-06-2017-DDSM-16551/1.000000-ROI mask images-43815/1-2.dcm,MG,2,benign,P_00877,left,4,cc,P_00877_LEFT_CC_calcification_2,,,
1986,2,calcification,digitized,4,"[468, 3492, 1620, 4644]",2,CLUSTERED,PLEOMORPHIC,./data/CBIS-DDSM/Calc-Training_P_00877_LEFT_MLO/08-07-2016-DDSM-50991/1.000000-full mammogram images-64551/1-1.dcm,./data/CBIS-DDSM/Calc-Training_P_00877_LEFT_MLO_2/09-06-2017-DDSM-65186/1.000000-ROI mask images-33734/1-2.dcm,MG,2,benign,P_00877,left,4,mlo,P_00877_LEFT_MLO_calcification_2,,,
3088,1,calcification,digitized,4,"[1336, 3440, 2488, 4592]",2,CLUSTERED-LINEAR,FINE_LINEAR_BRANCHING,./data/CBIS-DDSM/Calc-Training_P_00877_LEFT_MLO/08-07-2016-DDSM-50991/1.000000-full mammogram images-64551/1-1.dcm,./data/CBIS-DDSM/Calc-Training_P_00877_LEFT_MLO_1/09-06-2017-DDSM-11875/1.000000-ROI mask images-36982/1-2.dcm,MG,2,benign,P_00877,left,2,mlo,P_00877_LEFT_MLO_calcification_1,,,
2315,1,calcification,digitized,4,"[220, 2672, 1372, 3824]",2,CLUSTERED,PLEOMORPHIC,./data/CBIS-DDSM/Calc-Test_P_00919_RIGHT_CC/08-29-2017-DDSM-19979/1.000000-full mammogram images-78527/1-1.dcm,./data/CBIS-DDSM/Calc-Test_P_00919_RIGHT_CC_1/08-29-2017-DDSM-56950/1.000000-ROI mask images-44947/1-2.dcm,MG,1,malignant,P_00919,right,1,cc,P_00919_RIGHT_CC_calcification_1,,,
1713,1,calcification,digitized,4,"[260, 2769, 1412, 3921]",2,CLUSTERED,PLEOMORPHIC,./data/CBIS-DDSM/Calc-Test_P_00919_RIGHT_MLO/08-29-2017-DDSM-35920/1.000000-full mammogram images-76390/1-1.dcm,./data/CBIS-DDSM/Calc-Test_P_00919_RIGHT_MLO_1/08-29-2017-DDSM-79562/1.000000-ROI mask images-88675/1-2.dcm,MG,1,malignant,P_00919,right,1,mlo,P_00919_RIGHT_MLO_calcification_1,,,
3441,1,calcification,digitized,4,"[1580, 1212, 2732, 2364]",3,CLUSTERED,PLEOMORPHIC,./data/CBIS-DDSM/Calc-Training_P_00923_RIGHT_CC/08-07-2016-DDSM-74834/1.000000-full mammogram images-52718/1-1.dcm,./data/CBIS-DDSM/Calc-Training_P_00923_RIGHT_CC_1/09-06-2017-DDSM-39457/1.000000-ROI mask images-16351/1-2.dcm,MG,1,benign,P_00923,right,3,cc,P_00923_RIGHT_CC_calcification_1,,,
1900,1,calcification,digitized,4,"[1572, 2232, 2724, 3384]",3,CLUSTERED,PLEOMORPHIC,./data/CBIS-DDSM/Calc-Training_P_00923_RIGHT_MLO/08-07-2016-DDSM-89477/1.000000-full mammogram images-52350/1-1.dcm,./data/CBIS-DDSM/Calc-Training_P_00923_RIGHT_MLO_1/09-06-2017-DDSM-66190/1.000000-ROI mask images-64887/1-2.dcm,MG,1,benign,P_00923,right,3,mlo,P_00923_RIGHT_MLO_calcification_1,,,
1094,1,calcification,digitized,5,"[1192, 1800, 2344, 2952]",3,CLUSTERED,AMORPHOUS,./data/CBIS-DDSM/Calc-Training_P_00925_RIGHT_CC/08-07-2016-DDSM-49328/1.000000-full mammogram images-56604/1-1.dcm,./data/CBIS-DDSM/Calc-Training_P_00925_RIGHT_CC_1/09-06-2017-DDSM-92394/1.000000-ROI mask images-40499/1-2.dcm,MG,1,malignant,P_00925,right,5,cc,P_00925_RIGHT_CC_calcification_1,,,
253,1,calcification,digitized,5,"[908, 1244, 2060, 2396]",3,CLUSTERED,AMORPHOUS,./data/CBIS-DDSM/Calc-Training_P_00925_RIGHT_MLO/08-07-2016-DDSM-51254/1.000000-full mammogram images-50840/1-1.dcm,./data/CBIS-DDSM/Calc-Training_P_00925_RIGHT_MLO_1/09-06-2017-DDSM-32529/1.000000-ROI mask images-63148/1-2.dcm,MG,1,malignant,P_00925,right,5,mlo,P_00925_RIGHT_MLO_calcification_1,,,
2701,1,calcification,digitized,5,"[276, 2248, 1428, 3400]",3,SEGMENTAL,PLEOMORPHIC,./data/CBIS-DDSM/Calc-Training_P_00937_LEFT_CC/08-07-2016-DDSM-40006/1.000000-full mammogram images-82603/1-1.dcm,./data/CBIS-DDSM/Calc-Training_P_00937_LEFT_CC_1/09-06-2017-DDSM-72198/1.000000-ROI mask images-63673/1-2.dcm,MG,1,malignant,P_00937,left,5,cc,P_00937_LEFT_CC_calcification_1,,,
2280,1,calcification,digitized,5,"[440, 2120, 1592, 3272]",3,SEGMENTAL,PLEOMORPHIC,./data/CBIS-DDSM/Calc-Training_P_00937_LEFT_MLO/08-07-2016-DDSM-34917/1.000000-full mammogram images-49618/1-1.dcm,./data/CBIS-DDSM/Calc-Training_P_00937_LEFT_MLO_1/09-06-2017-DDSM-91964/1.000000-ROI mask images-02152/1-2.dcm,MG,1,malignant,P_00937,left,5,mlo,P_00937_LEFT_MLO_calcification_1,,,
440,1,calcification,digitized,4,"[1832, 1288, 2984, 2440]",3,CLUSTERED,AMORPHOUS,./data/CBIS-DDSM/Calc-Training_P_00937_RIGHT_CC/08-07-2016-DDSM-06632/1.000000-full mammogram images-56393/1-1.dcm,./data/CBIS-DDSM/Calc-Training_P_00937_RIGHT_CC_1/09-06-2017-DDSM-08884/1.000000-ROI mask images-02775/1-2.dcm,MG,2,malignant,P_00937,right,3,cc,P_00937_RIGHT_CC_calcification_1,,,
989,2,calcification,digitized,4,"[1248, 1996, 2400, 3148]",3,CLUSTERED,AMORPHOUS,./data/CBIS-DDSM/Calc-Training_P_00937_RIGHT_CC/08-07-2016-DDSM-06632/1.000000-full mammogram images-56393/1-1.dcm,./data/CBIS-DDSM/Calc-Training_P_00937_RIGHT_CC_2/09-06-2017-DDSM-79792/1.000000-ROI mask images-40118/1-2.dcm,MG,2,benign,P_00937,right,3,cc,P_00937_RIGHT_CC_calcification_2,,,
2343,2,calcification,digitized,4,"[1232, 2916, 2384, 4068]",3,CLUSTERED,AMORPHOUS,./data/CBIS-DDSM/Calc-Training_P_00937_RIGHT_MLO/08-07-2016-DDSM-82936/1.000000-full mammogram images-64106/1-1.dcm,./data/CBIS-DDSM/Calc-Training_P_00937_RIGHT_MLO_2/09-06-2017-DDSM-68819/1.000000-ROI mask images-80727/1-2.dcm,MG,2,benign,P_00937,right,3,mlo,P_00937_RIGHT_MLO_calcification_2,,,
3491,1,calcification,digitized,4,"[1372, 1832, 2524, 2984]",3,CLUSTERED,AMORPHOUS,./data/CBIS-DDSM/Calc-Training_P_00937_RIGHT_MLO/08-07-2016-DDSM-82936/1.000000-full mammogram images-64106/1-1.dcm,./data/CBIS-DDSM/Calc-Training_P_00937_RIGHT_MLO_1/09-06-2017-DDSM-42499/1.000000-ROI mask images-26824/1-2.dcm,MG,2,malignant,P_00937,right,3,mlo,P_00937_RIGHT_MLO_calcification_1,,,
3038,1,calcification,digitized,4,"[2423, 2758, 3574, 3909]",2,CLUSTERED,PLEOMORPHIC,./data/CBIS-DDSM/Calc-Training_P_00965_LEFT_CC/08-07-2016-DDSM-88562/1.000000-full mammogram images-66700/1-1.dcm,./data/CBIS-DDSM/Calc-Training_P_00965_LEFT_CC_1/09-06-2017-DDSM-16813/1.000000-ROI mask images-64768/1-2.dcm,MG,1,benign,P_00965,left,2,cc,P_00965_LEFT_CC_calcification_1,,,
286,1,calcification,digitized,4,"[2831, 4300, 3983, 5452]",2,CLUSTERED,PLEOMORPHIC,./data/CBIS-DDSM/Calc-Training_P_00965_LEFT_MLO/08-07-2016-DDSM-24102/1.000000-full mammogram images-51984/1-1.dcm,./data/CBIS-DDSM/Calc-Training_P_00965_LEFT_MLO_1/09-06-2017-DDSM-12121/1.000000-ROI mask images-97496/1-2.dcm,MG,1,benign,P_00965,left,2,mlo,P_00965_LEFT_MLO_calcification_1,,,
3469,1,calcification,digitized,4,"[1464, 3144, 2616, 4296]",2,CLUSTERED,PLEOMORPHIC,./data/CBIS-DDSM/Calc-Training_P_00971_RIGHT_MLO/08-07-2016-DDSM-71900/1.000000-full mammogram images-58246/1-1.dcm,./data/CBIS-DDSM/Calc-Training_P_00971_RIGHT_MLO_1/09-06-2017-DDSM-94065/1.000000-ROI mask images-75901/1-2.dcm,MG,1,malignant,P_00971,right,4,mlo,P_00971_RIGHT_MLO_calcification_1,,,
1134,2,calcification,digitized,3,"[1220, 1068, 2372, 2220]",3,CLUSTERED,PUNCTATE-PLEOMORPHIC,./data/CBIS-DDSM/Calc-Training_P_00989_RIGHT_CC/08-07-2016-DDSM-63316/1.000000-full mammogram images-90641/1-1.dcm,./data/CBIS-DDSM/Calc-Training_P_00989_RIGHT_CC_2/09-06-2017-DDSM-70163/1.000000-ROI mask images-61153/1-2.dcm,MG,2,malignant,P_00989,right,2,cc,P_00989_RIGHT_CC_calcification_2,,,
1652,1,calcification,digitized,3,"[1476, 884, 2628, 2036]",3,CLUSTERED,PUNCTATE-PLEOMORPHIC,./data/CBIS-DDSM/Calc-Training_P_00989_RIGHT_CC/08-07-2016-DDSM-63316/1.000000-full mammogram images-90641/1-1.dcm,./data/CBIS-DDSM/Calc-Training_P_00989_RIGHT_CC_1/09-06-2017-DDSM-25170/1.000000-ROI mask images-60517/1-2.dcm,MG,2,malignant,P_00989,right,2,cc,P_00989_RIGHT_CC_calcification_1,,,
1683,1,calcification,digitized,3,"[1196, 1476, 2348, 2628]",3,CLUSTERED,PUNCTATE-PLEOMORPHIC,./data/CBIS-DDSM/Calc-Training_P_00989_RIGHT_MLO/08-07-2016-DDSM-93689/1.000000-full mammogram images-53582/1-1.dcm,./data/CBIS-DDSM/Calc-Training_P_00989_RIGHT_MLO_1/09-06-2017-DDSM-60258/1.000000-ROI mask images-26918/1-2.dcm,MG,1,malignant,P_00989,right,2,mlo,P_00989_RIGHT_MLO_calcification_1,,,
1267,1,calcification,digitized,2,"[372, 888, 1524, 2040]",2,,LUCENT_CENTER,./data/CBIS-DDSM/Calc-Training_P_00991_LEFT_CC/08-07-2016-DDSM-91484/1.000000-full mammogram images-97200/1-1.dcm,./data/CBIS-DDSM/Calc-Training_P_00991_LEFT_CC_1/09-06-2017-DDSM-27663/1.000000-ROI mask images-14569/1-2.dcm,MG,1,benign,P_00991,left,4,cc,P_00991_LEFT_CC_calcification_1,,,
2775,1,calcification,digitized,2,"[644, 1968, 1796, 3120]",2,,LUCENT_CENTER,./data/CBIS-DDSM/Calc-Training_P_00991_LEFT_MLO/08-07-2016-DDSM-20827/1.000000-full mammogram images-21272/1-1.dcm,./data/CBIS-DDSM/Calc-Training_P_00991_LEFT_MLO_1/09-06-2017-DDSM-17647/1.000000-ROI mask images-02877/1-2.dcm,MG,1,benign,P_00991,left,4,mlo,P_00991_LEFT_MLO_calcification_1,,,
2162,1,calcification,digitized,4,"[1194, 4159, 2346, 5311]",4,LINEAR,PLEOMORPHIC,./data/CBIS-DDSM/Calc-Training_P_00998_LEFT_CC/08-07-2016-DDSM-20487/1.000000-full mammogram images-46365/1-1.dcm,./data/CBIS-DDSM/Calc-Training_P_00998_LEFT_CC_1/09-06-2017-DDSM-94302/1.000000-ROI mask images-06003/1-2.dcm,MG,1,malignant,P_00998,left,1,cc,P_00998_LEFT_CC_calcification_1,,,
2594,1,calcification,digitized,4,"[989, 844, 1951, 1996]",4,CLUSTERED,AMORPHOUS,./data/CBIS-DDSM/Calc-Test_P_01006_LEFT_CC/08-29-2017-DDSM-46095/1.000000-full mammogram images-81460/1-1.dcm,./data/CBIS-DDSM/Calc-Test_P_01006_LEFT_CC_1/08-29-2017-DDSM-18511/1.000000-ROI mask images-02059/1-2.dcm,MG,1,benign,P_01006,left,1,cc,P_01006_LEFT_CC_calcification_1,,,
3115,1,calcification,digitized,4,"[938, 2808, 1996, 3960]",4,CLUSTERED,AMORPHOUS,./data/CBIS-DDSM/Calc-Test_P_01006_LEFT_MLO/08-29-2017-DDSM-24100/1.000000-full mammogram images-89156/1-1.dcm,./data/CBIS-DDSM/Calc-Test_P_01006_LEFT_MLO_1/08-29-2017-DDSM-49806/1.000000-ROI mask images-80323/1-2.dcm,MG,1,benign,P_01006,left,1,mlo,P_01006_LEFT_MLO_calcification_1,,,
1819,1,calcification,digitized,4,"[488, 2184, 1640, 3336]",2,REGIONAL-REGIONAL,PLEOMORPHIC-PLEOMORPHIC,./data/CBIS-DDSM/Calc-Training_P_01034_LEFT_CC/08-07-2016-DDSM-03508/1.000000-full mammogram images-20248/1-1.dcm,./data/CBIS-DDSM/Calc-Training_P_01034_LEFT_CC_1/09-06-2017-DDSM-42987/1.000000-ROI mask images-48574/1-2.dcm,MG,2,benign,P_01034,left,4,cc,P_01034_LEFT_CC_calcification_1,,,
2960,2,calcification,digitized,4,"[992, 2684, 2144, 3836]",2,REGIONAL,PLEOMORPHIC,./data/CBIS-DDSM/Calc-Training_P_01034_LEFT_CC/08-07-2016-DDSM-03508/1.000000-full mammogram images-20248/1-1.dcm,./data/CBIS-DDSM/Calc-Training_P_01034_LEFT_CC_2/09-06-2017-DDSM-84698/1.000000-ROI mask images-77743/1-2.dcm,MG,2,benign,P_01034,left,4,cc,P_01034_LEFT_CC_calcification_2,,,
2122,1,calcification,digitized,4,"[680, 2760, 1832, 3912]",2,REGIONAL,PLEOMORPHIC,./data/CBIS-DDSM/Calc-Training_P_01034_LEFT_MLO/08-07-2016-DDSM-09049/1.000000-full mammogram images-76958/1-1.dcm,./data/CBIS-DDSM/Calc-Training_P_01034_LEFT_MLO_1/09-06-2017-DDSM-20137/1.000000-ROI mask images-28965/1-2.dcm,MG,3,benign,P_01034,left,4,mlo,P_01034_LEFT_MLO_calcification_1,,,
2459,3,calcification,digitized,4,"[792, 3920, 1944, 5072]",2,REGIONAL,PLEOMORPHIC,./data/CBIS-DDSM/Calc-Training_P_01034_LEFT_MLO/08-07-2016-DDSM-09049/1.000000-full mammogram images-76958/1-1.dcm,./data/CBIS-DDSM/Calc-Training_P_01034_LEFT_MLO_3/09-06-2017-DDSM-16477/1.000000-ROI mask images-35817/1-2.dcm,MG,3,benign,P_01034,left,4,mlo,P_01034_LEFT_MLO_calcification_3,,,
2884,2,calcification,digitized,4,"[652, 3572, 1804, 4724]",2,REGIONAL,PLEOMORPHIC,./data/CBIS-DDSM/Calc-Training_P_01034_LEFT_MLO/08-07-2016-DDSM-09049/1.000000-full mammogram images-76958/1-1.dcm,./data/CBIS-DDSM/Calc-Training_P_01034_LEFT_MLO_2/09-06-2017-DDSM-96712/1.000000-ROI mask images-58624/1-2.dcm,MG,3,benign,P_01034,left,4,mlo,P_01034_LEFT_MLO_calcification_2,,,
1893,1,calcification,digitized,4,"[1640, 1496, 2792, 2648]",2,CLUSTERED,PLEOMORPHIC,./data/CBIS-DDSM/Calc-Test_P_01042_RIGHT_CC/08-29-2017-DDSM-21605/1.000000-full mammogram images-89170/1-1.dcm,./data/CBIS-DDSM/Calc-Test_P_01042_RIGHT_CC_1/08-29-2017-DDSM-48650/1.000000-ROI mask images-65304/1-2.dcm,MG,1,benign,P_01042,right,5,cc,P_01042_RIGHT_CC_calcification_1,,,
2399,1,calcification,digitized,4,"[964, 1112, 2116, 2264]",2,CLUSTERED,PLEOMORPHIC,./data/CBIS-DDSM/Calc-Test_P_01042_RIGHT_MLO/08-29-2017-DDSM-00731/1.000000-full mammogram images-77498/1-1.dcm,./data/CBIS-DDSM/Calc-Test_P_01042_RIGHT_MLO_1/08-29-2017-DDSM-19142/1.000000-ROI mask images-04652/1-2.dcm,MG,1,benign,P_01042,right,5,mlo,P_01042_RIGHT_MLO_calcification_1,,,
39,1,calcification,digitized,4,"[0, 785, 824, 1937]",4,CLUSTERED,PLEOMORPHIC,./data/CBIS-DDSM/Calc-Training_P_01056_RIGHT_CC/08-07-2016-DDSM-43507/1.000000-full mammogram images-78387/1-1.dcm,./data/CBIS-DDSM/Calc-Training_P_01056_RIGHT_CC_1/09-06-2017-DDSM-16316/1.000000-ROI mask images-67678/1-2.dcm,MG,1,benign,P_01056,right,1,cc,P_01056_RIGHT_CC_calcification_1,,,
2165,1,calcification,digitized,4,"[68, 1836, 1220, 2988]",4,CLUSTERED,PLEOMORPHIC,./data/CBIS-DDSM/Calc-Training_P_01056_RIGHT_MLO/08-07-2016-DDSM-94288/1.000000-full mammogram images-83382/1-1.dcm,./data/CBIS-DDSM/Calc-Training_P_01056_RIGHT_MLO_1/09-06-2017-DDSM-29630/1.000000-ROI mask images-95567/1-2.dcm,MG,1,benign,P_01056,right,1,mlo,P_01056_RIGHT_MLO_calcification_1,,,
1143,1,calcification,digitized,4,"[168, 964, 1320, 2116]",3,CLUSTERED,PLEOMORPHIC,./data/CBIS-DDSM/Calc-Test_P_01058_LEFT_CC/08-29-2017-DDSM-09749/1.000000-full mammogram images-19959/1-1.dcm,./data/CBIS-DDSM/Calc-Test_P_01058_LEFT_CC_1/08-29-2017-DDSM-81999/1.000000-ROI mask images-73558/1-2.dcm,MG,1,malignant,P_01058,left,3,cc,P_01058_LEFT_CC_calcification_1,,,
285,1,calcification,digitized,4,"[736, 1228, 1888, 2380]",3,CLUSTERED,PLEOMORPHIC,./data/CBIS-DDSM/Calc-Test_P_01058_LEFT_MLO/08-29-2017-DDSM-85107/1.000000-full mammogram images-31263/1-1.dcm,./data/CBIS-DDSM/Calc-Test_P_01058_LEFT_MLO_1/08-29-2017-DDSM-71695/1.000000-ROI mask images-71745/1-2.dcm,MG,1,malignant,P_01058,left,3,mlo,P_01058_LEFT_MLO_calcification_1,,,
1195,1,calcification,digitized,5,"[0, 2996, 736, 4147]",2,CLUSTERED,PLEOMORPHIC,./data/CBIS-DDSM/Calc-Test_P_01067_LEFT_CC/08-29-2017-DDSM-00104/1.000000-full mammogram images-31226/1-1.dcm,./data/CBIS-DDSM/Calc-Test_P_01067_LEFT_CC_1/08-29-2017-DDSM-56621/1.000000-ROI mask images-40637/1-2.dcm,MG,1,malignant,P_01067,left,4,cc,P_01067_LEFT_CC_calcification_1,,,
1435,1,calcification,digitized,5,"[0, 3332, 736, 4484]",2,CLUSTERED,PLEOMORPHIC,./data/CBIS-DDSM/Calc-Test_P_01067_LEFT_MLO/08-29-2017-DDSM-61546/1.000000-full mammogram images-32700/1-1.dcm,./data/CBIS-DDSM/Calc-Test_P_01067_LEFT_MLO_1/08-29-2017-DDSM-10737/1.000000-ROI mask images-51011/1-2.dcm,MG,1,malignant,P_01067,left,4,mlo,P_01067_LEFT_MLO_calcification_1,,,
2727,1,calcification,digitized,3,"[1560, 2668, 2712, 3820]",4,CLUSTERED,DYSTROPHIC,./data/CBIS-DDSM/Calc-Training_P_01073_RIGHT_CC/08-07-2016-DDSM-09932/1.000000-full mammogram images-13751/1-1.dcm,./data/CBIS-DDSM/Calc-Training_P_01073_RIGHT_CC_1/09-06-2017-DDSM-28973/1.000000-ROI mask images-22370/1-2.dcm,MG,1,benign,P_01073,right,5,cc,P_01073_RIGHT_CC_calcification_1,,,
3220,1,calcification,digitized,3,"[1632, 2832, 2784, 3984]",4,CLUSTERED,DYSTROPHIC,./data/CBIS-DDSM/Calc-Training_P_01073_RIGHT_MLO/08-07-2016-DDSM-16585/1.000000-full mammogram images-02345/1-1.dcm,./data/CBIS-DDSM/Calc-Training_P_01073_RIGHT_MLO_1/09-06-2017-DDSM-41229/1.000000-ROI mask images-54944/1-2.dcm,MG,1,benign,P_01073,right,5,mlo,P_01073_RIGHT_MLO_calcification_1,,,
1362,1,calcification,digitized,4,"[1592, 2544, 2744, 3696]",1,CLUSTERED,PLEOMORPHIC,./data/CBIS-DDSM/Calc-Training_P_01129_RIGHT_CC/08-07-2016-DDSM-63057/1.000000-full mammogram images-23250/1-1.dcm,./data/CBIS-DDSM/Calc-Training_P_01129_RIGHT_CC_1/09-06-2017-DDSM-91476/1.000000-ROI mask images-49137/1-2.dcm,MG,1,malignant,P_01129,right,3,cc,P_01129_RIGHT_CC_calcification_1,,,
2106,1,calcification,digitized,4,"[940, 2372, 2092, 3524]",1,CLUSTERED,PLEOMORPHIC,./data/CBIS-DDSM/Calc-Training_P_01129_RIGHT_MLO/08-07-2016-DDSM-81553/1.000000-full mammogram images-91038/1-1.dcm,./data/CBIS-DDSM/Calc-Training_P_01129_RIGHT_MLO_1/09-06-2017-DDSM-67107/1.000000-ROI mask images-00697/1-2.dcm,MG,1,malignant,P_01129,right,3,mlo,P_01129_RIGHT_MLO_calcification_1,,,
1611,1,calcification,digitized,4,"[0, 2220, 1112, 3372]",2,CLUSTERED,PLEOMORPHIC,./data/CBIS-DDSM/Calc-Test_P_01132_RIGHT_MLO/08-29-2017-DDSM-06706/1.000000-full mammogram images-71180/1-1.dcm,./data/CBIS-DDSM/Calc-Test_P_01132_RIGHT_MLO_1/08-29-2017-DDSM-69619/1.000000-ROI mask images-48068/1-2.dcm,MG,1,benign,P_01132,right,3,mlo,P_01132_RIGHT_MLO_calcification_1,,,
10,1,calcification,digitized,4,"[0, 800, 972, 1952]",2,LINEAR,FINE_LINEAR_BRANCHING,./data/CBIS-DDSM/Calc-Training_P_01160_LEFT_CC/08-07-2016-DDSM-71349/1.000000-full mammogram images-98070/1-1.dcm,./data/CBIS-DDSM/Calc-Training_P_01160_LEFT_CC_1/09-06-2017-DDSM-69679/1.000000-ROI mask images-81921/1-2.dcm,MG,2,benign,P_01160,left,4,cc,P_01160_LEFT_CC_calcification_1,,,
2301,2,calcification,digitized,4,"[164, 1608, 1316, 2759]",2,LINEAR,FINE_LINEAR_BRANCHING,./data/CBIS-DDSM/Calc-Training_P_01160_LEFT_CC/08-07-2016-DDSM-71349/1.000000-full mammogram images-98070/1-1.dcm,./data/CBIS-DDSM/Calc-Training_P_01160_LEFT_CC_2/09-06-2017-DDSM-59708/1.000000-ROI mask images-70950/1-2.dcm,MG,2,benign,P_01160,left,4,cc,P_01160_LEFT_CC_calcification_2,,,
901,1,calcification,digitized,4,"[520, 1168, 1672, 2320]",2,LINEAR,FINE_LINEAR_BRANCHING,./data/CBIS-DDSM/Calc-Training_P_01160_LEFT_MLO/08-07-2016-DDSM-87243/1.000000-full mammogram images-34892/1-1.dcm,./data/CBIS-DDSM/Calc-Training_P_01160_LEFT_MLO_1/09-06-2017-DDSM-00305/1.000000-ROI mask images-24333/1-2.dcm,MG,1,benign,P_01160,left,4,mlo,P_01160_LEFT_MLO_calcification_1,,,
149,1,calcification,digitized,4,"[1828, 548, 2808, 1700]",2,LINEAR,FINE_LINEAR_BRANCHING,./data/CBIS-DDSM/Calc-Training_P_01160_RIGHT_CC/08-07-2016-DDSM-95499/1.000000-full mammogram images-27157/1-1.dcm,./data/CBIS-DDSM/Calc-Training_P_01160_RIGHT_CC_1/09-06-2017-DDSM-22171/1.000000-ROI mask images-08321/1-2.dcm,MG,1,benign,P_01160,right,4,cc,P_01160_RIGHT_CC_calcification_1,,,
392,1,calcification,digitized,4,"[1136, 1112, 2288, 2264]",2,LINEAR,FINE_LINEAR_BRANCHING,./data/CBIS-DDSM/Calc-Training_P_01160_RIGHT_MLO/08-07-2016-DDSM-16768/1.000000-full mammogram images-42478/1-1.dcm,./data/CBIS-DDSM/Calc-Training_P_01160_RIGHT_MLO_1/09-06-2017-DDSM-77093/1.000000-ROI mask images-91726/1-2.dcm,MG,1,benign,P_01160,right,4,mlo,P_01160_RIGHT_MLO_calcification_1,,,
3335,1,calcification,digitized,4,"[1452, 2488, 2604, 3640]",4,SEGMENTAL,PLEOMORPHIC,./data/CBIS-DDSM/Calc-Training_P_01196_LEFT_MLO/08-07-2016-DDSM-76566/1.000000-full mammogram images-18949/1-1.dcm,./data/CBIS-DDSM/Calc-Training_P_01196_LEFT_MLO_1/09-06-2017-DDSM-26476/1.000000-ROI mask images-11366/1-2.dcm,MG,1,malignant,P_01196,left,2,mlo,P_01196_LEFT_MLO_calcification_1,,,
3538,1,calcification,digitized,2,"[324, 1524, 1476, 2676]",3,,COARSE-ROUND_AND_REGULAR,./data/CBIS-DDSM/Calc-Test_P_01211_LEFT_CC/08-29-2017-DDSM-31740/1.000000-full mammogram images-61390/1-1.dcm,./data/CBIS-DDSM/Calc-Test_P_01211_LEFT_CC_1/08-29-2017-DDSM-91759/1.000000-ROI mask images-56321/1-2.dcm,MG,1,benign,P_01211,left,5,cc,P_01211_LEFT_CC_calcification_1,,,
970,1,calcification,digitized,2,"[460, 2356, 1612, 3508]",3,,COARSE-ROUND_AND_REGULAR,./data/CBIS-DDSM/Calc-Test_P_01211_LEFT_MLO/08-29-2017-DDSM-04127/1.000000-full mammogram images-32280/1-1.dcm,./data/CBIS-DDSM/Calc-Test_P_01211_LEFT_MLO_1/08-29-2017-DDSM-66193/1.000000-ROI mask images-97356/1-2.dcm,MG,1,benign,P_01211,left,5,mlo,P_01211_LEFT_MLO_calcification_1,,,
56,1,calcification,digitized,2,"[1800, 632, 2952, 1784]",3,,LUCENT_CENTER,./data/CBIS-DDSM/Calc-Test_P_01211_RIGHT_CC/08-29-2017-DDSM-85670/1.000000-full mammogram images-47703/1-1.dcm,./data/CBIS-DDSM/Calc-Test_P_01211_RIGHT_CC_1/08-29-2017-DDSM-19696/1.000000-ROI mask images-88640/1-2.dcm,MG,2,benign,P_01211,right,5,cc,P_01211_RIGHT_CC_calcification_1,,,
2254,2,calcification,digitized,2,"[1416, 3004, 2568, 4156]",3,,LUCENT_CENTER,./data/CBIS-DDSM/Calc-Test_P_01211_RIGHT_CC/08-29-2017-DDSM-85670/1.000000-full mammogram images-47703/1-1.dcm,./data/CBIS-DDSM/Calc-Test_P_01211_RIGHT_CC_2/08-29-2017-DDSM-37717/1.000000-ROI mask images-35684/1-2.dcm,MG,2,benign,P_01211,right,5,cc,P_01211_RIGHT_CC_calcification_2,,,
1395,1,calcification,digitized,2,"[1096, 1372, 2248, 2524]",3,,LUCENT_CENTER,./data/CBIS-DDSM/Calc-Test_P_01211_RIGHT_MLO/08-29-2017-DDSM-85845/1.000000-full mammogram images-44461/1-1.dcm,./data/CBIS-DDSM/Calc-Test_P_01211_RIGHT_MLO_1/08-29-2017-DDSM-57793/1.000000-ROI mask images-49733/1-2.dcm,MG,2,benign,P_01211,right,5,mlo,P_01211_RIGHT_MLO_calcification_1,,,
1721,2,calcification,digitized,2,"[1592, 3052, 2744, 4204]",3,,LUCENT_CENTER,./data/CBIS-DDSM/Calc-Test_P_01211_RIGHT_MLO/08-29-2017-DDSM-85845/1.000000-full mammogram images-44461/1-1.dcm,./data/CBIS-DDSM/Calc-Test_P_01211_RIGHT_MLO_2/08-29-2017-DDSM-42275/1.000000-ROI mask images-30547/1-2.dcm,MG,2,benign,P_01211,right,5,mlo,P_01211_RIGHT_MLO_calcification_2,,,
2002,1,calcification,digitized,4,"[0, 850, 888, 2002]",4,CLUSTERED,PLEOMORPHIC,./data/CBIS-DDSM/Calc-Test_P_01217_RIGHT_CC/08-29-2017-DDSM-19457/1.000000-full mammogram images-15730/1-1.dcm,./data/CBIS-DDSM/Calc-Test_P_01217_RIGHT_CC_1/08-29-2017-DDSM-62799/1.000000-ROI mask images-21282/1-2.dcm,MG,1,malignant,P_01217,right,1,cc,P_01217_RIGHT_CC_calcification_1,,,
2179,1,calcification,digitized,4,"[0, 2472, 948, 3624]",4,CLUSTERED,PLEOMORPHIC,./data/CBIS-DDSM/Calc-Test_P_01217_RIGHT_MLO/08-29-2017-DDSM-55365/1.000000-full mammogram images-46406/1-1.dcm,./data/CBIS-DDSM/Calc-Test_P_01217_RIGHT_MLO_1/08-29-2017-DDSM-80230/1.000000-ROI mask images-48513/1-2.dcm,MG,1,malignant,P_01217,right,1,mlo,P_01217_RIGHT_MLO_calcification_1,,,
2612,1,calcification,digitized,4,"[0, 978, 1025, 2130]",4,CLUSTERED,PLEOMORPHIC,./data/CBIS-DDSM/Calc-Training_P_01229_RIGHT_CC/08-07-2016-DDSM-95849/1.000000-full mammogram images-25159/1-1.dcm,./data/CBIS-DDSM/Calc-Training_P_01229_RIGHT_CC_1/09-06-2017-DDSM-92271/1.000000-ROI mask images-94264/1-2.dcm,MG,1,malignant,P_01229,right,1,cc,P_01229_RIGHT_CC_calcification_1,,,
3118,1,calcification,digitized,4,"[783, 2560, 1935, 3711]",4,CLUSTERED,PLEOMORPHIC,./data/CBIS-DDSM/Calc-Training_P_01229_RIGHT_MLO/08-07-2016-DDSM-42094/1.000000-full mammogram images-69078/1-1.dcm,./data/CBIS-DDSM/Calc-Training_P_01229_RIGHT_MLO_1/09-06-2017-DDSM-45829/1.000000-ROI mask images-31774/1-2.dcm,MG,1,malignant,P_01229,right,1,mlo,P_01229_RIGHT_MLO_calcification_1,,,
2003,1,calcification,digitized,5,"[1820, 1696, 2864, 2848]",3,REGIONAL,PLEOMORPHIC,./data/CBIS-DDSM/Calc-Training_P_01252_RIGHT_CC/08-07-2016-DDSM-65743/1.000000-full mammogram images-46938/1-1.dcm,./data/CBIS-DDSM/Calc-Training_P_01252_RIGHT_CC_1/09-06-2017-DDSM-76106/1.000000-ROI mask images-61423/1-2.dcm,MG,1,malignant,P_01252,right,5,cc,P_01252_RIGHT_CC_calcification_1,,,
3222,1,calcification,digitized,5,"[1904, 1944, 2952, 3096]",3,REGIONAL,PLEOMORPHIC,./data/CBIS-DDSM/Calc-Training_P_01252_RIGHT_MLO/08-07-2016-DDSM-96208/1.000000-full mammogram images-05135/1-1.dcm,./data/CBIS-DDSM/Calc-Training_P_01252_RIGHT_MLO_1/09-06-2017-DDSM-19835/1.000000-ROI mask images-93089/1-2.dcm,MG,1,malignant,P_01252,right,5,mlo,P_01252_RIGHT_MLO_calcification_1,,,
2276,1,calcification,digitized,3,"[1552, 2612, 2626, 3764]",2,CLUSTERED,PUNCTATE,./data/CBIS-DDSM/Calc-Test_P_01253_RIGHT_CC/08-29-2017-DDSM-33353/1.000000-full mammogram images-72702/1-1.dcm,./data/CBIS-DDSM/Calc-Test_P_01253_RIGHT_CC_1/08-29-2017-DDSM-26312/1.000000-ROI mask images-07153/1-2.dcm,MG,1,malignant,P_01253,right,3,cc,P_01253_RIGHT_CC_calcification_1,,,
442,1,calcification,digitized,3,"[1697, 2742, 2521, 3894]",2,CLUSTERED,PUNCTATE,./data/CBIS-DDSM/Calc-Test_P_01253_RIGHT_MLO/08-29-2017-DDSM-12294/1.000000-full mammogram images-37274/1-1.dcm,./data/CBIS-DDSM/Calc-Test_P_01253_RIGHT_MLO_1/08-29-2017-DDSM-45794/1.000000-ROI mask images-81238/1-2.dcm,MG,1,malignant,P_01253,right,3,mlo,P_01253_RIGHT_MLO_calcification_1,,,
3091,1,calcification,digitized,4,"[32, 1744, 1184, 2896]",2,CLUSTERED,PLEOMORPHIC,./data/CBIS-DDSM/Calc-Training_P_01259_RIGHT_CC/08-07-2016-DDSM-33954/1.000000-full mammogram images-07679/1-1.dcm,./data/CBIS-DDSM/Calc-Training_P_01259_RIGHT_CC_1/09-06-2017-DDSM-60876/1.000000-ROI mask images-38563/1-2.dcm,MG,1,malignant,P_01259,right,2,cc,P_01259_RIGHT_CC_calcification_1,,,
3238,1,calcification,digitized,4,"[428, 2480, 1580, 3632]",2,CLUSTERED,PLEOMORPHIC,./data/CBIS-DDSM/Calc-Training_P_01259_RIGHT_MLO/08-07-2016-DDSM-13540/1.000000-full mammogram images-18238/1-1.dcm,./data/CBIS-DDSM/Calc-Training_P_01259_RIGHT_MLO_1/09-06-2017-DDSM-13090/1.000000-ROI mask images-67338/1-2.dcm,MG,1,malignant,P_01259,right,2,mlo,P_01259_RIGHT_MLO_calcification_1,,,
1083,4,calcification,digitized,5,"[3364, 1616, 4088, 2768]",2,SEGMENTAL,PLEOMORPHIC-FINE_LINEAR_BRANCHING,./data/CBIS-DDSM/Calc-Training_P_01262_RIGHT_CC/08-07-2016-DDSM-69339/1.000000-full mammogram images-91565/1-1.dcm,./data/CBIS-DDSM/Calc-Training_P_01262_RIGHT_CC_4/09-06-2017-DDSM-39905/1.000000-ROI mask images-20813/1-2.dcm,MG,2,malignant,P_01262,right,5,cc,P_01262_RIGHT_CC_calcification_4,,,
2854,3,calcification,digitized,5,"[3432, 1556, 4088, 2708]",2,SEGMENTAL,PLEOMORPHIC-FINE_LINEAR_BRANCHING,./data/CBIS-DDSM/Calc-Training_P_01262_RIGHT_CC/08-07-2016-DDSM-69339/1.000000-full mammogram images-91565/1-1.dcm,./data/CBIS-DDSM/Calc-Training_P_01262_RIGHT_CC_3/09-06-2017-DDSM-98351/1.000000-ROI mask images-33279/1-2.dcm,MG,2,malignant,P_01262,right,5,cc,P_01262_RIGHT_CC_calcification_3,,,
885,3,calcification,digitized,5,"[3376, 2012, 4088, 3163]",2,SEGMENTAL,PLEOMORPHIC-FINE_LINEAR_BRANCHING,./data/CBIS-DDSM/Calc-Training_P_01262_RIGHT_MLO/08-07-2016-DDSM-09602/1.000000-full mammogram images-20165/1-1.dcm,./data/CBIS-DDSM/Calc-Training_P_01262_RIGHT_MLO_3/09-06-2017-DDSM-66182/1.000000-ROI mask images-97078/1-2.dcm,MG,3,malignant,P_01262,right,5,mlo,P_01262_RIGHT_MLO_calcification_3,,,
1954,4,calcification,digitized,5,"[3012, 2128, 4088, 3280]",2,SEGMENTAL,PLEOMORPHIC-FINE_LINEAR_BRANCHING,./data/CBIS-DDSM/Calc-Training_P_01262_RIGHT_MLO/08-07-2016-DDSM-09602/1.000000-full mammogram images-20165/1-1.dcm,./data/CBIS-DDSM/Calc-Training_P_01262_RIGHT_MLO_4/09-06-2017-DDSM-49327/1.000000-ROI mask images-18063/1-2.dcm,MG,3,malignant,P_01262,right,5,mlo,P_01262_RIGHT_MLO_calcification_4,,,
2292,2,calcification,digitized,5,"[3216, 1816, 4088, 2968]",2,SEGMENTAL,PLEOMORPHIC-FINE_LINEAR_BRANCHING,./data/CBIS-DDSM/Calc-Training_P_01262_RIGHT_MLO/08-07-2016-DDSM-09602/1.000000-full mammogram images-20165/1-1.dcm,./data/CBIS-DDSM/Calc-Training_P_01262_RIGHT_MLO_2/09-06-2017-DDSM-58077/1.000000-ROI mask images-04080/1-2.dcm,MG,3,malignant,P_01262,right,5,mlo,P_01262_RIGHT_MLO_calcification_2,,,
3405,2,calcification,digitized,4,"[0, 1736, 728, 2888]",4,CLUSTERED,PLEOMORPHIC,./data/CBIS-DDSM/Calc-Training_P_01297_LEFT_CC/08-07-2016-DDSM-37841/1.000000-full mammogram images-22232/1-1.dcm,./data/CBIS-DDSM/Calc-Training_P_01297_LEFT_CC_2/09-06-2017-DDSM-09805/1.000000-ROI mask images-16970/1-2.dcm,MG,1,malignant,P_01297,left,3,cc,P_01297_LEFT_CC_calcification_2,,,
2527,2,calcification,digitized,3,"[0, 2888, 952, 4040]",4,CLUSTERED,PLEOMORPHIC,./data/CBIS-DDSM/Calc-Training_P_01297_LEFT_MLO/08-07-2016-DDSM-53779/1.000000-full mammogram images-27730/1-1.dcm,./data/CBIS-DDSM/Calc-Training_P_01297_LEFT_MLO_2/09-06-2017-DDSM-94452/1.000000-ROI mask images-92201/1-2.dcm,MG,1,malignant,P_01297,left,3,mlo,P_01297_LEFT_MLO_calcification_2,,,
2726,1,calcification,digitized,4,"[1219, 957, 2146, 2108]",4,CLUSTERED,PUNCTATE,./data/CBIS-DDSM/Calc-Test_P_01303_LEFT_CC/08-29-2017-DDSM-66010/1.000000-full mammogram images-52345/1-1.dcm,./data/CBIS-DDSM/Calc-Test_P_01303_LEFT_CC_1/08-29-2017-DDSM-86008/1.000000-ROI mask images-63693/1-2.dcm,MG,1,malignant,P_01303,left,1,cc,P_01303_LEFT_CC_calcification_1,,,
2579,1,calcification,digitized,4,"[845, 1826, 1861, 2977]",4,CLUSTERED,PUNCTATE,./data/CBIS-DDSM/Calc-Test_P_01303_LEFT_MLO/08-29-2017-DDSM-68701/1.000000-full mammogram images-41825/1-1.dcm,./data/CBIS-DDSM/Calc-Test_P_01303_LEFT_MLO_1/08-29-2017-DDSM-25670/1.000000-ROI mask images-66664/1-2.dcm,MG,1,malignant,P_01303,left,1,mlo,P_01303_LEFT_MLO_calcification_1,,,
1278,1,calcification,digitized,4,"[767, 2384, 1919, 3536]",4,CLUSTERED,PLEOMORPHIC,./data/CBIS-DDSM/Calc-Test_P_01308_LEFT_MLO/08-29-2017-DDSM-56082/1.000000-full mammogram images-19696/1-1.dcm,./data/CBIS-DDSM/Calc-Test_P_01308_LEFT_MLO_1/08-29-2017-DDSM-83211/1.000000-ROI mask images-14257/1-2.dcm,MG,1,benign,P_01308,left,3,mlo,P_01308_LEFT_MLO_calcification_1,,,
1657,2,calcification,digitized,2,"[1332, 1652, 2484, 2804]",2,,COARSE-ROUND_AND_REGULAR-LUCENT_CENTER,./data/CBIS-DDSM/Calc-Training_P_01336_LEFT_CC/08-07-2016-DDSM-10869/1.000000-full mammogram images-51822/1-1.dcm,./data/CBIS-DDSM/Calc-Training_P_01336_LEFT_CC_2/09-06-2017-DDSM-57166/1.000000-ROI mask images-60092/1-2.dcm,MG,2,benign,P_01336,left,4,cc,P_01336_LEFT_CC_calcification_2,,,
2491,1,calcification,digitized,2,"[344, 928, 1496, 2080]",2,,COARSE-ROUND_AND_REGULAR-LUCENT_CENTER,./data/CBIS-DDSM/Calc-Training_P_01336_LEFT_CC/08-07-2016-DDSM-10869/1.000000-full mammogram images-51822/1-1.dcm,./data/CBIS-DDSM/Calc-Training_P_01336_LEFT_CC_1/09-06-2017-DDSM-11046/1.000000-ROI mask images-59202/1-2.dcm,MG,2,benign,P_01336,left,4,cc,P_01336_LEFT_CC_calcification_1,,,
2416,1,calcification,digitized,2,"[964, 2596, 2116, 3748]",2,,COARSE-ROUND_AND_REGULAR-LUCENT_CENTER,./data/CBIS-DDSM/Calc-Training_P_01336_LEFT_MLO/08-07-2016-DDSM-73797/1.000000-full mammogram images-36784/1-1.dcm,./data/CBIS-DDSM/Calc-Training_P_01336_LEFT_MLO_1/09-06-2017-DDSM-09006/1.000000-ROI mask images-43805/1-2.dcm,MG,2,benign,P_01336,left,4,mlo,P_01336_LEFT_MLO_calcification_1,,,
3535,2,calcification,digitized,2,"[1028, 808, 2180, 1960]",2,,COARSE-ROUND_AND_REGULAR-LUCENT_CENTER,./data/CBIS-DDSM/Calc-Training_P_01336_LEFT_MLO/08-07-2016-DDSM-73797/1.000000-full mammogram images-36784/1-1.dcm,./data/CBIS-DDSM/Calc-Training_P_01336_LEFT_MLO_2/09-06-2017-DDSM-06703/1.000000-ROI mask images-13322/1-2.dcm,MG,2,benign,P_01336,left,4,mlo,P_01336_LEFT_MLO_calcification_2,,,
548,3,calcification,digitized,2,"[1188, 1828, 2340, 2980]",2,,COARSE-ROUND_AND_REGULAR-LUCENT_CENTER,./data/CBIS-DDSM/Calc-Training_P_01336_RIGHT_CC/08-07-2016-DDSM-15000/1.000000-full mammogram images-24792/1-1.dcm,./data/CBIS-DDSM/Calc-Training_P_01336_RIGHT_CC_3/09-06-2017-DDSM-02091/1.000000-ROI mask images-36592/1-2.dcm,MG,3,benign,P_01336,right,5,cc,P_01336_RIGHT_CC_calcification_3,,,
2246,2,calcification,digitized,2,"[1068, 1648, 2220, 2799]",2,,COARSE-ROUND_AND_REGULAR-LUCENT_CENTER,./data/CBIS-DDSM/Calc-Training_P_01336_RIGHT_CC/08-07-2016-DDSM-15000/1.000000-full mammogram images-24792/1-1.dcm,./data/CBIS-DDSM/Calc-Training_P_01336_RIGHT_CC_2/09-06-2017-DDSM-43965/1.000000-ROI mask images-12413/1-2.dcm,MG,3,benign,P_01336,right,5,cc,P_01336_RIGHT_CC_calcification_2,,,
2744,1,calcification,digitized,2,"[1612, 1332, 2764, 2484]",2,,COARSE-ROUND_AND_REGULAR-LUCENT_CENTER,./data/CBIS-DDSM/Calc-Training_P_01336_RIGHT_CC/08-07-2016-DDSM-15000/1.000000-full mammogram images-24792/1-1.dcm,./data/CBIS-DDSM/Calc-Training_P_01336_RIGHT_CC_1/09-06-2017-DDSM-23434/1.000000-ROI mask images-63895/1-2.dcm,MG,3,benign,P_01336,right,4,cc,P_01336_RIGHT_CC_calcification_1,,,
1131,1,calcification,digitized,2,"[1172, 1752, 2324, 2904]",2,,COARSE-ROUND_AND_REGULAR-LUCENT_CENTER,./data/CBIS-DDSM/Calc-Training_P_01336_RIGHT_MLO/08-07-2016-DDSM-15213/1.000000-full mammogram images-44603/1-1.dcm,./data/CBIS-DDSM/Calc-Training_P_01336_RIGHT_MLO_1/09-06-2017-DDSM-89474/1.000000-ROI mask images-75080/1-2.dcm,MG,3,benign,P_01336,right,5,mlo,P_01336_RIGHT_MLO_calcification_1,,,
3123,3,calcification,digitized,2,"[1492, 3132, 2644, 4284]",2,,COARSE-ROUND_AND_REGULAR-LUCENT_CENTER,./data/CBIS-DDSM/Calc-Training_P_01336_RIGHT_MLO/08-07-2016-DDSM-15213/1.000000-full mammogram images-44603/1-1.dcm,./data/CBIS-DDSM/Calc-Training_P_01336_RIGHT_MLO_3/09-06-2017-DDSM-46690/1.000000-ROI mask images-15234/1-2.dcm,MG,3,benign,P_01336,right,5,mlo,P_01336_RIGHT_MLO_calcification_3,,,
3214,2,calcification,digitized,2,"[824, 1988, 1976, 3140]",2,,COARSE-ROUND_AND_REGULAR-LUCENT_CENTER,./data/CBIS-DDSM/Calc-Training_P_01336_RIGHT_MLO/08-07-2016-DDSM-15213/1.000000-full mammogram images-44603/1-1.dcm,./data/CBIS-DDSM/Calc-Training_P_01336_RIGHT_MLO_2/09-06-2017-DDSM-30192/1.000000-ROI mask images-96672/1-2.dcm,MG,3,benign,P_01336,right,5,mlo,P_01336_RIGHT_MLO_calcification_2,,,
2767,1,calcification,digitized,5,"[1096, 916, 2248, 2068]",2,REGIONAL,PLEOMORPHIC,./data/CBIS-DDSM/Calc-Training_P_01358_RIGHT_CC/08-07-2016-DDSM-85678/1.000000-full mammogram images-13077/1-1.dcm,./data/CBIS-DDSM/Calc-Training_P_01358_RIGHT_CC_1/09-06-2017-DDSM-60432/1.000000-ROI mask images-38214/1-2.dcm,MG,1,malignant,P_01358,right,5,cc,P_01358_RIGHT_CC_calcification_1,,,
1870,1,calcification,digitized,5,"[1116, 2156, 2268, 3308]",2,REGIONAL,PLEOMORPHIC,./data/CBIS-DDSM/Calc-Training_P_01358_RIGHT_MLO/08-07-2016-DDSM-20025/1.000000-full mammogram images-88639/1-1.dcm,./data/CBIS-DDSM/Calc-Training_P_01358_RIGHT_MLO_1/09-06-2017-DDSM-72161/1.000000-ROI mask images-37748/1-2.dcm,MG,1,malignant,P_01358,right,5,mlo,P_01358_RIGHT_MLO_calcification_1,,,
2886,1,calcification,digitized,5,"[860, 3116, 2012, 4268]",3,REGIONAL,PLEOMORPHIC,./data/CBIS-DDSM/Calc-Training_P_01359_LEFT_CC/08-07-2016-DDSM-48738/1.000000-full mammogram images-66979/1-1.dcm,./data/CBIS-DDSM/Calc-Training_P_01359_LEFT_CC_1/09-06-2017-DDSM-44291/1.000000-ROI mask images-29775/1-2.dcm,MG,1,malignant,P_01359,left,5,cc,P_01359_LEFT_CC_calcification_1,,,
2750,1,calcification,digitized,5,"[840, 2164, 1992, 3316]",3,REGIONAL,PLEOMORPHIC,./data/CBIS-DDSM/Calc-Training_P_01359_LEFT_MLO/08-07-2016-DDSM-38962/1.000000-full mammogram images-48571/1-1.dcm,./data/CBIS-DDSM/Calc-Training_P_01359_LEFT_MLO_1/09-06-2017-DDSM-34809/1.000000-ROI mask images-90711/1-2.dcm,MG,1,malignant,P_01359,left,5,mlo,P_01359_LEFT_MLO_calcification_1,,,
1808,1,calcification,digitized,4,"[508, 2440, 1660, 3592]",4,CLUSTERED,PLEOMORPHIC,./data/CBIS-DDSM/Calc-Training_P_01369_RIGHT_MLO/08-07-2016-DDSM-24690/1.000000-full mammogram images-49536/1-1.dcm,./data/CBIS-DDSM/Calc-Training_P_01369_RIGHT_MLO_1/09-06-2017-DDSM-22257/1.000000-ROI mask images-54359/1-2.dcm,MG,1,benign,P_01369,right,3,mlo,P_01369_RIGHT_MLO_calcification_1,,,
2687,1,calcification,digitized,4,"[1844, 2048, 2996, 3200]",3,CLUSTERED,PLEOMORPHIC,./data/CBIS-DDSM/Calc-Training_P_01406_RIGHT_CC/08-07-2016-DDSM-12449/1.000000-full mammogram images-00572/1-1.dcm,./data/CBIS-DDSM/Calc-Training_P_01406_RIGHT_CC_1/09-06-2017-DDSM-90962/1.000000-ROI mask images-81379/1-2.dcm,MG,1,benign,P_01406,right,3,cc,P_01406_RIGHT_CC_calcification_1,,,
2477,1,calcification,digitized,4,"[1668, 2460, 2820, 3612]",3,CLUSTERED,PLEOMORPHIC,./data/CBIS-DDSM/Calc-Training_P_01406_RIGHT_MLO/08-07-2016-DDSM-62015/1.000000-full mammogram images-93109/1-1.dcm,./data/CBIS-DDSM/Calc-Training_P_01406_RIGHT_MLO_1/09-06-2017-DDSM-23855/1.000000-ROI mask images-37891/1-2.dcm,MG,1,benign,P_01406,right,3,mlo,P_01406_RIGHT_MLO_calcification_1,,,
1214,1,calcification,digitized,4,"[0, 572, 1020, 1723]",4,CLUSTERED,AMORPHOUS,./data/CBIS-DDSM/Calc-Training_P_01410_LEFT_CC/08-07-2016-DDSM-82090/1.000000-full mammogram images-85446/1-1.dcm,./data/CBIS-DDSM/Calc-Training_P_01410_LEFT_CC_1/09-06-2017-DDSM-24131/1.000000-ROI mask images-63989/1-2.dcm,MG,1,benign,P_01410,left,3,cc,P_01410_LEFT_CC_calcification_1,,,
2271,1,calcification,digitized,4,"[0, 1832, 1088, 2984]",4,CLUSTERED,AMORPHOUS,./data/CBIS-DDSM/Calc-Training_P_01410_LEFT_MLO/08-07-2016-DDSM-35681/1.000000-full mammogram images-85568/1-1.dcm,./data/CBIS-DDSM/Calc-Training_P_01410_LEFT_MLO_1/09-06-2017-DDSM-22981/1.000000-ROI mask images-96274/1-2.dcm,MG,1,benign,P_01410,left,2,mlo,P_01410_LEFT_MLO_calcification_1,,,
629,1,calcification,digitized,5,"[1588, 904, 2672, 2056]",1,CLUSTERED,ROUND_AND_REGULAR,./data/CBIS-DDSM/Calc-Training_P_01455_RIGHT_CC/08-07-2016-DDSM-64654/1.000000-full mammogram images-19768/1-1.dcm,./data/CBIS-DDSM/Calc-Training_P_01455_RIGHT_CC_1/09-06-2017-DDSM-98998/1.000000-ROI mask images-41837/1-2.dcm,MG,1,malignant,P_01455,right,5,cc,P_01455_RIGHT_CC_calcification_1,,,
481,1,calcification,digitized,5,"[1116, 1436, 2268, 2588]",1,CLUSTERED,ROUND_AND_REGULAR,./data/CBIS-DDSM/Calc-Training_P_01455_RIGHT_MLO/08-07-2016-DDSM-57816/1.000000-full mammogram images-95603/1-1.dcm,./data/CBIS-DDSM/Calc-Training_P_01455_RIGHT_MLO_1/09-06-2017-DDSM-58977/1.000000-ROI mask images-63480/1-2.dcm,MG,1,malignant,P_01455,right,5,mlo,P_01455_RIGHT_MLO_calcification_1,,,
385,2,calcification,digitized,5,"[0, 1272, 1028, 2424]",2,REGIONAL,PLEOMORPHIC-FINE_LINEAR_BRANCHING,./data/CBIS-DDSM/Calc-Training_P_01456_LEFT_CC/08-07-2016-DDSM-22136/1.000000-full mammogram images-67770/1-1.dcm,./data/CBIS-DDSM/Calc-Training_P_01456_LEFT_CC_2/09-06-2017-DDSM-24386/1.000000-ROI mask images-70734/1-2.dcm,MG,2,malignant,P_01456,left,3,cc,P_01456_LEFT_CC_calcification_2,,,
1731,1,calcification,digitized,5,"[0, 384, 724, 1536]",2,REGIONAL,PLEOMORPHIC-FINE_LINEAR_BRANCHING,./data/CBIS-DDSM/Calc-Training_P_01456_LEFT_CC/08-07-2016-DDSM-22136/1.000000-full mammogram images-67770/1-1.dcm,./data/CBIS-DDSM/Calc-Training_P_01456_LEFT_CC_1/09-06-2017-DDSM-32165/1.000000-ROI mask images-41040/1-2.dcm,MG,2,malignant,P_01456,left,3,cc,P_01456_LEFT_CC_calcification_1,,,
1365,1,calcification,digitized,5,"[500, 1488, 1652, 2640]",2,REGIONAL,PLEOMORPHIC-FINE_LINEAR_BRANCHING,./data/CBIS-DDSM/Calc-Training_P_01456_LEFT_MLO/08-07-2016-DDSM-24987/1.000000-full mammogram images-24847/1-1.dcm,./data/CBIS-DDSM/Calc-Training_P_01456_LEFT_MLO_1/09-06-2017-DDSM-79555/1.000000-ROI mask images-06489/1-2.dcm,MG,2,malignant,P_01456,left,3,mlo,P_01456_LEFT_MLO_calcification_1,,,
2170,2,calcification,digitized,5,"[288, 2552, 1440, 3704]",2,REGIONAL,PLEOMORPHIC-FINE_LINEAR_BRANCHING,./data/CBIS-DDSM/Calc-Training_P_01456_LEFT_MLO/08-07-2016-DDSM-24987/1.000000-full mammogram images-24847/1-1.dcm,./data/CBIS-DDSM/Calc-Training_P_01456_LEFT_MLO_2/09-06-2017-DDSM-94171/1.000000-ROI mask images-99054/1-2.dcm,MG,2,malignant,P_01456,left,3,mlo,P_01456_LEFT_MLO_calcification_2,,,
3554,1,calcification,digitized,2,"[0, 700, 848, 1852]",3,,VASCULAR,./data/CBIS-DDSM/Calc-Test_P_01460_LEFT_CC/08-29-2017-DDSM-30511/1.000000-full mammogram images-72531/1-1.dcm,./data/CBIS-DDSM/Calc-Test_P_01460_LEFT_CC_1/08-29-2017-DDSM-05018/1.000000-ROI mask images-27089/1-2.dcm,MG,1,benign,P_01460,left,4,cc,P_01460_LEFT_CC_calcification_1,,,
317,1,calcification,digitized,2,"[0, 748, 772, 1900]",3,,SKIN,./data/CBIS-DDSM/Calc-Test_P_01460_LEFT_MLO/08-29-2017-DDSM-26473/1.000000-full mammogram images-20872/1-1.dcm,./data/CBIS-DDSM/Calc-Test_P_01460_LEFT_MLO_1/08-29-2017-DDSM-00951/1.000000-ROI mask images-47095/1-2.dcm,MG,2,benign,P_01460,left,4,mlo,P_01460_LEFT_MLO_calcification_1,,,
784,2,calcification,digitized,2,"[0, 1472, 864, 2624]",3,,VASCULAR,./data/CBIS-DDSM/Calc-Test_P_01460_LEFT_MLO/08-29-2017-DDSM-26473/1.000000-full mammogram images-20872/1-1.dcm,./data/CBIS-DDSM/Calc-Test_P_01460_LEFT_MLO_2/08-29-2017-DDSM-91233/1.000000-ROI mask images-61313/1-2.dcm,MG,2,benign,P_01460,left,4,mlo,P_01460_LEFT_MLO_calcification_2,,,
2817,1,calcification,digitized,2,"[2112, 560, 2992, 1712]",3,,VASCULAR,./data/CBIS-DDSM/Calc-Test_P_01460_RIGHT_CC/08-29-2017-DDSM-07639/1.000000-full mammogram images-63368/1-1.dcm,./data/CBIS-DDSM/Calc-Test_P_01460_RIGHT_CC_1/08-29-2017-DDSM-05607/1.000000-ROI mask images-95643/1-2.dcm,MG,1,benign,P_01460,right,4,cc,P_01460_RIGHT_CC_calcification_1,,,
1720,2,calcification,digitized,2,"[2288, 0, 3024, 1072]",3,,SKIN,./data/CBIS-DDSM/Calc-Test_P_01460_RIGHT_MLO/08-29-2017-DDSM-04914/1.000000-full mammogram images-95522/1-1.dcm,./data/CBIS-DDSM/Calc-Test_P_01460_RIGHT_MLO_2/08-29-2017-DDSM-59174/1.000000-ROI mask images-71897/1-2.dcm,MG,2,benign,P_01460,right,4,mlo,P_01460_RIGHT_MLO_calcification_2,,,
1860,1,calcification,digitized,2,"[2296, 668, 3024, 1820]",3,,VASCULAR,./data/CBIS-DDSM/Calc-Test_P_01460_RIGHT_MLO/08-29-2017-DDSM-04914/1.000000-full mammogram images-95522/1-1.dcm,./data/CBIS-DDSM/Calc-Test_P_01460_RIGHT_MLO_1/08-29-2017-DDSM-44828/1.000000-ROI mask images-45707/1-2.dcm,MG,2,benign,P_01460,right,4,mlo,P_01460_RIGHT_MLO_calcification_1,,,
2357,1,calcification,digitized,4,"[956, 696, 2108, 1848]",2,CLUSTERED,PLEOMORPHIC,./data/CBIS-DDSM/Calc-Training_P_01478_RIGHT_CC/08-07-2016-DDSM-69062/1.000000-full mammogram images-85134/1-1.dcm,./data/CBIS-DDSM/Calc-Training_P_01478_RIGHT_CC_1/09-06-2017-DDSM-06596/1.000000-ROI mask images-63422/1-2.dcm,MG,1,benign,P_01478,right,2,cc,P_01478_RIGHT_CC_calcification_1,,,
156,1,calcification,digitized,4,"[680, 2088, 1832, 3240]",2,CLUSTERED,PLEOMORPHIC,./data/CBIS-DDSM/Calc-Training_P_01478_RIGHT_MLO/08-07-2016-DDSM-32964/1.000000-full mammogram images-75703/1-1.dcm,./data/CBIS-DDSM/Calc-Training_P_01478_RIGHT_MLO_1/09-06-2017-DDSM-97531/1.000000-ROI mask images-41086/1-2.dcm,MG,1,benign,P_01478,right,3,mlo,P_01478_RIGHT_MLO_calcification_1,,,
232,2,calcification,digitized,4,"[1139, 1596, 2221, 2748]",4,CLUSTERED,PLEOMORPHIC,./data/CBIS-DDSM/Calc-Training_P_01517_LEFT_MLO/08-07-2016-DDSM-67310/1.000000-full mammogram images-34070/1-1.dcm,./data/CBIS-DDSM/Calc-Training_P_01517_LEFT_MLO_2/09-06-2017-DDSM-81548/1.000000-ROI mask images-17784/1-2.dcm,MG,1,malignant,P_01517,left,2,mlo,P_01517_LEFT_MLO_calcification_2,,,
2233,1,calcification,digitized,4,"[2284, 1036, 3436, 2188]",2,CLUSTERED,PLEOMORPHIC,./data/CBIS-DDSM/Calc-Training_P_01522_RIGHT_CC/08-07-2016-DDSM-24050/1.000000-full mammogram images-87229/1-1.dcm,./data/CBIS-DDSM/Calc-Training_P_01522_RIGHT_CC_1/09-06-2017-DDSM-42479/1.000000-ROI mask images-74909/1-2.dcm,MG,1,benign,P_01522,right,3,cc,P_01522_RIGHT_CC_calcification_1,,,
461,1,calcification,digitized,4,"[2068, 2064, 3220, 3216]",2,CLUSTERED,PLEOMORPHIC,./data/CBIS-DDSM/Calc-Training_P_01522_RIGHT_MLO/08-07-2016-DDSM-03562/1.000000-full mammogram images-29926/1-1.dcm,./data/CBIS-DDSM/Calc-Training_P_01522_RIGHT_MLO_1/09-06-2017-DDSM-21541/1.000000-ROI mask images-08024/1-2.dcm,MG,1,benign,P_01522,right,3,mlo,P_01522_RIGHT_MLO_calcification_1,,,
1501,1,calcification,digitized,4,"[2374, 1720, 3526, 2872]",3,CLUSTERED,PLEOMORPHIC,./data/CBIS-DDSM/Calc-Test_P_01534_LEFT_CC/08-29-2017-DDSM-40523/1.000000-full mammogram images-28238/1-1.dcm,./data/CBIS-DDSM/Calc-Test_P_01534_LEFT_CC_1/08-29-2017-DDSM-46584/1.000000-ROI mask images-33533/1-2.dcm,MG,1,malignant,P_01534,left,4,cc,P_01534_LEFT_CC_calcification_1,,,
1302,1,calcification,digitized,4,"[2227, 2572, 3379, 3724]",3,CLUSTERED,PLEOMORPHIC,./data/CBIS-DDSM/Calc-Test_P_01534_LEFT_MLO/08-29-2017-DDSM-95472/1.000000-full mammogram images-63867/1-1.dcm,./data/CBIS-DDSM/Calc-Test_P_01534_LEFT_MLO_1/08-29-2017-DDSM-72137/1.000000-ROI mask images-07675/1-2.dcm,MG,1,malignant,P_01534,left,4,mlo,P_01534_LEFT_MLO_calcification_1,,,
3315,1,calcification,digitized,5,"[549, 1664, 1700, 2816]",4,CLUSTERED,PLEOMORPHIC,./data/CBIS-DDSM/Calc-Training_P_01537_RIGHT_CC/08-07-2016-DDSM-84100/1.000000-full mammogram images-67512/1-1.dcm,./data/CBIS-DDSM/Calc-Training_P_01537_RIGHT_CC_1/09-06-2017-DDSM-37386/1.000000-ROI mask images-33254/1-2.dcm,MG,1,malignant,P_01537,right,4,cc,P_01537_RIGHT_CC_calcification_1,,,
745,1,calcification,digitized,4,"[0, 3016, 940, 4168]",3,CLUSTERED,PLEOMORPHIC,./data/CBIS-DDSM/Calc-Test_P_01538_RIGHT_MLO/08-29-2017-DDSM-17644/1.000000-full mammogram images-70633/1-1.dcm,./data/CBIS-DDSM/Calc-Test_P_01538_RIGHT_MLO_1/08-29-2017-DDSM-99655/1.000000-ROI mask images-10755/1-2.dcm,MG,2,malignant,P_01538,right,4,mlo,P_01538_RIGHT_MLO_calcification_1,,,
914,2,calcification,digitized,4,"[608, 2480, 1760, 3632]",3,CLUSTERED,PLEOMORPHIC,./data/CBIS-DDSM/Calc-Test_P_01538_RIGHT_MLO/08-29-2017-DDSM-17644/1.000000-full mammogram images-70633/1-1.dcm,./data/CBIS-DDSM/Calc-Test_P_01538_RIGHT_MLO_2/08-29-2017-DDSM-39420/1.000000-ROI mask images-95164/1-2.dcm,MG,2,malignant,P_01538,right,2,mlo,P_01538_RIGHT_MLO_calcification_2,,,
1787,1,calcification,digitized,4,"[0, 2460, 944, 3612]",2,CLUSTERED,PLEOMORPHIC,./data/CBIS-DDSM/Calc-Test_P_01547_LEFT_CC/08-29-2017-DDSM-32616/1.000000-full mammogram images-66113/1-1.dcm,./data/CBIS-DDSM/Calc-Test_P_01547_LEFT_CC_1/08-29-2017-DDSM-92397/1.000000-ROI mask images-91810/1-2.dcm,MG,1,benign,P_01547,left,5,cc,P_01547_LEFT_CC_calcification_1,,,
1518,1,calcification,digitized,4,"[0, 1656, 1124, 2808]",2,CLUSTERED,PLEOMORPHIC,./data/CBIS-DDSM/Calc-Test_P_01547_LEFT_MLO/08-29-2017-DDSM-36894/1.000000-full mammogram images-19089/1-1.dcm,./data/CBIS-DDSM/Calc-Test_P_01547_LEFT_MLO_1/08-29-2017-DDSM-11566/1.000000-ROI mask images-32122/1-2.dcm,MG,1,benign,P_01547,left,5,mlo,P_01547_LEFT_MLO_calcification_1,,,
3489,1,calcification,digitized,4,"[1364, 1577, 2516, 2729]",3,CLUSTERED,PLEOMORPHIC,./data/CBIS-DDSM/Calc-Training_P_01549_LEFT_CC/08-07-2016-DDSM-19206/1.000000-full mammogram images-38229/1-1.dcm,./data/CBIS-DDSM/Calc-Training_P_01549_LEFT_CC_1/09-06-2017-DDSM-24266/1.000000-ROI mask images-91434/1-2.dcm,MG,1,malignant,P_01549,left,2,cc,P_01549_LEFT_CC_calcification_1,,,
194,1,calcification,digitized,4,"[1257, 3968, 2409, 5120]",3,CLUSTERED,PLEOMORPHIC,./data/CBIS-DDSM/Calc-Training_P_01549_LEFT_MLO/08-07-2016-DDSM-01444/1.000000-full mammogram images-91334/1-1.dcm,./data/CBIS-DDSM/Calc-Training_P_01549_LEFT_MLO_1/09-06-2017-DDSM-74316/1.000000-ROI mask images-90040/1-2.dcm,MG,1,malignant,P_01549,left,2,mlo,P_01549_LEFT_MLO_calcification_1,,,
1471,2,calcification,digitized,4,"[1808, 1448, 2960, 2600]",4,CLUSTERED,PUNCTATE-AMORPHOUS,./data/CBIS-DDSM/Calc-Training_P_01569_RIGHT_CC/08-07-2016-DDSM-14148/1.000000-full mammogram images-23130/1-1.dcm,./data/CBIS-DDSM/Calc-Training_P_01569_RIGHT_CC_2/09-06-2017-DDSM-62081/1.000000-ROI mask images-76603/1-2.dcm,MG,2,benign,P_01569,right,4,cc,P_01569_RIGHT_CC_calcification_2,,,
2749,1,calcification,digitized,4,"[2208, 1252, 3032, 2404]",4,REGIONAL,PUNCTATE-AMORPHOUS,./data/CBIS-DDSM/Calc-Training_P_01569_RIGHT_CC/08-07-2016-DDSM-14148/1.000000-full mammogram images-23130/1-1.dcm,./data/CBIS-DDSM/Calc-Training_P_01569_RIGHT_CC_1/09-06-2017-DDSM-28636/1.000000-ROI mask images-00978/1-2.dcm,MG,2,benign,P_01569,right,4,cc,P_01569_RIGHT_CC_calcification_1,,,
2414,1,calcification,digitized,4,"[1932, 1764, 3024, 2916]",4,REGIONAL,PUNCTATE-AMORPHOUS,./data/CBIS-DDSM/Calc-Training_P_01569_RIGHT_MLO/08-07-2016-DDSM-27107/1.000000-full mammogram images-33127/1-1.dcm,./data/CBIS-DDSM/Calc-Training_P_01569_RIGHT_MLO_1/09-06-2017-DDSM-30259/1.000000-ROI mask images-28616/1-2.dcm,MG,1,benign,P_01569,right,4,mlo,P_01569_RIGHT_MLO_calcification_1,,,
1325,1,calcification,digitized,4,"[612, 3905, 1764, 5057]",4,SEGMENTAL,PLEOMORPHIC,./data/CBIS-DDSM/Calc-Training_P_01571_RIGHT_CC/08-07-2016-DDSM-07017/1.000000-full mammogram images-11219/1-1.dcm,./data/CBIS-DDSM/Calc-Training_P_01571_RIGHT_CC_1/09-06-2017-DDSM-43111/1.000000-ROI mask images-67711/1-2.dcm,MG,1,benign,P_01571,right,4,cc,P_01571_RIGHT_CC_calcification_1,,,
2795,1,calcification,digitized,4,"[508, 3564, 1660, 4716]",4,SEGMENTAL,PLEOMORPHIC,./data/CBIS-DDSM/Calc-Training_P_01571_RIGHT_MLO/08-07-2016-DDSM-99711/1.000000-full mammogram images-13204/1-1.dcm,./data/CBIS-DDSM/Calc-Training_P_01571_RIGHT_MLO_1/09-06-2017-DDSM-69824/1.000000-ROI mask images-44762/1-2.dcm,MG,1,benign,P_01571,right,4,mlo,P_01571_RIGHT_MLO_calcification_1,,,
2011,1,calcification,digitized,4,"[0, 1004, 888, 2156]",1,CLUSTERED,PLEOMORPHIC,./data/CBIS-DDSM/Calc-Test_P_01621_LEFT_CC/08-29-2017-DDSM-50228/1.000000-full mammogram images-10114/1-1.dcm,./data/CBIS-DDSM/Calc-Test_P_01621_LEFT_CC_1/08-29-2017-DDSM-86785/1.000000-ROI mask images-21057/1-2.dcm,MG,1,benign,P_01621,left,5,cc,P_01621_LEFT_CC_calcification_1,,,
2879,1,calcification,digitized,4,"[0, 2604, 908, 3756]",1,CLUSTERED,PLEOMORPHIC,./data/CBIS-DDSM/Calc-Test_P_01621_LEFT_MLO/08-29-2017-DDSM-51331/1.000000-full mammogram images-40859/1-1.dcm,./data/CBIS-DDSM/Calc-Test_P_01621_LEFT_MLO_1/08-29-2017-DDSM-60129/1.000000-ROI mask images-66727/1-2.dcm,MG,1,benign,P_01621,left,5,mlo,P_01621_LEFT_MLO_calcification_1,,,
1084,1,calcification,digitized,2,"[444, 1588, 1596, 2740]",3,SEGMENTAL,PUNCTATE,./data/CBIS-DDSM/Calc-Test_P_01711_RIGHT_CC/08-29-2017-DDSM-33624/1.000000-full mammogram images-11350/1-1.dcm,./data/CBIS-DDSM/Calc-Test_P_01711_RIGHT_CC_1/08-29-2017-DDSM-42233/1.000000-ROI mask images-16446/1-2.dcm,MG,1,benign,P_01711,right,3,cc,P_01711_RIGHT_CC_calcification_1,,,
3321,1,calcification,digitized,2,"[760, 2712, 1912, 3864]",3,SEGMENTAL,PUNCTATE,./data/CBIS-DDSM/Calc-Test_P_01711_RIGHT_MLO/08-29-2017-DDSM-98322/1.000000-full mammogram images-92662/1-1.dcm,./data/CBIS-DDSM/Calc-Test_P_01711_RIGHT_MLO_1/08-29-2017-DDSM-32776/1.000000-ROI mask images-02033/1-2.dcm,MG,1,benign,P_01711,right,3,mlo,P_01711_RIGHT_MLO_calcification_1,,,
1319,1,calcification,digitized,4,"[745, 2523, 1896, 3675]",4,CLUSTERED,PLEOMORPHIC,./data/CBIS-DDSM/Calc-Training_P_01723_RIGHT_CC/08-07-2016-DDSM-63016/1.000000-full mammogram images-40751/1-1.dcm,./data/CBIS-DDSM/Calc-Training_P_01723_RIGHT_CC_1/09-06-2017-DDSM-11144/1.000000-ROI mask images-09492/1-2.dcm,MG,1,malignant,P_01723,right,3,cc,P_01723_RIGHT_CC_calcification_1,,,
2293,1,calcification,digitized,4,"[542, 2927, 1693, 4078]",4,CLUSTERED,PLEOMORPHIC,./data/CBIS-DDSM/Calc-Training_P_01723_RIGHT_MLO/08-07-2016-DDSM-94361/1.000000-full mammogram images-94898/1-1.dcm,./data/CBIS-DDSM/Calc-Training_P_01723_RIGHT_MLO_1/09-06-2017-DDSM-10232/1.000000-ROI mask images-17687/1-2.dcm,MG,1,malignant,P_01723,right,3,mlo,P_01723_RIGHT_MLO_calcification_1,,,
1151,2,calcification,digitized,4,"[1868, 2528, 2624, 3680]",3,CLUSTERED,PUNCTATE,./data/CBIS-DDSM/Calc-Training_P_01725_RIGHT_CC/08-07-2016-DDSM-61689/1.000000-full mammogram images-17169/1-1.dcm,./data/CBIS-DDSM/Calc-Training_P_01725_RIGHT_CC_2/09-06-2017-DDSM-67627/1.000000-ROI mask images-18072/1-2.dcm,MG,1,benign,P_01725,right,5,cc,P_01725_RIGHT_CC_calcification_2,,,
2153,2,calcification,digitized,4,"[1972, 2460, 2672, 3612]",3,CLUSTERED,PUNCTATE,./data/CBIS-DDSM/Calc-Training_P_01725_RIGHT_MLO/08-07-2016-DDSM-93047/1.000000-full mammogram images-31781/1-1.dcm,./data/CBIS-DDSM/Calc-Training_P_01725_RIGHT_MLO_2/09-06-2017-DDSM-12649/1.000000-ROI mask images-36103/1-2.dcm,MG,1,benign,P_01725,right,5,mlo,P_01725_RIGHT_MLO_calcification_2,,,
3434,1,calcification,digitized,2,"[2032, 2264, 3184, 3416]",2,,LUCENT_CENTER,./data/CBIS-DDSM/Calc-Training_P_01740_LEFT_CC/08-07-2016-DDSM-47024/1.000000-full mammogram images-90420/1-1.dcm,./data/CBIS-DDSM/Calc-Training_P_01740_LEFT_CC_1/09-06-2017-DDSM-72674/1.000000-ROI mask images-71759/1-2.dcm,MG,1,benign,P_01740,left,5,cc,P_01740_LEFT_CC_calcification_1,,,
730,1,calcification,digitized,2,"[2636, 2924, 3788, 4076]",2,,LUCENT_CENTER,./data/CBIS-DDSM/Calc-Training_P_01740_LEFT_MLO/08-07-2016-DDSM-07341/1.000000-full mammogram images-96817/1-1.dcm,./data/CBIS-DDSM/Calc-Training_P_01740_LEFT_MLO_1/09-06-2017-DDSM-53489/1.000000-ROI mask images-65713/1-2.dcm,MG,1,benign,P_01740,left,5,mlo,P_01740_LEFT_MLO_calcification_1,,,
244,2,calcification,digitized,2,"[1068, 2264, 2220, 3416]",2,,ROUND_AND_REGULAR-LUCENT_CENTER,./data/CBIS-DDSM/Calc-Training_P_01740_RIGHT_CC/08-07-2016-DDSM-95134/1.000000-full mammogram images-70462/1-1.dcm,./data/CBIS-DDSM/Calc-Training_P_01740_RIGHT_CC_2/09-06-2017-DDSM-75552/1.000000-ROI mask images-95752/1-2.dcm,MG,2,benign,P_01740,right,5,cc,P_01740_RIGHT_CC_calcification_2,,,
1310,1,calcification,digitized,2,"[872, 2072, 2024, 3224]",2,,ROUND_AND_REGULAR-LUCENT_CENTER,./data/CBIS-DDSM/Calc-Training_P_01740_RIGHT_CC/08-07-2016-DDSM-95134/1.000000-full mammogram images-70462/1-1.dcm,./data/CBIS-DDSM/Calc-Training_P_01740_RIGHT_CC_1/09-06-2017-DDSM-93519/1.000000-ROI mask images-44952/1-2.dcm,MG,2,benign,P_01740,right,5,cc,P_01740_RIGHT_CC_calcification_1,,,
1017,1,calcification,digitized,2,"[688, 2304, 1840, 3455]",2,,ROUND_AND_REGULAR-LUCENT_CENTER,./data/CBIS-DDSM/Calc-Training_P_01740_RIGHT_MLO/08-07-2016-DDSM-60639/1.000000-full mammogram images-72353/1-1.dcm,./data/CBIS-DDSM/Calc-Training_P_01740_RIGHT_MLO_1/09-06-2017-DDSM-36749/1.000000-ROI mask images-78534/1-2.dcm,MG,2,benign,P_01740,right,5,mlo,P_01740_RIGHT_MLO_calcification_1,,,
3107,2,calcification,digitized,2,"[1016, 2612, 2168, 3764]",2,,ROUND_AND_REGULAR-LUCENT_CENTER,./data/CBIS-DDSM/Calc-Training_P_01740_RIGHT_MLO/08-07-2016-DDSM-60639/1.000000-full mammogram images-72353/1-1.dcm,./data/CBIS-DDSM/Calc-Training_P_01740_RIGHT_MLO_2/09-06-2017-DDSM-11037/1.000000-ROI mask images-82180/1-2.dcm,MG,2,benign,P_01740,right,5,mlo,P_01740_RIGHT_MLO_calcification_2,,,
298,1,calcification,digitized,4,"[1868, 580, 3020, 1732]",2,CLUSTERED-LINEAR,PLEOMORPHIC,./data/CBIS-DDSM/Calc-Training_P_01741_RIGHT_CC/08-07-2016-DDSM-62797/1.000000-full mammogram images-40496/1-1.dcm,./data/CBIS-DDSM/Calc-Training_P_01741_RIGHT_CC_1/09-06-2017-DDSM-74282/1.000000-ROI mask images-76475/1-2.dcm,MG,1,benign,P_01741,right,4,cc,P_01741_RIGHT_CC_calcification_1,,,
2352,1,calcification,digitized,4,"[1424, 1944, 2576, 3096]",2,CLUSTERED,PLEOMORPHIC,./data/CBIS-DDSM/Calc-Training_P_01741_RIGHT_MLO/08-07-2016-DDSM-28930/1.000000-full mammogram images-38288/1-1.dcm,./data/CBIS-DDSM/Calc-Training_P_01741_RIGHT_MLO_1/09-06-2017-DDSM-61664/1.000000-ROI mask images-53647/1-2.dcm,MG,1,benign,P_01741,right,4,mlo,P_01741_RIGHT_MLO_calcification_1,,,
1312,1,calcification,digitized,4,"[1324, 1924, 2476, 3076]",4,CLUSTERED,PLEOMORPHIC,./data/CBIS-DDSM/Calc-Training_P_01767_LEFT_CC/08-07-2016-DDSM-10718/1.000000-full mammogram images-07143/1-1.dcm,./data/CBIS-DDSM/Calc-Training_P_01767_LEFT_CC_1/09-06-2017-DDSM-37380/1.000000-ROI mask images-01457/1-2.dcm,MG,1,benign,P_01767,left,1,cc,P_01767_LEFT_CC_calcification_1,,,
1425,1,calcification,digitized,4,"[961, 2552, 2113, 3704]",4,CLUSTERED,PLEOMORPHIC,./data/CBIS-DDSM/Calc-Training_P_01767_LEFT_MLO/08-07-2016-DDSM-38850/1.000000-full mammogram images-08905/1-1.dcm,./data/CBIS-DDSM/Calc-Training_P_01767_LEFT_MLO_1/09-06-2017-DDSM-41303/1.000000-ROI mask images-89483/1-2.dcm,MG,1,benign,P_01767,left,1,mlo,P_01767_LEFT_MLO_calcification_1,,,
1934,1,calcification,digitized,4,"[2148, 1188, 3168, 2340]",1,CLUSTERED,PLEOMORPHIC,./data/CBIS-DDSM/Calc-Test_P_01773_RIGHT_CC/08-29-2017-DDSM-13458/1.000000-full mammogram images-05676/1-1.dcm,./data/CBIS-DDSM/Calc-Test_P_01773_RIGHT_CC_1/08-29-2017-DDSM-38525/1.000000-ROI mask images-32845/1-2.dcm,MG,1,benign,P_01773,right,4,cc,P_01773_RIGHT_CC_calcification_1,,,
2488,1,calcification,digitized,4,"[1660, 2100, 2812, 3252]",1,CLUSTERED,PLEOMORPHIC,./data/CBIS-DDSM/Calc-Test_P_01773_RIGHT_MLO/08-29-2017-DDSM-17146/1.000000-full mammogram images-21146/1-1.dcm,./data/CBIS-DDSM/Calc-Test_P_01773_RIGHT_MLO_1/08-29-2017-DDSM-16216/1.000000-ROI mask images-67343/1-2.dcm,MG,1,benign,P_01773,right,5,mlo,P_01773_RIGHT_MLO_calcification_1,,,
126,1,calcification,digitized,4,"[2152, 2012, 2832, 3164]",4,CLUSTERED,PLEOMORPHIC,./data/CBIS-DDSM/Calc-Training_P_01792_RIGHT_CC/08-07-2016-DDSM-12816/1.000000-full mammogram images-43483/1-1.dcm,./data/CBIS-DDSM/Calc-Training_P_01792_RIGHT_CC_1/09-06-2017-DDSM-37233/1.000000-ROI mask images-12595/1-2.dcm,MG,1,malignant,P_01792,right,4,cc,P_01792_RIGHT_CC_calcification_1,,,
1344,1,calcification,digitized,4,"[1724, 1328, 2856, 2480]",4,CLUSTERED,PLEOMORPHIC,./data/CBIS-DDSM/Calc-Training_P_01792_RIGHT_MLO/08-07-2016-DDSM-68312/1.000000-full mammogram images-75774/1-1.dcm,./data/CBIS-DDSM/Calc-Training_P_01792_RIGHT_MLO_1/09-06-2017-DDSM-02652/1.000000-ROI mask images-95258/1-2.dcm,MG,1,malignant,P_01792,right,4,mlo,P_01792_RIGHT_MLO_calcification_1,,,
3204,1,calcification,digitized,4,"[1860, 928, 2806, 2080]",4,CLUSTERED,AMORPHOUS,./data/CBIS-DDSM/Calc-Training_P_01793_LEFT_CC/08-07-2016-DDSM-71464/1.000000-full mammogram images-08601/1-1.dcm,./data/CBIS-DDSM/Calc-Training_P_01793_LEFT_CC_1/09-06-2017-DDSM-01208/1.000000-ROI mask images-24346/1-2.dcm,MG,1,malignant,P_01793,left,1,cc,P_01793_LEFT_CC_calcification_1,,,
2946,1,calcification,digitized,4,"[1660, 2092, 2812, 3244]",4,CLUSTERED,PLEOMORPHIC,./data/CBIS-DDSM/Calc-Training_P_01793_LEFT_MLO/08-07-2016-DDSM-00840/1.000000-full mammogram images-89498/1-1.dcm,./data/CBIS-DDSM/Calc-Training_P_01793_LEFT_MLO_1/09-06-2017-DDSM-03771/1.000000-ROI mask images-01379/1-2.dcm,MG,1,malignant,P_01793,left,1,mlo,P_01793_LEFT_MLO_calcification_1,,,
1742,1,calcification,digitized,5,"[1456, 696, 2608, 1848]",2,CLUSTERED,AMORPHOUS,./data/CBIS-DDSM/Calc-Test_P_01803_RIGHT_CC/08-29-2017-DDSM-33301/1.000000-full mammogram images-20017/1-1.dcm,./data/CBIS-DDSM/Calc-Test_P_01803_RIGHT_CC_1/08-29-2017-DDSM-40811/1.000000-ROI mask images-37529/1-2.dcm,MG,1,malignant,P_01803,right,4,cc,P_01803_RIGHT_CC_calcification_1,,,
434,1,calcification,digitized,5,"[1192, 1096, 2344, 2248]",2,SEGMENTAL,AMORPHOUS,./data/CBIS-DDSM/Calc-Test_P_01803_RIGHT_MLO/08-29-2017-DDSM-64982/1.000000-full mammogram images-88146/1-1.dcm,./data/CBIS-DDSM/Calc-Test_P_01803_RIGHT_MLO_1/08-29-2017-DDSM-16152/1.000000-ROI mask images-53631/1-2.dcm,MG,1,malignant,P_01803,right,3,mlo,P_01803_RIGHT_MLO_calcification_1,,,
788,1,calcification,digitized,4,"[168, 1808, 1320, 2960]",1,CLUSTERED,PLEOMORPHIC,./data/CBIS-DDSM/Calc-Training_P_01832_LEFT_CC/08-07-2016-DDSM-83905/1.000000-full mammogram images-01050/1-1.dcm,./data/CBIS-DDSM/Calc-Training_P_01832_LEFT_CC_1/09-06-2017-DDSM-79396/1.000000-ROI mask images-99649/1-2.dcm,MG,1,benign,P_01832,left,5,cc,P_01832_LEFT_CC_calcification_1,,,
2107,1,calcification,digitized,4,"[608, 2132, 1760, 3284]",1,CLUSTERED,PLEOMORPHIC,./data/CBIS-DDSM/Calc-Training_P_01832_LEFT_MLO/08-07-2016-DDSM-82862/1.000000-full mammogram images-59808/1-1.dcm,./data/CBIS-DDSM/Calc-Training_P_01832_LEFT_MLO_1/09-06-2017-DDSM-17495/1.000000-ROI mask images-61704/1-2.dcm,MG,1,benign,P_01832,left,5,mlo,P_01832_LEFT_MLO_calcification_1,,,
3516,1,calcification,digitized,4,"[1038, 2664, 2071, 3816]",4,CLUSTERED,AMORPHOUS,./data/CBIS-DDSM/Calc-Test_P_01834_LEFT_MLO/08-29-2017-DDSM-69064/1.000000-full mammogram images-96237/1-1.dcm,./data/CBIS-DDSM/Calc-Test_P_01834_LEFT_MLO_1/08-29-2017-DDSM-30809/1.000000-ROI mask images-81677/1-2.dcm,MG,1,malignant,P_01834,left,2,mlo,P_01834_LEFT_MLO_calcification_1,,,
2653,2,calcification,digitized,4,"[0, 3032, 856, 4184]",3,CLUSTERED,PLEOMORPHIC,./data/CBIS-DDSM/Calc-Training_P_01840_RIGHT_MLO/08-07-2016-DDSM-59485/1.000000-full mammogram images-59538/1-1.dcm,./data/CBIS-DDSM/Calc-Training_P_01840_RIGHT_MLO_2/09-06-2017-DDSM-99023/1.000000-ROI mask images-03119/1-2.dcm,MG,1,malignant,P_01840,right,3,mlo,P_01840_RIGHT_MLO_calcification_2,,,
912,1,calcification,digitized,4,"[1194, 2994, 2221, 4145]",3,CLUSTERED,PLEOMORPHIC,./data/CBIS-DDSM/Calc-Training_P_01856_LEFT_CC/08-07-2016-DDSM-46595/1.000000-full mammogram images-44084/1-1.dcm,./data/CBIS-DDSM/Calc-Training_P_01856_LEFT_CC_1/09-06-2017-DDSM-77597/1.000000-ROI mask images-10205/1-2.dcm,MG,1,malignant,P_01856,left,2,cc,P_01856_LEFT_CC_calcification_1,,,
2081,1,calcification,digitized,4,"[1669, 1891, 2521, 3043]",3,CLUSTERED,PLEOMORPHIC,./data/CBIS-DDSM/Calc-Training_P_01856_LEFT_MLO/08-07-2016-DDSM-30462/1.000000-full mammogram images-73519/1-1.dcm,./data/CBIS-DDSM/Calc-Training_P_01856_LEFT_MLO_1/09-06-2017-DDSM-85410/1.000000-ROI mask images-62246/1-2.dcm,MG,1,malignant,P_01856,left,2,mlo,P_01856_LEFT_MLO_calcification_1,,,
25,1,calcification,digitized,4,"[1647, 2903, 2581, 4055]",4,CLUSTERED,PUNCTATE,./data/CBIS-DDSM/Calc-Test_P_01861_LEFT_CC/08-29-2017-DDSM-92943/1.000000-full mammogram images-79522/1-1.dcm,./data/CBIS-DDSM/Calc-Test_P_01861_LEFT_CC_1/08-29-2017-DDSM-83044/1.000000-ROI mask images-14119/1-2.dcm,MG,1,malignant,P_01861,left,2,cc,P_01861_LEFT_CC_calcification_1,,,
2976,1,calcification,digitized,4,"[1624, 2624, 2746, 3776]",4,CLUSTERED,PUNCTATE,./data/CBIS-DDSM/Calc-Test_P_01861_LEFT_MLO/08-29-2017-DDSM-62829/1.000000-full mammogram images-96519/1-1.dcm,./data/CBIS-DDSM/Calc-Test_P_01861_LEFT_MLO_1/08-29-2017-DDSM-40191/1.000000-ROI mask images-86270/1-2.dcm,MG,1,malignant,P_01861,left,2,mlo,P_01861_LEFT_MLO_calcification_1,,,
1585,1,calcification,digitized,4,"[1348, 1468, 2371, 2619]",4,CLUSTERED,PLEOMORPHIC,./data/CBIS-DDSM/Calc-Test_P_01872_LEFT_CC/08-29-2017-DDSM-76967/1.000000-full mammogram images-64058/1-1.dcm,./data/CBIS-DDSM/Calc-Test_P_01872_LEFT_CC_1/08-29-2017-DDSM-36860/1.000000-ROI mask images-54467/1-2.dcm,MG,1,benign,P_01872,left,4,cc,P_01872_LEFT_CC_calcification_1,,,
3440,1,calcification,digitized,4,"[1032, 2212, 2183, 3364]",4,CLUSTERED,PLEOMORPHIC,./data/CBIS-DDSM/Calc-Test_P_01872_LEFT_MLO/08-29-2017-DDSM-71581/1.000000-full mammogram images-82248/1-1.dcm,./data/CBIS-DDSM/Calc-Test_P_01872_LEFT_MLO_1/08-29-2017-DDSM-49878/1.000000-ROI mask images-09069/1-2.dcm,MG,1,benign,P_01872,left,4,mlo,P_01872_LEFT_MLO_calcification_1,,,
3346,1,calcification,digitized,2,"[396, 1740, 1548, 2892]",1,,LUCENT_CENTERED,./data/CBIS-DDSM/Calc-Training_P_01885_LEFT_CC/08-07-2016-DDSM-52613/1.000000-full mammogram images-62072/1-1.dcm,./data/CBIS-DDSM/Calc-Training_P_01885_LEFT_CC_1/09-06-2017-DDSM-08780/1.000000-ROI mask images-39413/1-2.dcm,MG,1,benign,P_01885,left,3,cc,P_01885_LEFT_CC_calcification_1,,,
622,1,calcification,digitized,2,"[1288, 2296, 2440, 3448]",1,,LUCENT_CENTERED,./data/CBIS-DDSM/Calc-Training_P_01885_LEFT_MLO/08-07-2016-DDSM-25345/1.000000-full mammogram images-10916/1-1.dcm,./data/CBIS-DDSM/Calc-Training_P_01885_LEFT_MLO_1/09-06-2017-DDSM-45575/1.000000-ROI mask images-00420/1-2.dcm,MG,1,benign,P_01885,left,3,mlo,P_01885_LEFT_MLO_calcification_1,,,
1103,1,calcification,digitized,2,"[1692, 2744, 2844, 3896]",1,,LUCENT_CENTERED,./data/CBIS-DDSM/Calc-Training_P_01885_RIGHT_CC/08-07-2016-DDSM-46883/1.000000-full mammogram images-14021/1-1.dcm,./data/CBIS-DDSM/Calc-Training_P_01885_RIGHT_CC_1/09-06-2017-DDSM-31058/1.000000-ROI mask images-12026/1-2.dcm,MG,1,benign,P_01885,right,3,cc,P_01885_RIGHT_CC_calcification_1,,,
3212,1,calcification,digitized,2,"[1148, 2224, 2300, 3376]",1,,LUCENT_CENTERED,./data/CBIS-DDSM/Calc-Training_P_01885_RIGHT_MLO/08-07-2016-DDSM-13543/1.000000-full mammogram images-29587/1-1.dcm,./data/CBIS-DDSM/Calc-Training_P_01885_RIGHT_MLO_1/09-06-2017-DDSM-62173/1.000000-ROI mask images-67206/1-2.dcm,MG,1,benign,P_01885,right,3,mlo,P_01885_RIGHT_MLO_calcification_1,,,
326,1,calcification,digitized,3,"[0, 1688, 964, 2840]",3,LINEAR,FINE_LINEAR_BRANCHING,./data/CBIS-DDSM/Calc-Training_P_02133_LEFT_CC/08-07-2016-DDSM-59271/1.000000-full mammogram images-95454/1-1.dcm,./data/CBIS-DDSM/Calc-Training_P_02133_LEFT_CC_1/09-06-2017-DDSM-91629/1.000000-ROI mask images-03100/1-2.dcm,MG,1,malignant,P_02133,left,3,cc,P_02133_LEFT_CC_calcification_1,,,
1368,1,calcification,digitized,3,"[0, 2107, 938, 3259]",3,LINEAR,FINE_LINEAR_BRANCHING,./data/CBIS-DDSM/Calc-Training_P_02133_LEFT_MLO/08-07-2016-DDSM-15697/1.000000-full mammogram images-84537/1-1.dcm,./data/CBIS-DDSM/Calc-Training_P_02133_LEFT_MLO_1/09-06-2017-DDSM-28638/1.000000-ROI mask images-15964/1-2.dcm,MG,1,malignant,P_02133,left,3,mlo,P_02133_LEFT_MLO_calcification_1,,,
1450,1,calcification,digitized,5,"[1474, 3015, 2626, 4167]",4,REGIONAL,AMORPHOUS-PLEOMORPHIC,./data/CBIS-DDSM/Calc-Test_P_02176_RIGHT_CC/08-29-2017-DDSM-84704/1.000000-full mammogram images-27152/1-1.dcm,./data/CBIS-DDSM/Calc-Test_P_02176_RIGHT_CC_1/08-29-2017-DDSM-96266/1.000000-ROI mask images-81115/1-2.dcm,MG,1,malignant,P_02176,right,5,cc,P_02176_RIGHT_CC_calcification_1,,,
1845,1,calcification,digitized,5,"[1612, 3223, 2764, 4375]",4,REGIONAL,AMORPHOUS-PLEOMORPHIC,./data/CBIS-DDSM/Calc-Test_P_02176_RIGHT_MLO/08-29-2017-DDSM-33174/1.000000-full mammogram images-82696/1-1.dcm,./data/CBIS-DDSM/Calc-Test_P_02176_RIGHT_MLO_1/08-29-2017-DDSM-38095/1.000000-ROI mask images-34408/1-2.dcm,MG,1,malignant,P_02176,right,5,mlo,P_02176_RIGHT_MLO_calcification_1,,,
709,1,calcification,digitized,0,"[340, 2613, 1492, 3765]",2,CLUSTERED,PLEOMORPHIC,./data/CBIS-DDSM/Calc-Training_P_02285_LEFT_CC/08-07-2016-DDSM-16953/1.000000-full mammogram images-97451/1-1.dcm,./data/CBIS-DDSM/Calc-Training_P_02285_LEFT_CC_1/09-06-2017-DDSM-00942/1.000000-ROI mask images-20636/1-2.dcm,MG,1,malignant,P_02285,left,2,cc,P_02285_LEFT_CC_calcification_1,,,
3229,1,calcification,digitized,0,"[622, 3068, 1774, 4220]",2,CLUSTERED,PLEOMORPHIC,./data/CBIS-DDSM/Calc-Training_P_02285_LEFT_MLO/08-07-2016-DDSM-23573/1.000000-full mammogram images-69149/1-1.dcm,./data/CBIS-DDSM/Calc-Training_P_02285_LEFT_MLO_1/09-06-2017-DDSM-55556/1.000000-ROI mask images-17724/1-2.dcm,MG,1,malignant,P_02285,left,2,mlo,P_02285_LEFT_MLO_calcification_1,,,
248,1,calcification,digitized,0,"[1993, 3500, 3145, 4652]",2,CLUSTERED,PUNCTATE,./data/CBIS-DDSM/Calc-Training_P_02318_RIGHT_CC/08-07-2016-DDSM-09170/1.000000-full mammogram images-91095/1-1.dcm,./data/CBIS-DDSM/Calc-Training_P_02318_RIGHT_CC_1/09-06-2017-DDSM-67051/1.000000-ROI mask images-77697/1-2.dcm,MG,1,benign,P_02318,right,2,cc,P_02318_RIGHT_CC_calcification_1,,,
712,1,calcification,digitized,0,"[2866, 3848, 3946, 5000]",2,CLUSTERED,PUNCTATE,./data/CBIS-DDSM/Calc-Training_P_02318_RIGHT_MLO/08-07-2016-DDSM-67499/1.000000-full mammogram images-55342/1-1.dcm,./data/CBIS-DDSM/Calc-Training_P_02318_RIGHT_MLO_1/09-06-2017-DDSM-18531/1.000000-ROI mask images-89026/1-2.dcm,MG,1,benign,P_02318,right,2,mlo,P_02318_RIGHT_MLO_calcification_1,,,
1258,1,calcification,digitized,0,"[1628, 966, 2780, 2118]",3,CLUSTERED,PLEOMORPHIC,./data/CBIS-DDSM/Calc-Training_P_02405_RIGHT_CC/08-07-2016-DDSM-40983/1.000000-full mammogram images-88690/1-1.dcm,./data/CBIS-DDSM/Calc-Training_P_02405_RIGHT_CC_1/09-06-2017-DDSM-02371/1.000000-ROI mask images-34397/1-2.dcm,MG,1,malignant,P_02405,right,4,cc,P_02405_RIGHT_CC_calcification_1,,,
3209,1,calcification,digitized,0,"[1181, 2541, 2333, 3693]",3,CLUSTERED,PLEOMORPHIC,./data/CBIS-DDSM/Calc-Training_P_02405_RIGHT_MLO/08-07-2016-DDSM-32580/1.000000-full mammogram images-91051/1-1.dcm,./data/CBIS-DDSM/Calc-Training_P_02405_RIGHT_MLO_1/09-06-2017-DDSM-09627/1.000000-ROI mask images-65170/1-2.dcm,MG,1,malignant,P_02405,right,4,mlo,P_02405_RIGHT_MLO_calcification_1,,,
2543,1,calcification,digitized,5,"[1124, 1989, 2276, 3141]",1,LINEAR,PLEOMORPHIC,./data/CBIS-DDSM/Calc-Training_P_02442_LEFT_CC/08-07-2016-DDSM-69885/1.000000-full mammogram images-84895/1-1.dcm,./data/CBIS-DDSM/Calc-Training_P_02442_LEFT_CC_1/09-06-2017-DDSM-78997/1.000000-ROI mask images-66845/1-2.dcm,MG,1,malignant,P_02442,left,5,cc,P_02442_LEFT_CC_calcification_1,,,
2130,1,calcification,digitized,5,"[1334, 2456, 2486, 3608]",1,LINEAR,PLEOMORPHIC,./data/CBIS-DDSM/Calc-Training_P_02442_LEFT_MLO/08-07-2016-DDSM-99416/1.000000-full mammogram images-88987/1-1.dcm,./data/CBIS-DDSM/Calc-Training_P_02442_LEFT_MLO_1/09-06-2017-DDSM-28592/1.000000-ROI mask images-52676/1-2.dcm,MG,1,malignant,P_02442,left,5,mlo,P_02442_LEFT_MLO_calcification_1,,,
535,1,calcification,digitized,3,"[1248, 1520, 2400, 2672]",1,CLUSTERED,PLEOMORPHIC,./data/CBIS-DDSM/Calc-Training_P_02456_LEFT_MLO/08-07-2016-DDSM-40030/1.000000-full mammogram images-65672/1-1.dcm,./data/CBIS-DDSM/Calc-Training_P_02456_LEFT_MLO_1/09-06-2017-DDSM-13876/1.000000-ROI mask images-75056/1-2.dcm,MG,1,malignant,P_02456,left,5,mlo,P_02456_LEFT_MLO_calcification_1,,,
2375,1,calcification,digitized,3,"[1504, 2036, 2626, 3188]",2,CLUSTERED,AMORPHOUS,./data/CBIS-DDSM/Calc-Training_P_02459_RIGHT_CC/08-07-2016-DDSM-48468/1.000000-full mammogram images-34201/1-1.dcm,./data/CBIS-DDSM/Calc-Training_P_02459_RIGHT_CC_1/09-06-2017-DDSM-34779/1.000000-ROI mask images-50731/1-2.dcm,MG,1,malignant,P_02459,right,3,cc,P_02459_RIGHT_CC_calcification_1,,,
938,1,calcification,digitized,3,"[1187, 3764, 2339, 4916]",2,CLUSTERED,AMORPHOUS,./data/CBIS-DDSM/Calc-Training_P_02459_RIGHT_MLO/08-07-2016-DDSM-38023/1.000000-full mammogram images-34918/1-1.dcm,./data/CBIS-DDSM/Calc-Training_P_02459_RIGHT_MLO_1/09-06-2017-DDSM-61642/1.000000-ROI mask images-90264/1-2.dcm,MG,1,malignant,P_02459,right,3,mlo,P_02459_RIGHT_MLO_calcification_1,,,
1988,1,calcification,digitized,0,"[847, 3315, 1999, 4467]",2,CLUSTERED,FINE_LINEAR_BRANCHING,./data/CBIS-DDSM/Calc-Test_P_02464_RIGHT_CC/08-29-2017-DDSM-44314/1.000000-full mammogram images-70301/1-1.dcm,./data/CBIS-DDSM/Calc-Test_P_02464_RIGHT_CC_1/08-29-2017-DDSM-63988/1.000000-ROI mask images-97427/1-2.dcm,MG,1,malignant,P_02464,right,4,cc,P_02464_RIGHT_CC_calcification_1,,,
2385,1,calcification,digitized,0,"[1838, 5382, 2990, 6534]",2,CLUSTERED,FINE_LINEAR_BRANCHING,./data/CBIS-DDSM/Calc-Test_P_02464_RIGHT_MLO/08-29-2017-DDSM-71424/1.000000-full mammogram images-09109/1-1.dcm,./data/CBIS-DDSM/Calc-Test_P_02464_RIGHT_MLO_1/08-29-2017-DDSM-85551/1.000000-ROI mask images-75256/1-2.dcm,MG,1,malignant,P_02464,right,4,mlo,P_02464_RIGHT_MLO_calcification_1,,,
2114,1,calcification,digitized,0,"[681, 2135, 1833, 3287]",4,CLUSTERED,PUNCTATE,./data/CBIS-DDSM/Calc-Test_P_02498_RIGHT_CC/08-29-2017-DDSM-88354/1.000000-full mammogram images-41668/1-1.dcm,./data/CBIS-DDSM/Calc-Test_P_02498_RIGHT_CC_1/08-29-2017-DDSM-29588/1.000000-ROI mask images-78277/1-2.dcm,MG,1,benign,P_02498,right,3,cc,P_02498_RIGHT_CC_calcification_1,,,
1467,1,calcification,digitized,0,"[725, 3304, 1877, 4456]",4,CLUSTERED,PUNCTATE,./data/CBIS-DDSM/Calc-Test_P_02498_RIGHT_MLO/08-29-2017-DDSM-73289/1.000000-full mammogram images-82815/1-1.dcm,./data/CBIS-DDSM/Calc-Test_P_02498_RIGHT_MLO_1/08-29-2017-DDSM-84874/1.000000-ROI mask images-86070/1-2.dcm,MG,1,benign,P_02498,right,3,mlo,P_02498_RIGHT_MLO_calcification_1,,,
1512,1,calcification,digitized,0,"[1551, 630, 2311, 1782]",3,CLUSTERED,PLEOMORPHIC,./data/CBIS-DDSM/Calc-Test_P_02501_RIGHT_CC/08-29-2017-DDSM-60345/1.000000-full mammogram images-17912/1-1.dcm,./data/CBIS-DDSM/Calc-Test_P_02501_RIGHT_CC_1/08-29-2017-DDSM-51128/1.000000-ROI mask images-11848/1-2.dcm,MG,1,malignant,P_02501,right,3,cc,P_02501_RIGHT_CC_calcification_1,,,
272,1,calcification,digitized,0,"[1035, 1883, 2187, 3035]",3,CLUSTERED,PLEOMORPHIC,./data/CBIS-DDSM/Calc-Test_P_02501_RIGHT_MLO/08-29-2017-DDSM-93714/1.000000-full mammogram images-10689/1-1.dcm,./data/CBIS-DDSM/Calc-Test_P_02501_RIGHT_MLO_1/08-29-2017-DDSM-30126/1.000000-ROI mask images-03724/1-2.dcm,MG,1,malignant,P_02501,right,3,mlo,P_02501_RIGHT_MLO_calcification_1,,,
1133,1,calcification,digitized,5,"[1638, 2569, 2790, 3721]",3,SEGMENTAL,AMORPHOUS,./data/CBIS-DDSM/Calc-Training_P_02518_RIGHT_CC/08-07-2016-DDSM-18770/1.000000-full mammogram images-64099/1-1.dcm,./data/CBIS-DDSM/Calc-Training_P_02518_RIGHT_CC_1/09-06-2017-DDSM-28985/1.000000-ROI mask images-40125/1-2.dcm,MG,1,malignant,P_02518,right,3,cc,P_02518_RIGHT_CC_calcification_1,,,
2189,1,calcification,digitized,5,"[1616, 3924, 2768, 5076]",3,SEGMENTAL,AMORPHOUS,./data/CBIS-DDSM/Calc-Training_P_02518_RIGHT_MLO/08-07-2016-DDSM-48963/1.000000-full mammogram images-15086/1-1.dcm,./data/CBIS-DDSM/Calc-Training_P_02518_RIGHT_MLO_1/09-06-2017-DDSM-97136/1.000000-ROI mask images-62171/1-2.dcm,MG,1,malignant,P_02518,right,3,mlo,P_02518_RIGHT_MLO_calcification_1,,,
65,1,calcification,digitized,0,"[927, 1577, 2079, 2729]",2,SEGMENTAL,AMORPHOUS,./data/CBIS-DDSM/Calc-Training_P_02522_RIGHT_CC/08-07-2016-DDSM-77236/1.000000-full mammogram images-06885/1-1.dcm,./data/CBIS-DDSM/Calc-Training_P_02522_RIGHT_CC_1/09-06-2017-DDSM-88469/1.000000-ROI mask images-34580/1-2.dcm,MG,1,malignant,P_02522,right,3,cc,P_02522_RIGHT_CC_calcification_1,,,
2047,1,calcification,digitized,0,"[1052, 2618, 2204, 3770]",2,SEGMENTAL,AMORPHOUS,./data/CBIS-DDSM/Calc-Training_P_02522_RIGHT_MLO/08-07-2016-DDSM-24554/1.000000-full mammogram images-02840/1-1.dcm,./data/CBIS-DDSM/Calc-Training_P_02522_RIGHT_MLO_1/09-06-2017-DDSM-95205/1.000000-ROI mask images-36664/1-2.dcm,MG,1,malignant,P_02522,right,3,mlo,P_02522_RIGHT_MLO_calcification_1,,,
2334,1,calcification,digitized,0,"[968, 2988, 2120, 4140]",2,CLUSTERED,AMORPHOUS,./data/CBIS-DDSM/Calc-Training_P_02572_LEFT_CC/08-07-2016-DDSM-71087/1.000000-full mammogram images-83907/1-1.dcm,./data/CBIS-DDSM/Calc-Training_P_02572_LEFT_CC_1/09-06-2017-DDSM-90086/1.000000-ROI mask images-44809/1-2.dcm,MG,1,malignant,P_02572,left,2,cc,P_02572_LEFT_CC_calcification_1,,,
1574,1,calcification,digitized,0,"[944, 4768, 2096, 5920]",2,CLUSTERED,AMORPHOUS,./data/CBIS-DDSM/Calc-Training_P_02572_LEFT_MLO/08-07-2016-DDSM-66836/1.000000-full mammogram images-75527/1-1.dcm,./data/CBIS-DDSM/Calc-Training_P_02572_LEFT_MLO_1/09-06-2017-DDSM-43142/1.000000-ROI mask images-12578/1-2.dcm,MG,1,malignant,P_02572,left,2,mlo,P_02572_LEFT_MLO_calcification_1,,,
