,abnormality idx,abnormality type,acquisition type,assessment score,bbox,breast density,calc distribution,calc morphology,image_file,mask_file,modality,num abnormalities,pathology,patient_id,side,subtlety,view,name,mass margins,mass shape,associated findings
369,1,calcification,digitized,3,"[1327, 2367, 2479, 3519]",3,CLUSTERED,AMORPHOUS,./data/CBIS-DDSM/Calc-Training_P_00005_RIGHT_CC/08-07-2016-DDSM-23157/1.000000-full mammogram images-38548/1-1.dcm,./data/CBIS-DDSM/Calc-Training_P_00005_RIGHT_CC_1/08-30-2017-DDSM-09081/1.000000-cropped images-94682/1-1.dcm,MG,1,malignant,P_00005,right,3,cc,P_00005_RIGHT_CC_calcification_1,,,
3376,1,calcification,digitized,3,"[1284, 2972, 2436, 4124]",3,CLUSTERED,AMORPHOUS,./data/CBIS-DDSM/Calc-Training_P_00005_RIGHT_MLO/08-07-2016-DDSM-33338/1.000000-full mammogram images-96727/1-1.dcm,./data/CBIS-DDSM/Calc-Training_P_00005_RIGHT_MLO_1/09-06-2017-DDSM-81938/1.000000-ROI mask images-22894/1-2.dcm,MG,1,malignant,P_00005,right,3,mlo,P_00005_RIGHT_MLO_calcification_1,,,
31,1,calcification,digitized,4,"[1677, 861, 2671, 2013]",3,CLUSTERED,PLEOMORPHIC,./data/CBIS-DDSM/Calc-Training_P_00011_LEFT_CC/08-07-2016-DDSM-68211/1.000000-full mammogram images-60014/1-1.dcm,./data/CBIS-DDSM/Calc-Training_P_00011_LEFT_CC_1/09-06-2017-DDSM-17919/1.000000-ROI mask images-22478/1-2.dcm,MG,1,benign,P_00011,left,1,cc,P_00011_LEFT_CC_calcification_1,,,
2953,1,calcification,digitized,4,"[1903, 2452, 2941, 3604]",3,CLUSTERED,PLEOMORPHIC,./data/CBIS-DDSM/Calc-Training_P_00011_LEFT_MLO/08-07-2016-DDSM-51459/1.000000-full mammogram images-41286/1-1.dcm,./data/CBIS-DDSM/Calc-Training_P_00011_LEFT_MLO_1/09-06-2017-DDSM-72901/1.000000-ROI mask images-04830/1-2.dcm,MG,1,benign,P_00011,left,1,mlo,P_00011_LEFT_MLO_calcification_1,,,
3358,2,calcification,digitized,5,"[788, 2086, 1846, 3238]",4,CLUSTERED,PLEOMORPHIC,./data/CBIS-DDSM/Calc-Training_P_00016_LEFT_CC/08-07-2016-DDSM-22221/1.000000-full mammogram images-74118/1-1.dcm,./data/CBIS-DDSM/Calc-Training_P_00016_LEFT_CC_2/09-06-2017-DDSM-83582/1.000000-ROI mask images-37522/1-2.dcm,MG,1,malignant,P_00016,left,5,cc,P_00016_LEFT_CC_calcification_2,,,
97,2,calcification,digitized,5,"[1189, 3264, 2011, 4416]",4,CLUSTERED,PLEOMORPHIC,./data/CBIS-DDSM/Calc-Training_P_00016_LEFT_MLO/08-07-2016-DDSM-62962/1.000000-full mammogram images-59315/1-1.dcm,./data/CBIS-DDSM/Calc-Training_P_00016_LEFT_MLO_2/09-06-2017-DDSM-67995/1.000000-ROI mask images-74926/1-2.dcm,MG,1,malignant,P_00016,left,5,mlo,P_00016_LEFT_MLO_calcification_2,,,
854,1,calcification,digitized,4,"[0, 768, 888, 1920]",4,CLUSTERED,PLEOMORPHIC,./data/CBIS-DDSM/Calc-Training_P_00019_RIGHT_CC/08-07-2016-DDSM-84889/1.000000-full mammogram images-40915/1-1.dcm,./data/CBIS-DDSM/Calc-Training_P_00019_RIGHT_CC_1/09-06-2017-DDSM-62244/1.000000-ROI mask images-95682/1-2.dcm,MG,1,benign,P_00019,right,2,cc,P_00019_RIGHT_CC_calcification_1,,,
3448,1,calcification,digitized,4,"[688, 1628, 1840, 2780]",4,CLUSTERED,PLEOMORPHIC,./data/CBIS-DDSM/Calc-Training_P_00019_RIGHT_MLO/08-07-2016-DDSM-35937/1.000000-full mammogram images-71318/1-1.dcm,./data/CBIS-DDSM/Calc-Training_P_00019_RIGHT_MLO_1/09-06-2017-DDSM-89563/1.000000-ROI mask images-76980/1-2.dcm,MG,1,benign,P_00019,right,2,mlo,P_00019_RIGHT_MLO_calcification_1,,,
2856,1,calcification,digitized,4,"[1318, 1864, 2296, 3016]",4,CLUSTERED,PLEOMORPHIC,./data/CBIS-DDSM/Calc-Training_P_00028_LEFT_MLO/08-07-2016-DDSM-75937/1.000000-full mammogram images-56433/1-1.dcm,./data/CBIS-DDSM/Calc-Training_P_00028_LEFT_MLO_1/09-06-2017-DDSM-21473/1.000000-ROI mask images-91176/1-2.dcm,MG,1,benign,P_00028,left,1,mlo,P_00028_LEFT_MLO_calcification_1,,,
3350,1,calcification,digitized,4,"[0, 1504, 976, 2656]",2,CLUSTERED,PUNCTATE-PLEOMORPHIC,./data/CBIS-DDSM/Calc-Test_P_00038_LEFT_CC/08-29-2017-DDSM-96009/1.000000-full mammogram images-63992/1-1.dcm,./data/CBIS-DDSM/Calc-Test_P_00038_LEFT_CC_1/08-29-2017-DDSM-94942/1.000000-ROI mask images-18515/1-2.dcm,MG,1,benign,P_00038,left,2,cc,P_00038_LEFT_CC_calcification_1,,,
2355,1,calcification,digitized,4,"[88, 3352, 1240, 4504]",2,CLUSTERED,PUNCTATE-PLEOMORPHIC,./data/CBIS-DDSM/Calc-Test_P_00038_LEFT_MLO/08-29-2017-DDSM-17613/1.000000-full mammogram images-97934/1-1.dcm,./data/CBIS-DDSM/Calc-Test_P_00038_LEFT_MLO_1/08-29-2017-DDSM-11739/1.000000-ROI mask images-88680/1-2.dcm,MG,1,benign,P_00038,left,2,mlo,P_00038_LEFT_MLO_calcification_1,,,
2725,1,calcification,digitized,2,"[1844, 632, 2744, 1784]",2,,VASCULAR,./data/CBIS-DDSM/Calc-Test_P_00038_RIGHT_CC/08-29-2017-DDSM-28468/1.000000-full mammogram images-63304/1-1.dcm,./data/CBIS-DDSM/Calc-Test_P_00038_RIGHT_CC_1/08-29-2017-DDSM-83105/1.000000-ROI mask images-37851/1-2.dcm,MG,2,benign,P_00038,right,5,cc,P_00038_RIGHT_CC_calcification_1,,,
3375,2,calcification,digitized,2,"[1812, 1948, 2744, 3100]",2,,VASCULAR,./data/CBIS-DDSM/Calc-Test_P_00038_RIGHT_CC/08-29-2017-DDSM-28468/1.000000-full mammogram images-63304/1-1.dcm,./data/CBIS-DDSM/Calc-Test_P_00038_RIGHT_CC_2/08-29-2017-DDSM-67143/1.000000-ROI mask images-07570/1-2.dcm,MG,2,benign,P_00038,right,5,cc,P_00038_RIGHT_CC_calcification_2,,,
2206,1,calcification,digitized,2,"[1796, 1336, 2928, 2488]",2,,VASCULAR,./data/CBIS-DDSM/Calc-Test_P_00038_RIGHT_MLO/08-29-2017-DDSM-85215/1.000000-full mammogram images-08846/1-1.dcm,./data/CBIS-DDSM/Calc-Test_P_00038_RIGHT_MLO_1/08-29-2017-DDSM-65172/1.000000-ROI mask images-21714/1-2.dcm,MG,2,benign,P_00038,right,5,mlo,P_00038_RIGHT_MLO_calcification_1,,,
3470,2,calcification,digitized,2,"[1940, 2812, 2928, 3964]",2,,VASCULAR,./data/CBIS-DDSM/Calc-Test_P_00038_RIGHT_MLO/08-29-2017-DDSM-85215/1.000000-full mammogram images-08846/1-1.dcm,./data/CBIS-DDSM/Calc-Test_P_00038_RIGHT_MLO_2/08-29-2017-DDSM-68463/1.000000-ROI mask images-04551/1-2.dcm,MG,2,benign,P_00038,right,5,mlo,P_00038_RIGHT_MLO_calcification_2,,,
152,1,calcification,digitized,4,"[1867, 3261, 3019, 4413]",2,CLUSTERED,PLEOMORPHIC,./data/CBIS-DDSM/Calc-Training_P_00078_LEFT_CC/08-07-2016-DDSM-74864/1.000000-full mammogram images-74029/1-1.dcm,./data/CBIS-DDSM/Calc-Training_P_00078_LEFT_CC_1/09-06-2017-DDSM-28959/1.000000-ROI mask images-06978/1-2.dcm,MG,1,malignant,P_00078,left,1,cc,P_00078_LEFT_CC_calcification_1,,,
2223,1,calcification,digitized,4,"[1236, 3040, 2388, 4192]",2,CLUSTERED,PLEOMORPHIC,./data/CBIS-DDSM/Calc-Training_P_00078_LEFT_MLO/08-07-2016-DDSM-94271/1.000000-full mammogram images-28597/1-1.dcm,./data/CBIS-DDSM/Calc-Training_P_00078_LEFT_MLO_1/09-06-2017-DDSM-23716/1.000000-ROI mask images-77562/1-2.dcm,MG,1,malignant,P_00078,left,1,mlo,P_00078_LEFT_MLO_calcification_1,,,
1023,1,calcification,digitized,4,"[0, 1860, 1152, 3012]",4,SEGMENTAL,AMORPHOUS,./data/CBIS-DDSM/Calc-Training_P_00151_RIGHT_MLO/08-07-2016-DDSM-98042/1.000000-full mammogram images-03094/1-1.dcm,./data/CBIS-DDSM/Calc-Training_P_00151_RIGHT_MLO_1/09-06-2017-DDSM-50435/1.000000-ROI mask images-34391/1-2.dcm,MG,1,benign,P_00151,right,3,mlo,P_00151_RIGHT_MLO_calcification_1,,,
740,1,calcification,digitized,4,"[0, 984, 1104, 2136]",2,CLUSTERED,DYSTROPHIC,./data/CBIS-DDSM/Calc-Training_P_00159_LEFT_CC/08-07-2016-DDSM-13396/1.000000-full mammogram images-90565/1-1.dcm,./data/CBIS-DDSM/Calc-Training_P_00159_LEFT_CC_1/09-06-2017-DDSM-24734/1.000000-ROI mask images-42843/1-2.dcm,MG,1,benign,P_00159,left,5,cc,P_00159_LEFT_CC_calcification_1,,,
1125,1,calcification,digitized,4,"[604, 1760, 1756, 2912]",2,CLUSTERED,DYSTROPHIC,./data/CBIS-DDSM/Calc-Training_P_00159_LEFT_MLO/08-07-2016-DDSM-24922/1.000000-full mammogram images-07856/1-1.dcm,./data/CBIS-DDSM/Calc-Training_P_00159_LEFT_MLO_1/09-06-2017-DDSM-65812/1.000000-ROI mask images-81706/1-2.dcm,MG,1,benign,P_00159,left,5,mlo,P_00159_LEFT_MLO_calcification_1,,,
2824,1,calcification,digitized,4,"[68, 1280, 1220, 2432]",1,CLUSTERED,PLEOMORPHIC,./data/CBIS-DDSM/Calc-Test_P_00163_LEFT_CC/08-29-2017-DDSM-14035/1.000000-full mammogram images-04357/1-1.dcm,./data/CBIS-DDSM/Calc-Test_P_00163_LEFT_CC_1/08-29-2017-DDSM-03198/1.000000-ROI mask images-00072/1-2.dcm,MG,1,benign,P_00163,left,4,cc,P_00163_LEFT_CC_calcification_1,,,
857,1,calcification,digitized,4,"[400, 2744, 1552, 3896]",1,CLUSTERED,PLEOMORPHIC,./data/CBIS-DDSM/Calc-Test_P_00163_LEFT_MLO/08-29-2017-DDSM-60281/1.000000-full mammogram images-62045/1-1.dcm,./data/CBIS-DDSM/Calc-Test_P_00163_LEFT_MLO_1/08-29-2017-DDSM-85951/1.000000-ROI mask images-86222/1-2.dcm,MG,1,benign,P_00163,left,4,mlo,P_00163_LEFT_MLO_calcification_1,,,
1782,1,calcification,digitized,4,"[1849, 1540, 3001, 2692]",3,CLUSTERED,PLEOMORPHIC,./data/CBIS-DDSM/Calc-Training_P_00179_LEFT_CC/08-07-2016-DDSM-48814/1.000000-full mammogram images-47613/1-1.dcm,./data/CBIS-DDSM/Calc-Training_P_00179_LEFT_CC_1/09-06-2017-DDSM-88215/1.000000-ROI mask images-98446/1-2.dcm,MG,1,benign,P_00179,left,2,cc,P_00179_LEFT_CC_calcification_1,,,
742,1,calcification,digitized,4,"[1293, 2156, 2445, 3308]",3,CLUSTERED,PLEOMORPHIC,./data/CBIS-DDSM/Calc-Training_P_00179_LEFT_MLO/08-07-2016-DDSM-43505/1.000000-full mammogram images-04260/1-1.dcm,./data/CBIS-DDSM/Calc-Training_P_00179_LEFT_MLO_1/09-06-2017-DDSM-43583/1.000000-ROI mask images-29920/1-2.dcm,MG,1,benign,P_00179,left,2,mlo,P_00179_LEFT_MLO_calcification_1,,,
112,1,calcification,digitized,0,"[592, 1040, 1744, 2192]",2,CLUSTERED,AMORPHOUS,./data/CBIS-DDSM/Calc-Training_P_00182_LEFT_CC/08-07-2016-DDSM-86516/1.000000-full mammogram images-40956/1-1.dcm,./data/CBIS-DDSM/Calc-Training_P_00182_LEFT_CC_1/09-06-2017-DDSM-10605/1.000000-ROI mask images-76194/1-2.dcm,MG,1,benign,P_00182,left,3,cc,P_00182_LEFT_CC_calcification_1,,,
2593,1,calcification,digitized,0,"[958, 3738, 2110, 4890]",2,CLUSTERED,AMORPHOUS,./data/CBIS-DDSM/Calc-Training_P_00182_LEFT_MLO/08-07-2016-DDSM-80624/1.000000-full mammogram images-91620/1-1.dcm,./data/CBIS-DDSM/Calc-Training_P_00182_LEFT_MLO_1/09-06-2017-DDSM-80398/1.000000-ROI mask images-40525/1-2.dcm,MG,1,benign,P_00182,left,3,mlo,P_00182_LEFT_MLO_calcification_1,,,
1345,1,calcification,digitized,4,"[596, 2684, 1748, 3836]",4,CLUSTERED,PLEOMORPHIC,./data/CBIS-DDSM/Calc-Test_P_00195_LEFT_CC/08-29-2017-DDSM-15054/1.000000-full mammogram images-81342/1-1.dcm,./data/CBIS-DDSM/Calc-Test_P_00195_LEFT_CC_1/08-29-2017-DDSM-30030/1.000000-ROI mask images-61953/1-2.dcm,MG,1,benign,P_00195,left,2,cc,P_00195_LEFT_CC_calcification_1,,,
243,1,calcification,digitized,4,"[731, 3112, 1883, 4264]",4,CLUSTERED,PLEOMORPHIC,./data/CBIS-DDSM/Calc-Test_P_00195_LEFT_MLO/08-29-2017-DDSM-98503/1.000000-full mammogram images-55403/1-1.dcm,./data/CBIS-DDSM/Calc-Test_P_00195_LEFT_MLO_1/08-29-2017-DDSM-97777/1.000000-ROI mask images-76287/1-2.dcm,MG,1,benign,P_00195,left,2,mlo,P_00195_LEFT_MLO_calcification_1,,,
1605,1,calcification,digitized,4,"[1308, 1668, 2460, 2820]",2,CLUSTERED,PLEOMORPHIC,./data/CBIS-DDSM/Calc-Test_P_00257_RIGHT_CC/08-29-2017-DDSM-82396/1.000000-full mammogram images-47230/1-1.dcm,./data/CBIS-DDSM/Calc-Test_P_00257_RIGHT_CC_1/08-29-2017-DDSM-33306/1.000000-ROI mask images-95419/1-2.dcm,MG,1,benign,P_00257,right,2,cc,P_00257_RIGHT_CC_calcification_1,,,
1558,1,calcification,digitized,4,"[1324, 2616, 2476, 3768]",2,CLUSTERED,PLEOMORPHIC,./data/CBIS-DDSM/Calc-Test_P_00257_RIGHT_MLO/08-29-2017-DDSM-59926/1.000000-full mammogram images-35052/1-1.dcm,./data/CBIS-DDSM/Calc-Test_P_00257_RIGHT_MLO_1/08-29-2017-DDSM-43683/1.000000-ROI mask images-75490/1-2.dcm,MG,1,benign,P_00257,right,2,mlo,P_00257_RIGHT_MLO_calcification_1,,,
627,1,calcification,digitized,5,"[812, 2992, 1964, 4144]",2,SEGMENTAL,PLEOMORPHIC,./data/CBIS-DDSM/Calc-Training_P_00266_LEFT_CC/08-07-2016-DDSM-39533/1.000000-full mammogram images-82205/1-1.dcm,./data/CBIS-DDSM/Calc-Training_P_00266_LEFT_CC_1/09-06-2017-DDSM-37736/1.000000-ROI mask images-10078/1-2.dcm,MG,1,malignant,P_00266,left,5,cc,P_00266_LEFT_CC_calcification_1,,,
1922,1,calcification,digitized,5,"[808, 2664, 1960, 3816]",2,SEGMENTAL,PLEOMORPHIC,./data/CBIS-DDSM/Calc-Training_P_00266_LEFT_MLO/08-07-2016-DDSM-92903/1.000000-full mammogram images-10891/1-1.dcm,./data/CBIS-DDSM/Calc-Training_P_00266_LEFT_MLO_1/09-06-2017-DDSM-17075/1.000000-ROI mask images-66895/1-2.dcm,MG,1,malignant,P_00266,left,5,mlo,P_00266_LEFT_MLO_calcification_1,,,
2904,1,calcification,digitized,4,"[1580, 3812, 2732, 4964]",2,CLUSTERED,PLEOMORPHIC,./data/CBIS-DDSM/Calc-Training_P_00274_RIGHT_MLO/08-07-2016-DDSM-31343/1.000000-full mammogram images-95180/1-1.dcm,./data/CBIS-DDSM/Calc-Training_P_00274_RIGHT_MLO_1/09-06-2017-DDSM-46146/1.000000-ROI mask images-42741/1-2.dcm,MG,1,benign,P_00274,right,1,mlo,P_00274_RIGHT_MLO_calcification_1,,,
2825,1,calcification,digitized,4,"[199, 1961, 1350, 3113]",1,CLUSTERED,PLEOMORPHIC,./data/CBIS-DDSM/Calc-Training_P_00288_RIGHT_CC/08-07-2016-DDSM-45715/1.000000-full mammogram images-79009/1-1.dcm,./data/CBIS-DDSM/Calc-Training_P_00288_RIGHT_CC_1/09-06-2017-DDSM-38470/1.000000-ROI mask images-13046/1-2.dcm,MG,1,malignant,P_00288,right,3,cc,P_00288_RIGHT_CC_calcification_1,,,
1406,1,calcification,digitized,4,"[106, 3651, 1258, 4803]",1,CLUSTERED,PLEOMORPHIC,./data/CBIS-DDSM/Calc-Training_P_00288_RIGHT_MLO/08-07-2016-DDSM-68822/1.000000-full mammogram images-51220/1-1.dcm,./data/CBIS-DDSM/Calc-Training_P_00288_RIGHT_MLO_1/09-06-2017-DDSM-48152/1.000000-ROI mask images-77278/1-2.dcm,MG,1,malignant,P_00288,right,3,mlo,P_00288_RIGHT_MLO_calcification_1,,,
2211,1,calcification,digitized,4,"[1353, 1436, 2505, 2588]",4,CLUSTERED,PUNCTATE,./data/CBIS-DDSM/Calc-Training_P_00293_LEFT_CC/08-07-2016-DDSM-72852/1.000000-full mammogram images-90861/1-1.dcm,./data/CBIS-DDSM/Calc-Training_P_00293_LEFT_CC_1/09-06-2017-DDSM-09348/1.000000-ROI mask images-91481/1-2.dcm,MG,1,malignant,P_00293,left,2,cc,P_00293_LEFT_CC_calcification_1,,,
2686,1,calcification,digitized,4,"[1327, 2256, 2479, 3408]",4,CLUSTERED,PUNCTATE,./data/CBIS-DDSM/Calc-Training_P_00293_LEFT_MLO/08-07-2016-DDSM-01907/1.000000-full mammogram images-12625/1-1.dcm,./data/CBIS-DDSM/Calc-Training_P_00293_LEFT_MLO_1/09-06-2017-DDSM-30134/1.000000-ROI mask images-63464/1-2.dcm,MG,1,malignant,P_00293,left,2,mlo,P_00293_LEFT_MLO_calcification_1,,,
295,1,calcification,digitized,4,"[925, 2744, 2077, 3896]",4,SEGMENTAL,PLEOMORPHIC,./data/CBIS-DDSM/Calc-Test_P_00299_LEFT_MLO/08-29-2017-DDSM-65598/1.000000-full mammogram images-58142/1-1.dcm,./data/CBIS-DDSM/Calc-Test_P_00299_LEFT_MLO_1/08-29-2017-DDSM-05579/1.000000-ROI mask images-52120/1-2.dcm,MG,1,malignant,P_00299,left,3,mlo,P_00299_LEFT_MLO_calcification_1,,,
1484,1,calcification,digitized,4,"[404, 2014, 1556, 3166]",4,SEGMENTAL,FINE_LINEAR_BRANCHING,./data/CBIS-DDSM/Calc-Test_P_00299_RIGHT_CC/08-29-2017-DDSM-28747/1.000000-full mammogram images-04995/1-1.dcm,./data/CBIS-DDSM/Calc-Test_P_00299_RIGHT_CC_1/08-29-2017-DDSM-75253/1.000000-ROI mask images-03241/1-2.dcm,MG,1,malignant,P_00299,right,4,cc,P_00299_RIGHT_CC_calcification_1,,,
2185,1,calcification,digitized,4,"[544, 3444, 1696, 4596]",4,SEGMENTAL,FINE_LINEAR_BRANCHING,./data/CBIS-DDSM/Calc-Test_P_00299_RIGHT_MLO/08-29-2017-DDSM-65192/1.000000-full mammogram images-28043/1-1.dcm,./data/CBIS-DDSM/Calc-Test_P_00299_RIGHT_MLO_1/08-29-2017-DDSM-63777/1.000000-ROI mask images-10820/1-2.dcm,MG,1,malignant,P_00299,right,4,mlo,P_00299_RIGHT_MLO_calcification_1,,,
2098,1,calcification,digitized,4,"[552, 1256, 1704, 2408]",3,CLUSTERED,PLEOMORPHIC,./data/CBIS-DDSM/Calc-Training_P_00308_LEFT_CC/08-07-2016-DDSM-81652/1.000000-full mammogram images-96423/1-1.dcm,./data/CBIS-DDSM/Calc-Training_P_00308_LEFT_CC_1/09-06-2017-DDSM-99684/1.000000-ROI mask images-17873/1-2.dcm,MG,1,benign,P_00308,left,3,cc,P_00308_LEFT_CC_calcification_1,,,
44,1,calcification,digitized,4,"[708, 2256, 1860, 3408]",3,CLUSTERED,PLEOMORPHIC,./data/CBIS-DDSM/Calc-Training_P_00308_LEFT_MLO/08-07-2016-DDSM-79759/1.000000-full mammogram images-59865/1-1.dcm,./data/CBIS-DDSM/Calc-Training_P_00308_LEFT_MLO_1/09-06-2017-DDSM-80602/1.000000-ROI mask images-11502/1-2.dcm,MG,1,benign,P_00308,left,3,mlo,P_00308_LEFT_MLO_calcification_1,,,
2630,1,calcification,digitized,4,"[0, 1078, 964, 2230]",4,SEGMENTAL,PLEOMORPHIC,./data/CBIS-DDSM/Calc-Training_P_00311_RIGHT_CC/08-07-2016-DDSM-11329/1.000000-full mammogram images-27447/1-1.dcm,./data/CBIS-DDSM/Calc-Training_P_00311_RIGHT_CC_1/09-06-2017-DDSM-19710/1.000000-ROI mask images-03778/1-2.dcm,MG,1,benign,P_00311,right,3,cc,P_00311_RIGHT_CC_calcification_1,,,
3288,1,calcification,digitized,4,"[1826, 1912, 2978, 3064]",4,CLUSTERED,PLEOMORPHIC,./data/CBIS-DDSM/Calc-Training_P_00318_LEFT_MLO/08-07-2016-DDSM-80544/1.000000-full mammogram images-59620/1-1.dcm,./data/CBIS-DDSM/Calc-Training_P_00318_LEFT_MLO_1/09-06-2017-DDSM-05948/1.000000-ROI mask images-09346/1-2.dcm,MG,1,benign,P_00318,left,2,mlo,P_00318_LEFT_MLO_calcification_1,,,
1648,1,calcification,digitized,5,"[328, 2048, 1480, 3200]",2,CLUSTERED,AMORPHOUS,./data/CBIS-DDSM/Calc-Training_P_00339_LEFT_CC/08-07-2016-DDSM-28609/1.000000-full mammogram images-67576/1-1.dcm,./data/CBIS-DDSM/Calc-Training_P_00339_LEFT_CC_1/09-06-2017-DDSM-56692/1.000000-ROI mask images-72286/1-2.dcm,MG,1,malignant,P_00339,left,4,cc,P_00339_LEFT_CC_calcification_1,,,
726,1,calcification,digitized,5,"[908, 2376, 2060, 3528]",2,CLUSTERED,AMORPHOUS,./data/CBIS-DDSM/Calc-Training_P_00339_LEFT_MLO/08-07-2016-DDSM-29539/1.000000-full mammogram images-13982/1-1.dcm,./data/CBIS-DDSM/Calc-Training_P_00339_LEFT_MLO_1/09-06-2017-DDSM-28414/1.000000-ROI mask images-63784/1-2.dcm,MG,1,malignant,P_00339,left,4,mlo,P_00339_LEFT_MLO_calcification_1,,,
884,1,calcification,digitized,4,"[0, 640, 688, 1792]",2,CLUSTERED,PLEOMORPHIC,./data/CBIS-DDSM/Calc-Test_P_00352_LEFT_CC/08-29-2017-DDSM-56354/1.000000-full mammogram images-56814/1-1.dcm,./data/CBIS-DDSM/Calc-Test_P_00352_LEFT_CC_1/08-29-2017-DDSM-14342/1.000000-ROI mask images-88685/1-2.dcm,MG,1,benign,P_00352,left,4,cc,P_00352_LEFT_CC_calcification_1,,,
1410,1,calcification,digitized,4,"[196, 1596, 1348, 2748]",2,CLUSTERED,PLEOMORPHIC,./data/CBIS-DDSM/Calc-Test_P_00352_LEFT_MLO/08-29-2017-DDSM-94204/1.000000-full mammogram images-22939/1-1.dcm,./data/CBIS-DDSM/Calc-Test_P_00352_LEFT_MLO_1/08-29-2017-DDSM-13417/1.000000-ROI mask images-47463/1-2.dcm,MG,1,benign,P_00352,left,5,mlo,P_00352_LEFT_MLO_calcification_1,,,
470,1,calcification,digitized,4,"[0, 1912, 900, 3064]",3,SEGMENTAL,AMORPHOUS,./data/CBIS-DDSM/Calc-Test_P_00368_LEFT_CC/08-29-2017-DDSM-79820/1.000000-full mammogram images-59109/1-1.dcm,./data/CBIS-DDSM/Calc-Test_P_00368_LEFT_CC_1/08-29-2017-DDSM-63486/1.000000-ROI mask images-10385/1-2.dcm,MG,1,benign,P_00368,left,2,cc,P_00368_LEFT_CC_calcification_1,,,
1453,1,calcification,digitized,4,"[288, 1488, 1440, 2640]",3,SEGMENTAL,AMORPHOUS,./data/CBIS-DDSM/Calc-Test_P_00368_LEFT_MLO/08-29-2017-DDSM-18491/1.000000-full mammogram images-25774/1-1.dcm,./data/CBIS-DDSM/Calc-Test_P_00368_LEFT_MLO_1/08-29-2017-DDSM-60895/1.000000-ROI mask images-83922/1-2.dcm,MG,1,benign,P_00368,left,2,mlo,P_00368_LEFT_MLO_calcification_1,,,
157,2,calcification,digitized,4,"[2492, 1768, 3644, 2920]",1,CLUSTERED,PUNCTATE,./data/CBIS-DDSM/Calc-Training_P_00395_RIGHT_CC/08-07-2016-DDSM-94824/1.000000-full mammogram images-10290/1-1.dcm,./data/CBIS-DDSM/Calc-Training_P_00395_RIGHT_CC_2/09-06-2017-DDSM-58923/1.000000-ROI mask images-66894/1-2.dcm,MG,3,benign,P_00395,right,5,cc,P_00395_RIGHT_CC_calcification_2,,,
254,1,calcification,digitized,4,"[1992, 1436, 3144, 2588]",1,CLUSTERED,PLEOMORPHIC,./data/CBIS-DDSM/Calc-Training_P_00395_RIGHT_CC/08-07-2016-DDSM-94824/1.000000-full mammogram images-10290/1-1.dcm,./data/CBIS-DDSM/Calc-Training_P_00395_RIGHT_CC_1/09-06-2017-DDSM-14069/1.000000-ROI mask images-08000/1-2.dcm,MG,3,benign,P_00395,right,5,cc,P_00395_RIGHT_CC_calcification_1,,,
1206,3,calcification,digitized,4,"[2324, 2464, 3476, 3616]",1,CLUSTERED,FINE_LINEAR_BRANCHING,./data/CBIS-DDSM/Calc-Training_P_00395_RIGHT_CC/08-07-2016-DDSM-94824/1.000000-full mammogram images-10290/1-1.dcm,./data/CBIS-DDSM/Calc-Training_P_00395_RIGHT_CC_3/09-06-2017-DDSM-42707/1.000000-ROI mask images-81785/1-2.dcm,MG,3,benign,P_00395,right,5,cc,P_00395_RIGHT_CC_calcification_3,,,
2039,3,calcification,digitized,4,"[1288, 1656, 2440, 2808]",1,CLUSTERED,PLEOMORPHIC,./data/CBIS-DDSM/Calc-Training_P_00395_RIGHT_MLO/08-07-2016-DDSM-90619/1.000000-full mammogram images-06500/1-1.dcm,./data/CBIS-DDSM/Calc-Training_P_00395_RIGHT_MLO_3/09-06-2017-DDSM-56045/1.000000-ROI mask images-64289/1-2.dcm,MG,3,benign,P_00395,right,5,mlo,P_00395_RIGHT_MLO_calcification_3,,,
3260,2,calcification,digitized,4,"[1792, 1672, 2944, 2824]",1,CLUSTERED,PUNCTATE,./data/CBIS-DDSM/Calc-Training_P_00395_RIGHT_MLO/08-07-2016-DDSM-90619/1.000000-full mammogram images-06500/1-1.dcm,./data/CBIS-DDSM/Calc-Training_P_00395_RIGHT_MLO_2/09-06-2017-DDSM-34251/1.000000-ROI mask images-98754/1-2.dcm,MG,3,benign,P_00395,right,5,mlo,P_00395_RIGHT_MLO_calcification_2,,,
3408,1,calcification,digitized,4,"[2116, 1072, 3268, 2224]",1,CLUSTERED,FINE_LINEAR_BRANCHING,./data/CBIS-DDSM/Calc-Training_P_00395_RIGHT_MLO/08-07-2016-DDSM-90619/1.000000-full mammogram images-06500/1-1.dcm,./data/CBIS-DDSM/Calc-Training_P_00395_RIGHT_MLO_1/09-06-2017-DDSM-60532/1.000000-ROI mask images-06682/1-2.dcm,MG,3,benign,P_00395,right,5,mlo,P_00395_RIGHT_MLO_calcification_1,,,
480,1,calcification,digitized,5,"[1694, 3969, 2845, 5120]",2,LINEAR,FINE_LINEAR_BRANCHING,./data/CBIS-DDSM/Calc-Training_P_00443_RIGHT_MLO/08-07-2016-DDSM-35243/1.000000-full mammogram images-12228/1-1.dcm,./data/CBIS-DDSM/Calc-Training_P_00443_RIGHT_MLO_1/09-06-2017-DDSM-87032/1.000000-ROI mask images-49721/1-2.dcm,MG,1,malignant,P_00443,right,4,mlo,P_00443_RIGHT_MLO_calcification_1,,,
842,1,calcification,digitized,5,"[1588, 3928, 2740, 5080]",2,SEGMENTAL,FINE_LINEAR_BRANCHING,./data/CBIS-DDSM/Calc-Training_P_00445_LEFT_MLO/08-07-2016-DDSM-60268/1.000000-full mammogram images-00322/1-1.dcm,./data/CBIS-DDSM/Calc-Training_P_00445_LEFT_MLO_1/09-06-2017-DDSM-60266/1.000000-ROI mask images-26955/1-2.dcm,MG,1,malignant,P_00445,left,5,mlo,P_00445_LEFT_MLO_calcification_1,,,
639,1,calcification,digitized,2,"[132, 592, 1284, 1744]",2,,VASCULAR,./data/CBIS-DDSM/Calc-Training_P_00452_LEFT_CC/08-07-2016-DDSM-27690/1.000000-full mammogram images-28388/1-1.dcm,./data/CBIS-DDSM/Calc-Training_P_00452_LEFT_CC_1/09-06-2017-DDSM-73819/1.000000-ROI mask images-44068/1-2.dcm,MG,1,benign,P_00452,left,3,cc,P_00452_LEFT_CC_calcification_1,,,
743,2,calcification,digitized,2,"[500, 2568, 1652, 3720]",2,,VASCULAR,./data/CBIS-DDSM/Calc-Training_P_00452_LEFT_MLO/08-07-2016-DDSM-32668/1.000000-full mammogram images-09218/1-1.dcm,./data/CBIS-DDSM/Calc-Training_P_00452_LEFT_MLO_2/09-06-2017-DDSM-91086/1.000000-ROI mask images-56551/1-2.dcm,MG,2,benign,P_00452,left,3,mlo,P_00452_LEFT_MLO_calcification_2,,,
3515,1,calcification,digitized,2,"[528, 1388, 1680, 2540]",2,,VASCULAR,./data/CBIS-DDSM/Calc-Training_P_00452_LEFT_MLO/08-07-2016-DDSM-32668/1.000000-full mammogram images-09218/1-1.dcm,./data/CBIS-DDSM/Calc-Training_P_00452_LEFT_MLO_1/09-06-2017-DDSM-07176/1.000000-ROI mask images-93439/1-2.dcm,MG,2,benign,P_00452,left,3,mlo,P_00452_LEFT_MLO_calcification_1,,,
723,1,calcification,digitized,2,"[1664, 2392, 2816, 3544]",2,,VASCULAR,./data/CBIS-DDSM/Calc-Training_P_00452_RIGHT_CC/08-07-2016-DDSM-36008/1.000000-full mammogram images-12850/1-1.dcm,./data/CBIS-DDSM/Calc-Training_P_00452_RIGHT_CC_1/09-06-2017-DDSM-66642/1.000000-ROI mask images-58085/1-2.dcm,MG,2,benign,P_00452,right,3,cc,P_00452_RIGHT_CC_calcification_1,,,
1708,2,calcification,digitized,2,"[1700, 780, 2852, 1932]",2,,VASCULAR,./data/CBIS-DDSM/Calc-Training_P_00452_RIGHT_CC/08-07-2016-DDSM-36008/1.000000-full mammogram images-12850/1-1.dcm,./data/CBIS-DDSM/Calc-Training_P_00452_RIGHT_CC_2/09-06-2017-DDSM-00943/1.000000-ROI mask images-82638/1-2.dcm,MG,2,benign,P_00452,right,3,cc,P_00452_RIGHT_CC_calcification_2,,,
2445,3,calcification,digitized,2,"[1668, 2100, 2820, 3252]",2,,VASCULAR,./data/CBIS-DDSM/Calc-Training_P_00452_RIGHT_MLO/08-07-2016-DDSM-82688/1.000000-full mammogram images-75906/1-1.dcm,./data/CBIS-DDSM/Calc-Training_P_00452_RIGHT_MLO_3/09-06-2017-DDSM-03185/1.000000-ROI mask images-43587/1-2.dcm,MG,3,benign,P_00452,right,3,mlo,P_00452_RIGHT_MLO_calcification_3,,,
2482,2,calcification,digitized,2,"[1040, 2016, 2192, 3168]",2,,VASCULAR,./data/CBIS-DDSM/Calc-Training_P_00452_RIGHT_MLO/08-07-2016-DDSM-82688/1.000000-full mammogram images-75906/1-1.dcm,./data/CBIS-DDSM/Calc-Training_P_00452_RIGHT_MLO_2/09-06-2017-DDSM-16467/1.000000-ROI mask images-51633/1-2.dcm,MG,3,benign,P_00452,right,3,mlo,P_00452_RIGHT_MLO_calcification_2,,,
3360,1,calcification,digitized,2,"[1712, 672, 2864, 1824]",2,,VASCULAR,./data/CBIS-DDSM/Calc-Training_P_00452_RIGHT_MLO/08-07-2016-DDSM-82688/1.000000-full mammogram images-75906/1-1.dcm,./data/CBIS-DDSM/Calc-Training_P_00452_RIGHT_MLO_1/09-06-2017-DDSM-23473/1.000000-ROI mask images-86290/1-2.dcm,MG,3,benign,P_00452,right,3,mlo,P_00452_RIGHT_MLO_calcification_1,,,
3533,1,calcification,digitized,4,"[2195, 4773, 3347, 5925]",3,CLUSTERED,PLEOMORPHIC,./data/CBIS-DDSM/Calc-Training_P_00458_LEFT_CC/08-07-2016-DDSM-92692/1.000000-full mammogram images-57866/1-1.dcm,./data/CBIS-DDSM/Calc-Training_P_00458_LEFT_CC_1/09-06-2017-DDSM-41487/1.000000-ROI mask images-98578/1-2.dcm,MG,1,benign,P_00458,left,1,cc,P_00458_LEFT_CC_calcification_1,,,
754,1,calcification,digitized,2,"[1000, 740, 2152, 1892]",3,,VASCULAR-COARSE,./data/CBIS-DDSM/Calc-Training_P_00471_LEFT_CC/08-07-2016-DDSM-47191/1.000000-full mammogram images-41688/1-1.dcm,./data/CBIS-DDSM/Calc-Training_P_00471_LEFT_CC_1/09-06-2017-DDSM-99989/1.000000-ROI mask images-38670/1-2.dcm,MG,3,benign,P_00471,left,3,cc,P_00471_LEFT_CC_calcification_1,,,
952,2,calcification,digitized,2,"[960, 584, 2112, 1736]",3,,VASCULAR-COARSE,./data/CBIS-DDSM/Calc-Training_P_00471_LEFT_CC/08-07-2016-DDSM-47191/1.000000-full mammogram images-41688/1-1.dcm,./data/CBIS-DDSM/Calc-Training_P_00471_LEFT_CC_2/09-06-2017-DDSM-15105/1.000000-ROI mask images-77434/1-2.dcm,MG,3,benign,P_00471,left,3,cc,P_00471_LEFT_CC_calcification_2,,,
3462,3,calcification,digitized,2,"[1520, 1384, 2672, 2536]",3,,VASCULAR-COARSE,./data/CBIS-DDSM/Calc-Training_P_00471_LEFT_CC/08-07-2016-DDSM-47191/1.000000-full mammogram images-41688/1-1.dcm,./data/CBIS-DDSM/Calc-Training_P_00471_LEFT_CC_3/09-06-2017-DDSM-02165/1.000000-ROI mask images-01413/1-2.dcm,MG,3,benign,P_00471,left,3,cc,P_00471_LEFT_CC_calcification_3,,,
1363,3,calcification,digitized,2,"[2008, 2652, 3160, 3804]",3,,VASCULAR-COARSE,./data/CBIS-DDSM/Calc-Training_P_00471_LEFT_MLO/08-07-2016-DDSM-77934/1.000000-full mammogram images-79620/1-1.dcm,./data/CBIS-DDSM/Calc-Training_P_00471_LEFT_MLO_3/09-06-2017-DDSM-76095/1.000000-ROI mask images-39786/1-2.dcm,MG,3,benign,P_00471,left,3,mlo,P_00471_LEFT_MLO_calcification_3,,,
1386,1,calcification,digitized,2,"[0, 1480, 992, 2632]",3,,VASCULAR-COARSE,./data/CBIS-DDSM/Calc-Training_P_00471_LEFT_MLO/08-07-2016-DDSM-77934/1.000000-full mammogram images-79620/1-1.dcm,./data/CBIS-DDSM/Calc-Training_P_00471_LEFT_MLO_1/09-06-2017-DDSM-81440/1.000000-ROI mask images-48855/1-2.dcm,MG,3,benign,P_00471,left,3,mlo,P_00471_LEFT_MLO_calcification_1,,,
2861,2,calcification,digitized,2,"[996, 2476, 2148, 3628]",3,,VASCULAR-COARSE,./data/CBIS-DDSM/Calc-Training_P_00471_LEFT_MLO/08-07-2016-DDSM-77934/1.000000-full mammogram images-79620/1-1.dcm,./data/CBIS-DDSM/Calc-Training_P_00471_LEFT_MLO_2/09-06-2017-DDSM-53817/1.000000-ROI mask images-19707/1-2.dcm,MG,3,benign,P_00471,left,3,mlo,P_00471_LEFT_MLO_calcification_2,,,
2059,1,calcification,digitized,4,"[969, 1388, 2121, 2540]",4,SEGMENTAL,PLEOMORPHIC,./data/CBIS-DDSM/Calc-Training_P_00473_LEFT_CC/08-07-2016-DDSM-12829/1.000000-full mammogram images-17492/1-1.dcm,./data/CBIS-DDSM/Calc-Training_P_00473_LEFT_CC_1/09-06-2017-DDSM-22273/1.000000-ROI mask images-70635/1-2.dcm,MG,1,malignant,P_00473,left,1,cc,P_00473_LEFT_CC_calcification_1,,,
1043,1,calcification,digitized,4,"[1249, 1780, 2401, 2932]",4,SEGMENTAL,PLEOMORPHIC,./data/CBIS-DDSM/Calc-Training_P_00473_LEFT_MLO/08-07-2016-DDSM-90624/1.000000-full mammogram images-49457/1-1.dcm,./data/CBIS-DDSM/Calc-Training_P_00473_LEFT_MLO_1/09-06-2017-DDSM-38891/1.000000-ROI mask images-24096/1-2.dcm,MG,1,malignant,P_00473,left,1,mlo,P_00473_LEFT_MLO_calcification_1,,,
3548,1,calcification,digitized,2,"[216, 2032, 1368, 3184]",2,,VASCULAR,./data/CBIS-DDSM/Calc-Training_P_00480_LEFT_CC/08-07-2016-DDSM-93117/1.000000-full mammogram images-07019/1-1.dcm,./data/CBIS-DDSM/Calc-Training_P_00480_LEFT_CC_1/09-06-2017-DDSM-34129/1.000000-ROI mask images-59097/1-2.dcm,MG,1,benign,P_00480,left,5,cc,P_00480_LEFT_CC_calcification_1,,,
2544,1,calcification,digitized,2,"[268, 1764, 1420, 2916]",2,,VASCULAR,./data/CBIS-DDSM/Calc-Training_P_00480_LEFT_MLO/08-07-2016-DDSM-12259/1.000000-full mammogram images-83370/1-1.dcm,./data/CBIS-DDSM/Calc-Training_P_00480_LEFT_MLO_1/09-06-2017-DDSM-52550/1.000000-ROI mask images-88372/1-2.dcm,MG,1,benign,P_00480,left,5,mlo,P_00480_LEFT_MLO_calcification_1,,,
2715,1,calcification,digitized,2,"[2088, 1348, 3104, 2500]",2,,VASCULAR,./data/CBIS-DDSM/Calc-Training_P_00480_RIGHT_CC/08-07-2016-DDSM-10891/1.000000-full mammogram images-70112/1-1.dcm,./data/CBIS-DDSM/Calc-Training_P_00480_RIGHT_CC_1/09-06-2017-DDSM-78347/1.000000-ROI mask images-03658/1-2.dcm,MG,3,benign,P_00480,right,5,cc,P_00480_RIGHT_CC_calcification_1,,,
3188,3,calcification,digitized,2,"[1684, 2280, 2836, 3432]",2,,VASCULAR,./data/CBIS-DDSM/Calc-Training_P_00480_RIGHT_CC/08-07-2016-DDSM-10891/1.000000-full mammogram images-70112/1-1.dcm,./data/CBIS-DDSM/Calc-Training_P_00480_RIGHT_CC_3/09-06-2017-DDSM-48052/1.000000-ROI mask images-34123/1-2.dcm,MG,3,benign,P_00480,right,5,cc,P_00480_RIGHT_CC_calcification_3,,,
3277,2,calcification,digitized,2,"[1956, 1696, 3104, 2848]",2,,VASCULAR,./data/CBIS-DDSM/Calc-Training_P_00480_RIGHT_CC/08-07-2016-DDSM-10891/1.000000-full mammogram images-70112/1-1.dcm,./data/CBIS-DDSM/Calc-Training_P_00480_RIGHT_CC_2/09-06-2017-DDSM-85636/1.000000-ROI mask images-24515/1-2.dcm,MG,3,benign,P_00480,right,5,cc,P_00480_RIGHT_CC_calcification_2,,,
3120,1,calcification,digitized,2,"[1644, 2272, 2796, 3424]",2,,VASCULAR,./data/CBIS-DDSM/Calc-Training_P_00480_RIGHT_MLO/08-07-2016-DDSM-86972/1.000000-full mammogram images-83662/1-1.dcm,./data/CBIS-DDSM/Calc-Training_P_00480_RIGHT_MLO_1/09-06-2017-DDSM-64614/1.000000-ROI mask images-71396/1-2.dcm,MG,1,benign,P_00480,right,5,mlo,P_00480_RIGHT_MLO_calcification_1,,,
51,2,calcification,digitized,5,"[1444, 3544, 2596, 4696]",3,CLUSTERED,PLEOMORPHIC,./data/CBIS-DDSM/Calc-Test_P_00485_LEFT_CC/08-29-2017-DDSM-17517/1.000000-full mammogram images-29849/1-1.dcm,./data/CBIS-DDSM/Calc-Test_P_00485_LEFT_CC_2/08-29-2017-DDSM-56126/1.000000-ROI mask images-13443/1-2.dcm,MG,5,malignant,P_00485,left,5,cc,P_00485_LEFT_CC_calcification_2,,,
600,1,calcification,digitized,5,"[2572, 3284, 3724, 4436]",3,CLUSTERED,PLEOMORPHIC,./data/CBIS-DDSM/Calc-Test_P_00485_LEFT_CC/08-29-2017-DDSM-17517/1.000000-full mammogram images-29849/1-1.dcm,./data/CBIS-DDSM/Calc-Test_P_00485_LEFT_CC_1/08-29-2017-DDSM-43687/1.000000-ROI mask images-18262/1-2.dcm,MG,5,malignant,P_00485,left,5,cc,P_00485_LEFT_CC_calcification_1,,,
744,4,calcification,digitized,5,"[868, 4384, 2020, 5536]",3,CLUSTERED,PLEOMORPHIC,./data/CBIS-DDSM/Calc-Test_P_00485_LEFT_CC/08-29-2017-DDSM-17517/1.000000-full mammogram images-29849/1-1.dcm,./data/CBIS-DDSM/Calc-Test_P_00485_LEFT_CC_4/08-29-2017-DDSM-94606/1.000000-ROI mask images-18915/1-2.dcm,MG,5,malignant,P_00485,left,5,cc,P_00485_LEFT_CC_calcification_4,,,
2286,5,calcification,digitized,5,"[552, 4656, 1704, 5808]",3,CLUSTERED,PLEOMORPHIC,./data/CBIS-DDSM/Calc-Test_P_00485_LEFT_CC/08-29-2017-DDSM-17517/1.000000-full mammogram images-29849/1-1.dcm,./data/CBIS-DDSM/Calc-Test_P_00485_LEFT_CC_5/08-29-2017-DDSM-85112/1.000000-ROI mask images-95303/1-2.dcm,MG,5,malignant,P_00485,left,5,cc,P_00485_LEFT_CC_calcification_5,,,
2870,3,calcification,digitized,5,"[1528, 4448, 2680, 5600]",3,CLUSTERED,PLEOMORPHIC,./data/CBIS-DDSM/Calc-Test_P_00485_LEFT_CC/08-29-2017-DDSM-17517/1.000000-full mammogram images-29849/1-1.dcm,./data/CBIS-DDSM/Calc-Test_P_00485_LEFT_CC_3/08-29-2017-DDSM-26310/1.000000-ROI mask images-49691/1-2.dcm,MG,5,malignant,P_00485,left,5,cc,P_00485_LEFT_CC_calcification_3,,,
3407,1,calcification,digitized,5,"[2376, 3956, 3528, 5108]",3,CLUSTERED,PLEOMORPHIC,./data/CBIS-DDSM/Calc-Test_P_00485_LEFT_MLO/08-29-2017-DDSM-88676/1.000000-full mammogram images-30811/1-1.dcm,./data/CBIS-DDSM/Calc-Test_P_00485_LEFT_MLO_1/08-29-2017-DDSM-40412/1.000000-ROI mask images-90672/1-2.dcm,MG,1,malignant,P_00485,left,5,mlo,P_00485_LEFT_MLO_calcification_1,,,
1288,1,calcification,digitized,4,"[2112, 1692, 3264, 2844]",1,REGIONAL,AMORPHOUS,./data/CBIS-DDSM/Calc-Training_P_00486_RIGHT_CC/08-07-2016-DDSM-17550/1.000000-full mammogram images-83859/1-1.dcm,./data/CBIS-DDSM/Calc-Training_P_00486_RIGHT_CC_1/09-06-2017-DDSM-39919/1.000000-ROI mask images-83139/1-2.dcm,MG,1,benign,P_00486,right,2,cc,P_00486_RIGHT_CC_calcification_1,,,
1886,1,calcification,digitized,4,"[1708, 2928, 2860, 4080]",1,REGIONAL,AMORPHOUS,./data/CBIS-DDSM/Calc-Training_P_00486_RIGHT_MLO/08-07-2016-DDSM-46319/1.000000-full mammogram images-03337/1-1.dcm,./data/CBIS-DDSM/Calc-Training_P_00486_RIGHT_MLO_1/09-06-2017-DDSM-57622/1.000000-ROI mask images-27296/1-2.dcm,MG,1,benign,P_00486,right,2,mlo,P_00486_RIGHT_MLO_calcification_1,,,
315,1,calcification,digitized,2,"[0, 1732, 1016, 2884]",3,,LUCENT_CENTER,./data/CBIS-DDSM/Calc-Training_P_00529_LEFT_MLO/08-07-2016-DDSM-79986/1.000000-full mammogram images-56235/1-1.dcm,./data/CBIS-DDSM/Calc-Training_P_00529_LEFT_MLO_1/09-06-2017-DDSM-20626/1.000000-ROI mask images-02418/1-2.dcm,MG,1,benign,P_00529,left,3,mlo,P_00529_LEFT_MLO_calcification_1,,,
1301,2,calcification,digitized,2,"[1964, 1696, 3048, 2848]",3,,ROUND_AND_REGULAR-LUCENT_CENTER,./data/CBIS-DDSM/Calc-Training_P_00529_RIGHT_CC/08-07-2016-DDSM-00210/1.000000-full mammogram images-99833/1-1.dcm,./data/CBIS-DDSM/Calc-Training_P_00529_RIGHT_CC_2/09-06-2017-DDSM-26280/1.000000-ROI mask images-66182/1-2.dcm,MG,2,benign,P_00529,right,3,cc,P_00529_RIGHT_CC_calcification_2,,,
2985,1,calcification,digitized,2,"[1016, 1744, 2168, 2896]",3,,ROUND_AND_REGULAR-LUCENT_CENTER,./data/CBIS-DDSM/Calc-Training_P_00529_RIGHT_CC/08-07-2016-DDSM-00210/1.000000-full mammogram images-99833/1-1.dcm,./data/CBIS-DDSM/Calc-Training_P_00529_RIGHT_CC_1/09-06-2017-DDSM-16385/1.000000-ROI mask images-47501/1-2.dcm,MG,2,benign,P_00529,right,3,cc,P_00529_RIGHT_CC_calcification_1,,,
2017,2,calcification,digitized,2,"[976, 2140, 2128, 3292]",3,,ROUND_AND_REGULAR-LUCENT_CENTER,./data/CBIS-DDSM/Calc-Training_P_00529_RIGHT_MLO/08-07-2016-DDSM-03918/1.000000-full mammogram images-76170/1-1.dcm,./data/CBIS-DDSM/Calc-Training_P_00529_RIGHT_MLO_2/09-06-2017-DDSM-74105/1.000000-ROI mask images-39358/1-2.dcm,MG,2,benign,P_00529,right,3,mlo,P_00529_RIGHT_MLO_calcification_2,,,
3006,1,calcification,digitized,2,"[1800, 804, 2952, 1956]",3,,ROUND_AND_REGULAR-LUCENT_CENTER,./data/CBIS-DDSM/Calc-Training_P_00529_RIGHT_MLO/08-07-2016-DDSM-03918/1.000000-full mammogram images-76170/1-1.dcm,./data/CBIS-DDSM/Calc-Training_P_00529_RIGHT_MLO_1/09-06-2017-DDSM-25810/1.000000-ROI mask images-71429/1-2.dcm,MG,2,benign,P_00529,right,3,mlo,P_00529_RIGHT_MLO_calcification_1,,,
3285,1,calcification,digitized,4,"[1746, 3750, 2897, 4902]",2,LINEAR,PLEOMORPHIC,./data/CBIS-DDSM/Calc-Training_P_00530_LEFT_CC/08-07-2016-DDSM-46490/1.000000-full mammogram images-54992/1-1.dcm,./data/CBIS-DDSM/Calc-Training_P_00530_LEFT_CC_1/09-06-2017-DDSM-39007/1.000000-ROI mask images-49503/1-2.dcm,MG,1,malignant,P_00530,left,1,cc,P_00530_LEFT_CC_calcification_1,,,
2602,1,calcification,digitized,4,"[2020, 3701, 3171, 4853]",2,LINEAR,PLEOMORPHIC,./data/CBIS-DDSM/Calc-Training_P_00530_LEFT_MLO/08-07-2016-DDSM-68403/1.000000-full mammogram images-57923/1-1.dcm,./data/CBIS-DDSM/Calc-Training_P_00530_LEFT_MLO_1/09-06-2017-DDSM-97161/1.000000-ROI mask images-71319/1-2.dcm,MG,1,malignant,P_00530,left,1,mlo,P_00530_LEFT_MLO_calcification_1,,,
2831,1,calcification,digitized,5,"[508, 2617, 1660, 3769]",1,LINEAR,PLEOMORPHIC-FINE_LINEAR_BRANCHING,./data/CBIS-DDSM/Calc-Training_P_00574_RIGHT_CC/08-07-2016-DDSM-57886/1.000000-full mammogram images-34466/1-1.dcm,./data/CBIS-DDSM/Calc-Training_P_00574_RIGHT_CC_1/09-06-2017-DDSM-07710/1.000000-ROI mask images-70573/1-2.dcm,MG,1,malignant,P_00574,right,3,cc,P_00574_RIGHT_CC_calcification_1,,,
2681,1,calcification,digitized,5,"[396, 3412, 1548, 4564]",1,LINEAR,PLEOMORPHIC-FINE_LINEAR_BRANCHING,./data/CBIS-DDSM/Calc-Training_P_00574_RIGHT_MLO/08-07-2016-DDSM-51692/1.000000-full mammogram images-50528/1-1.dcm,./data/CBIS-DDSM/Calc-Training_P_00574_RIGHT_MLO_1/09-06-2017-DDSM-01467/1.000000-ROI mask images-92689/1-2.dcm,MG,1,malignant,P_00574,right,3,mlo,P_00574_RIGHT_MLO_calcification_1,,,
2265,1,calcification,digitized,5,"[0, 2132, 1124, 3284]",1,CLUSTERED,AMORPHOUS,./data/CBIS-DDSM/Calc-Training_P_00584_LEFT_CC/08-07-2016-DDSM-57944/1.000000-full mammogram images-48349/1-1.dcm,./data/CBIS-DDSM/Calc-Training_P_00584_LEFT_CC_1/09-06-2017-DDSM-04857/1.000000-ROI mask images-79032/1-2.dcm,MG,1,malignant,P_00584,left,5,cc,P_00584_LEFT_CC_calcification_1,,,
184,1,calcification,digitized,2,"[3092, 3712, 4080, 4864]",2,REGIONAL,SKIN,./data/CBIS-DDSM/Calc-Training_P_00613_RIGHT_CC/08-07-2016-DDSM-31482/1.000000-full mammogram images-29898/1-1.dcm,./data/CBIS-DDSM/Calc-Training_P_00613_RIGHT_CC_1/09-06-2017-DDSM-97476/1.000000-ROI mask images-31780/1-2.dcm,MG,1,benign,P_00613,right,3,cc,P_00613_RIGHT_CC_calcification_1,,,
1674,1,calcification,digitized,2,"[3140, 1552, 4128, 2704]",2,REGIONAL,SKIN,./data/CBIS-DDSM/Calc-Training_P_00613_RIGHT_MLO/08-07-2016-DDSM-16158/1.000000-full mammogram images-97831/1-1.dcm,./data/CBIS-DDSM/Calc-Training_P_00613_RIGHT_MLO_1/09-06-2017-DDSM-14254/1.000000-ROI mask images-40687/1-2.dcm,MG,1,benign,P_00613,right,3,mlo,P_00613_RIGHT_MLO_calcification_1,,,
2460,1,calcification,digitized,2,"[0, 1576, 700, 2728]",2,LINEAR,LUCENT_CENTERED,./data/CBIS-DDSM/Calc-Training_P_00642_LEFT_CC/08-07-2016-DDSM-80836/1.000000-full mammogram images-99726/1-1.dcm,./data/CBIS-DDSM/Calc-Training_P_00642_LEFT_CC_1/09-06-2017-DDSM-33163/1.000000-ROI mask images-18526/1-2.dcm,MG,1,benign,P_00642,left,5,cc,P_00642_LEFT_CC_calcification_1,,,
1123,1,calcification,digitized,2,"[0, 2904, 872, 4056]",2,LINEAR,,./data/CBIS-DDSM/Calc-Training_P_00642_LEFT_MLO/08-07-2016-DDSM-90246/1.000000-full mammogram images-81722/1-1.dcm,./data/CBIS-DDSM/Calc-Training_P_00642_LEFT_MLO_1/09-06-2017-DDSM-70947/1.000000-ROI mask images-64117/1-2.dcm,MG,1,benign,P_00642,left,5,mlo,P_00642_LEFT_MLO_calcification_1,,,
1398,1,calcification,digitized,4,"[2624, 3504, 3696, 4656]",2,CLUSTERED,AMORPHOUS,./data/CBIS-DDSM/Calc-Training_P_00642_RIGHT_CC/08-07-2016-DDSM-37094/1.000000-full mammogram images-86940/1-1.dcm,./data/CBIS-DDSM/Calc-Training_P_00642_RIGHT_CC_1/09-06-2017-DDSM-19165/1.000000-ROI mask images-59975/1-2.dcm,MG,1,benign,P_00642,right,5,cc,P_00642_RIGHT_CC_calcification_1,,,
875,1,calcification,digitized,4,"[3056, 2896, 4040, 4048]",2,CLUSTERED,AMORPHOUS,./data/CBIS-DDSM/Calc-Training_P_00642_RIGHT_MLO/08-07-2016-DDSM-57842/1.000000-full mammogram images-81342/1-1.dcm,./data/CBIS-DDSM/Calc-Training_P_00642_RIGHT_MLO_1/09-06-2017-DDSM-57008/1.000000-ROI mask images-52984/1-2.dcm,MG,1,benign,P_00642,right,5,mlo,P_00642_RIGHT_MLO_calcification_1,,,
1725,1,calcification,digitized,4,"[1486, 2279, 2638, 3430]",3,SEGMENTAL,PLEOMORPHIC,./data/CBIS-DDSM/Calc-Test_P_00646_LEFT_CC/08-29-2017-DDSM-04488/1.000000-full mammogram images-68505/1-1.dcm,./data/CBIS-DDSM/Calc-Test_P_00646_LEFT_CC_1/08-29-2017-DDSM-31088/1.000000-ROI mask images-89160/1-2.dcm,MG,1,malignant,P_00646,left,2,cc,P_00646_LEFT_CC_calcification_1,,,
249,1,calcification,digitized,4,"[1594, 3416, 2745, 4568]",3,SEGMENTAL,PLEOMORPHIC,./data/CBIS-DDSM/Calc-Test_P_00646_LEFT_MLO/08-29-2017-DDSM-34435/1.000000-full mammogram images-87450/1-1.dcm,./data/CBIS-DDSM/Calc-Test_P_00646_LEFT_MLO_1/08-29-2017-DDSM-50566/1.000000-ROI mask images-37312/1-2.dcm,MG,1,malignant,P_00646,left,2,mlo,P_00646_LEFT_MLO_calcification_1,,,
2027,2,calcification,digitized,4,"[0, 1688, 1076, 2840]",3,CLUSTERED-LINEAR,PLEOMORPHIC-FINE_LINEAR_BRANCHING,./data/CBIS-DDSM/Calc-Training_P_00652_LEFT_CC/08-07-2016-DDSM-87106/1.000000-full mammogram images-03930/1-1.dcm,./data/CBIS-DDSM/Calc-Training_P_00652_LEFT_CC_2/09-06-2017-DDSM-80141/1.000000-ROI mask images-52568/1-2.dcm,MG,1,malignant,P_00652,left,3,cc,P_00652_LEFT_CC_calcification_2,,,
1670,1,calcification,digitized,4,"[140, 2224, 1292, 3376]",3,CLUSTERED-LINEAR,PLEOMORPHIC-FINE_LINEAR_BRANCHING,./data/CBIS-DDSM/Calc-Training_P_00652_LEFT_MLO/08-07-2016-DDSM-24365/1.000000-full mammogram images-13766/1-1.dcm,./data/CBIS-DDSM/Calc-Training_P_00652_LEFT_MLO_1/09-06-2017-DDSM-85630/1.000000-ROI mask images-34456/1-2.dcm,MG,1,malignant,P_00652,left,3,mlo,P_00652_LEFT_MLO_calcification_1,,,
2894,1,calcification,digitized,4,"[2608, 2260, 3760, 3412]",2,LINEAR,FINE_LINEAR_BRANCHING,./data/CBIS-DDSM/Calc-Training_P_00655_RIGHT_CC/08-07-2016-DDSM-89458/1.000000-full mammogram images-08705/1-1.dcm,./data/CBIS-DDSM/Calc-Training_P_00655_RIGHT_CC_1/09-06-2017-DDSM-08496/1.000000-ROI mask images-92875/1-2.dcm,MG,1,benign,P_00655,right,2,cc,P_00655_RIGHT_CC_calcification_1,,,
2161,1,calcification,digitized,4,"[2520, 3568, 3672, 4720]",2,LINEAR,FINE_LINEAR_BRANCHING,./data/CBIS-DDSM/Calc-Training_P_00655_RIGHT_MLO/08-07-2016-DDSM-94506/1.000000-full mammogram images-29314/1-1.dcm,./data/CBIS-DDSM/Calc-Training_P_00655_RIGHT_MLO_1/09-06-2017-DDSM-16837/1.000000-ROI mask images-89027/1-2.dcm,MG,1,benign,P_00655,right,3,mlo,P_00655_RIGHT_MLO_calcification_1,,,
2606,1,calcification,digitized,4,"[1072, 964, 2224, 2116]",2,CLUSTERED,PLEOMORPHIC,./data/CBIS-DDSM/Calc-Test_P_00663_RIGHT_CC/08-29-2017-DDSM-72773/1.000000-full mammogram images-41134/1-1.dcm,./data/CBIS-DDSM/Calc-Test_P_00663_RIGHT_CC_1/08-29-2017-DDSM-47779/1.000000-ROI mask images-32344/1-2.dcm,MG,1,benign,P_00663,right,3,cc,P_00663_RIGHT_CC_calcification_1,,,
1316,1,calcification,digitized,4,"[808, 1144, 1960, 2296]",2,CLUSTERED,PLEOMORPHIC,./data/CBIS-DDSM/Calc-Test_P_00663_RIGHT_MLO/08-29-2017-DDSM-79645/1.000000-full mammogram images-21811/1-1.dcm,./data/CBIS-DDSM/Calc-Test_P_00663_RIGHT_MLO_1/08-29-2017-DDSM-02872/1.000000-ROI mask images-26868/1-2.dcm,MG,1,benign,P_00663,right,3,mlo,P_00663_RIGHT_MLO_calcification_1,,,
705,1,calcification,digitized,5,"[1676, 1580, 2624, 2732]",4,CLUSTERED,PLEOMORPHIC,./data/CBIS-DDSM/Calc-Training_P_00664_RIGHT_CC/08-07-2016-DDSM-79147/1.000000-full mammogram images-31700/1-1.dcm,./data/CBIS-DDSM/Calc-Training_P_00664_RIGHT_CC_1/09-06-2017-DDSM-88330/1.000000-ROI mask images-05992/1-2.dcm,MG,1,malignant,P_00664,right,5,cc,P_00664_RIGHT_CC_calcification_1,,,
2950,1,calcification,digitized,5,"[1272, 1436, 2424, 2588]",4,CLUSTERED,PLEOMORPHIC,./data/CBIS-DDSM/Calc-Training_P_00664_RIGHT_MLO/08-07-2016-DDSM-76796/1.000000-full mammogram images-87597/1-1.dcm,./data/CBIS-DDSM/Calc-Training_P_00664_RIGHT_MLO_1/09-06-2017-DDSM-61118/1.000000-ROI mask images-15520/1-2.dcm,MG,1,malignant,P_00664,right,5,mlo,P_00664_RIGHT_MLO_calcification_1,,,
3218,1,calcification,digitized,3,"[208, 1560, 1360, 2712]",2,CLUSTERED,PUNCTATE,./data/CBIS-DDSM/Calc-Training_P_00666_LEFT_CC/08-07-2016-DDSM-10290/1.000000-full mammogram images-32561/1-1.dcm,./data/CBIS-DDSM/Calc-Training_P_00666_LEFT_CC_1/09-06-2017-DDSM-25189/1.000000-ROI mask images-32378/1-2.dcm,MG,1,benign,P_00666,left,4,cc,P_00666_LEFT_CC_calcification_1,,,
2076,1,calcification,digitized,3,"[656, 2072, 1808, 3224]",2,CLUSTERED,PUNCTATE,./data/CBIS-DDSM/Calc-Training_P_00666_LEFT_MLO/08-07-2016-DDSM-89268/1.000000-full mammogram images-73234/1-1.dcm,./data/CBIS-DDSM/Calc-Training_P_00666_LEFT_MLO_1/09-06-2017-DDSM-32313/1.000000-ROI mask images-65297/1-2.dcm,MG,1,benign,P_00666,left,4,mlo,P_00666_LEFT_MLO_calcification_1,,,
1147,3,calcification,digitized,4,"[2064, 2488, 3216, 3640]",2,CLUSTERED,PLEOMORPHIC,./data/CBIS-DDSM/Calc-Training_P_00666_RIGHT_CC/08-07-2016-DDSM-53891/1.000000-full mammogram images-63610/1-1.dcm,./data/CBIS-DDSM/Calc-Training_P_00666_RIGHT_CC_3/09-06-2017-DDSM-22736/1.000000-ROI mask images-27830/1-2.dcm,MG,2,benign,P_00666,right,5,cc,P_00666_RIGHT_CC_calcification_3,,,
3134,2,calcification,digitized,3,"[1884, 2112, 3036, 3264]",2,CLUSTERED,PLEOMORPHIC,./data/CBIS-DDSM/Calc-Training_P_00666_RIGHT_CC/08-07-2016-DDSM-53891/1.000000-full mammogram images-63610/1-1.dcm,./data/CBIS-DDSM/Calc-Training_P_00666_RIGHT_CC_2/09-06-2017-DDSM-81770/1.000000-ROI mask images-83014/1-2.dcm,MG,2,benign,P_00666,right,5,cc,P_00666_RIGHT_CC_calcification_2,,,
794,2,calcification,digitized,3,"[1420, 3400, 2572, 4552]",2,CLUSTERED,PLEOMORPHIC,./data/CBIS-DDSM/Calc-Training_P_00666_RIGHT_MLO/08-07-2016-DDSM-37982/1.000000-full mammogram images-17615/1-1.dcm,./data/CBIS-DDSM/Calc-Training_P_00666_RIGHT_MLO_2/09-06-2017-DDSM-93515/1.000000-ROI mask images-20751/1-2.dcm,MG,2,benign,P_00666,right,5,mlo,P_00666_RIGHT_MLO_calcification_2,,,
1628,3,calcification,digitized,4,"[1700, 3656, 2852, 4808]",2,CLUSTERED,PLEOMORPHIC,./data/CBIS-DDSM/Calc-Training_P_00666_RIGHT_MLO/08-07-2016-DDSM-37982/1.000000-full mammogram images-17615/1-1.dcm,./data/CBIS-DDSM/Calc-Training_P_00666_RIGHT_MLO_3/09-06-2017-DDSM-36056/1.000000-ROI mask images-87338/1-2.dcm,MG,2,benign,P_00666,right,5,mlo,P_00666_RIGHT_MLO_calcification_3,,,
1993,1,calcification,digitized,4,"[0, 1168, 760, 2320]",2,CLUSTERED-LINEAR,FINE_LINEAR_BRANCHING,./data/CBIS-DDSM/Calc-Test_P_00679_LEFT_CC/08-29-2017-DDSM-65328/1.000000-full mammogram images-53781/1-1.dcm,./data/CBIS-DDSM/Calc-Test_P_00679_LEFT_CC_1/08-29-2017-DDSM-76663/1.000000-ROI mask images-32222/1-2.dcm,MG,1,benign,P_00679,left,3,cc,P_00679_LEFT_CC_calcification_1,,,
2771,1,calcification,digitized,4,"[20, 1484, 1172, 2636]",2,CLUSTERED-LINEAR,FINE_LINEAR_BRANCHING,./data/CBIS-DDSM/Calc-Test_P_00679_LEFT_MLO/08-29-2017-DDSM-15846/1.000000-full mammogram images-43986/1-1.dcm,./data/CBIS-DDSM/Calc-Test_P_00679_LEFT_MLO_1/08-29-2017-DDSM-29352/1.000000-ROI mask images-74333/1-2.dcm,MG,1,benign,P_00679,left,3,mlo,P_00679_LEFT_MLO_calcification_1,,,
458,1,calcification,digitized,4,"[0, 869, 832, 2021]",4,CLUSTERED,PLEOMORPHIC,./data/CBIS-DDSM/Calc-Training_P_00709_RIGHT_CC/08-07-2016-DDSM-24442/1.000000-full mammogram images-19678/1-1.dcm,./data/CBIS-DDSM/Calc-Training_P_00709_RIGHT_CC_1/09-06-2017-DDSM-59955/1.000000-ROI mask images-30366/1-2.dcm,MG,1,benign,P_00709,right,4,cc,P_00709_RIGHT_CC_calcification_1,,,
3497,1,calcification,digitized,4,"[0, 2184, 872, 3336]",4,CLUSTERED,PLEOMORPHIC,./data/CBIS-DDSM/Calc-Training_P_00709_RIGHT_MLO/08-07-2016-DDSM-35025/1.000000-full mammogram images-85735/1-1.dcm,./data/CBIS-DDSM/Calc-Training_P_00709_RIGHT_MLO_1/09-06-2017-DDSM-47918/1.000000-ROI mask images-85059/1-2.dcm,MG,1,benign,P_00709,right,4,mlo,P_00709_RIGHT_MLO_calcification_1,,,
1615,1,calcification,digitized,4,"[2088, 1788, 2984, 2940]",2,LINEAR,FINE_LINEAR_BRANCHING,./data/CBIS-DDSM/Calc-Training_P_00734_RIGHT_CC/08-07-2016-DDSM-87454/1.000000-full mammogram images-55764/1-1.dcm,./data/CBIS-DDSM/Calc-Training_P_00734_RIGHT_CC_1/09-06-2017-DDSM-00272/1.000000-ROI mask images-77978/1-2.dcm,MG,1,malignant,P_00734,right,5,cc,P_00734_RIGHT_CC_calcification_1,,,
2664,2,calcification,digitized,5,"[1688, 2512, 2720, 3664]",2,CLUSTERED-LINEAR,PLEOMORPHIC-FINE_LINEAR_BRANCHING,./data/CBIS-DDSM/Calc-Training_P_00734_RIGHT_MLO/08-07-2016-DDSM-43978/1.000000-full mammogram images-81441/1-1.dcm,./data/CBIS-DDSM/Calc-Training_P_00734_RIGHT_MLO_2/09-06-2017-DDSM-19594/1.000000-ROI mask images-75408/1-2.dcm,MG,1,malignant,P_00734,right,5,mlo,P_00734_RIGHT_MLO_calcification_2,,,
449,1,calcification,digitized,4,"[352, 1005, 1504, 2157]",4,CLUSTERED,PLEOMORPHIC,./data/CBIS-DDSM/Calc-Test_P_00774_RIGHT_CC/08-29-2017-DDSM-99406/1.000000-full mammogram images-90076/1-1.dcm,./data/CBIS-DDSM/Calc-Test_P_00774_RIGHT_CC_1/08-29-2017-DDSM-42877/1.000000-ROI mask images-76645/1-2.dcm,MG,1,benign,P_00774,right,1,cc,P_00774_RIGHT_CC_calcification_1,,,
606,1,calcification,digitized,4,"[716, 1455, 1868, 2607]",4,CLUSTERED,PLEOMORPHIC,./data/CBIS-DDSM/Calc-Test_P_00774_RIGHT_MLO/08-29-2017-DDSM-04773/1.000000-full mammogram images-12701/1-1.dcm,./data/CBIS-DDSM/Calc-Test_P_00774_RIGHT_MLO_1/08-29-2017-DDSM-05885/1.000000-ROI mask images-24309/1-2.dcm,MG,1,benign,P_00774,right,1,mlo,P_00774_RIGHT_MLO_calcification_1,,,
1525,1,calcification,digitized,2,"[0, 1796, 872, 2948]",4,,VASCULAR,./data/CBIS-DDSM/Calc-Training_P_00799_LEFT_CC/08-07-2016-DDSM-54321/1.000000-full mammogram images-46002/1-1.dcm,./data/CBIS-DDSM/Calc-Training_P_00799_LEFT_CC_1/09-06-2017-DDSM-87068/1.000000-ROI mask images-70405/1-2.dcm,MG,1,benign,P_00799,left,5,cc,P_00799_LEFT_CC_calcification_1,,,
1976,1,calcification,digitized,2,"[0, 1140, 856, 2292]",4,,VASCULAR,./data/CBIS-DDSM/Calc-Training_P_00799_LEFT_MLO/08-07-2016-DDSM-47726/1.000000-full mammogram images-91503/1-1.dcm,./data/CBIS-DDSM/Calc-Training_P_00799_LEFT_MLO_1/09-06-2017-DDSM-41420/1.000000-ROI mask images-88238/1-2.dcm,MG,1,benign,P_00799,left,5,mlo,P_00799_LEFT_MLO_calcification_1,,,
91,1,calcification,digitized,2,"[2172, 844, 3024, 1996]",4,,COARSE,./data/CBIS-DDSM/Calc-Training_P_00799_RIGHT_CC/08-07-2016-DDSM-09085/1.000000-full mammogram images-80888/1-1.dcm,./data/CBIS-DDSM/Calc-Training_P_00799_RIGHT_CC_1/09-06-2017-DDSM-78664/1.000000-ROI mask images-67492/1-2.dcm,MG,1,benign,P_00799,right,5,cc,P_00799_RIGHT_CC_calcification_1,,,
1026,1,calcification,digitized,2,"[2040, 1404, 2992, 2556]",4,,COARSE,./data/CBIS-DDSM/Calc-Training_P_00799_RIGHT_MLO/08-07-2016-DDSM-99218/1.000000-full mammogram images-92763/1-1.dcm,./data/CBIS-DDSM/Calc-Training_P_00799_RIGHT_MLO_1/09-06-2017-DDSM-03264/1.000000-ROI mask images-00731/1-2.dcm,MG,1,benign,P_00799,right,5,mlo,P_00799_RIGHT_MLO_calcification_1,,,
769,1,calcification,digitized,4,"[1044, 1520, 2196, 2672]",4,CLUSTERED,PLEOMORPHIC,./data/CBIS-DDSM/Calc-Test_P_00827_RIGHT_CC/08-29-2017-DDSM-69014/1.000000-full mammogram images-36113/1-1.dcm,./data/CBIS-DDSM/Calc-Test_P_00827_RIGHT_CC_1/08-29-2017-DDSM-76642/1.000000-ROI mask images-53308/1-2.dcm,MG,1,malignant,P_00827,right,1,cc,P_00827_RIGHT_CC_calcification_1,,,
2272,1,calcification,digitized,4,"[1112, 2412, 2264, 3564]",4,CLUSTERED,PLEOMORPHIC,./data/CBIS-DDSM/Calc-Test_P_00827_RIGHT_MLO/08-29-2017-DDSM-75641/1.000000-full mammogram images-29414/1-1.dcm,./data/CBIS-DDSM/Calc-Test_P_00827_RIGHT_MLO_1/08-29-2017-DDSM-30143/1.000000-ROI mask images-23867/1-2.dcm,MG,1,malignant,P_00827,right,1,mlo,P_00827_RIGHT_MLO_calcification_1,,,
1744,1,calcification,digitized,4,"[1402, 2576, 2554, 3728]",3,LINEAR,FINE_LINEAR_BRANCHING,./data/CBIS-DDSM/Calc-Training_P_00835_LEFT_CC/08-07-2016-DDSM-27235/1.000000-full mammogram images-13675/1-1.dcm,./data/CBIS-DDSM/Calc-Training_P_00835_LEFT_CC_1/09-06-2017-DDSM-98038/1.000000-ROI mask images-95911/1-2.dcm,MG,1,malignant,P_00835,left,1,cc,P_00835_LEFT_CC_calcification_1,,,
3208,1,calcification,digitized,4,"[1157, 3108, 2309, 4260]",3,LINEAR,FINE_LINEAR_BRANCHING,./data/CBIS-DDSM/Calc-Training_P_00835_LEFT_MLO/08-07-2016-DDSM-90200/1.000000-full mammogram images-48012/1-1.dcm,./data/CBIS-DDSM/Calc-Training_P_00835_LEFT_MLO_1/09-06-2017-DDSM-63800/1.000000-ROI mask images-16425/1-2.dcm,MG,1,malignant,P_00835,left,1,mlo,P_00835_LEFT_MLO_calcification_1,,,
1675,1,calcification,digitized,2,"[2260, 2244, 3160, 3396]",3,DIFFUSELY_SCATTERED,ROUND_AND_REGULAR-PUNCTATE,./data/CBIS-DDSM/Calc-Training_P_00855_RIGHT_CC/08-07-2016-DDSM-42323/1.000000-full mammogram images-11157/1-1.dcm,./data/CBIS-DDSM/Calc-Training_P_00855_RIGHT_CC_1/09-06-2017-DDSM-18549/1.000000-ROI mask images-23589/1-2.dcm,MG,1,malignant,P_00855,right,1,cc,P_00855_RIGHT_CC_calcification_1,,,
1201,1,calcification,digitized,2,"[1144, 2088, 2296, 3240]",2,,LUCENT_CENTER,./data/CBIS-DDSM/Calc-Training_P_00878_LEFT_CC/08-07-2016-DDSM-06503/1.000000-full mammogram images-31914/1-1.dcm,./data/CBIS-DDSM/Calc-Training_P_00878_LEFT_CC_1/09-06-2017-DDSM-70147/1.000000-ROI mask images-18597/1-2.dcm,MG,1,benign,P_00878,left,5,cc,P_00878_LEFT_CC_calcification_1,,,
973,1,calcification,digitized,2,"[1260, 3384, 2412, 4536]",2,,LUCENT_CENTER,./data/CBIS-DDSM/Calc-Training_P_00878_LEFT_MLO/08-07-2016-DDSM-00199/1.000000-full mammogram images-91115/1-1.dcm,./data/CBIS-DDSM/Calc-Training_P_00878_LEFT_MLO_1/09-06-2017-DDSM-59951/1.000000-ROI mask images-57394/1-2.dcm,MG,1,benign,P_00878,left,5,mlo,P_00878_LEFT_MLO_calcification_1,,,
1452,1,calcification,digitized,4,"[168, 2261, 1320, 3413]",4,CLUSTERED,PLEOMORPHIC,./data/CBIS-DDSM/Calc-Training_P_00880_RIGHT_CC/08-07-2016-DDSM-98961/1.000000-full mammogram images-50863/1-1.dcm,./data/CBIS-DDSM/Calc-Training_P_00880_RIGHT_CC_1/09-06-2017-DDSM-64271/1.000000-ROI mask images-25268/1-2.dcm,MG,1,malignant,P_00880,right,2,cc,P_00880_RIGHT_CC_calcification_1,,,
3344,1,calcification,digitized,4,"[2246, 3644, 3016, 4796]",2,CLUSTERED,PLEOMORPHIC,./data/CBIS-DDSM/Calc-Training_P_00909_LEFT_MLO/08-07-2016-DDSM-15314/1.000000-full mammogram images-47375/1-1.dcm,./data/CBIS-DDSM/Calc-Training_P_00909_LEFT_MLO_1/09-06-2017-DDSM-08895/1.000000-ROI mask images-81248/1-2.dcm,MG,1,benign,P_00909,left,3,mlo,P_00909_LEFT_MLO_calcification_1,,,
2734,1,calcification,digitized,4,"[1316, 2948, 2468, 4100]",2,CLUSTERED,PLEOMORPHIC,./data/CBIS-DDSM/Calc-Training_P_00955_RIGHT_CC/08-07-2016-DDSM-88749/1.000000-full mammogram images-66852/1-1.dcm,./data/CBIS-DDSM/Calc-Training_P_00955_RIGHT_CC_1/09-06-2017-DDSM-14746/1.000000-ROI mask images-33055/1-2.dcm,MG,1,benign,P_00955,right,2,cc,P_00955_RIGHT_CC_calcification_1,,,
1762,1,calcification,digitized,4,"[796, 2204, 1948, 3356]",2,CLUSTERED,AMORPHOUS-PLEOMORPHIC,./data/CBIS-DDSM/Calc-Training_P_00955_RIGHT_MLO/08-07-2016-DDSM-41935/1.000000-full mammogram images-27965/1-1.dcm,./data/CBIS-DDSM/Calc-Training_P_00955_RIGHT_MLO_1/09-06-2017-DDSM-74180/1.000000-ROI mask images-23108/1-2.dcm,MG,1,benign,P_00955,right,2,mlo,P_00955_RIGHT_MLO_calcification_1,,,
567,1,calcification,digitized,4,"[780, 3784, 1932, 4936]",3,CLUSTERED,PLEOMORPHIC,./data/CBIS-DDSM/Calc-Training_P_00956_LEFT_MLO/08-07-2016-DDSM-69491/1.000000-full mammogram images-30908/1-1.dcm,./data/CBIS-DDSM/Calc-Training_P_00956_LEFT_MLO_1/09-06-2017-DDSM-60745/1.000000-ROI mask images-89628/1-2.dcm,MG,1,benign,P_00956,left,2,mlo,P_00956_LEFT_MLO_calcification_1,,,
841,1,calcification,digitized,2,"[0, 540, 808, 1692]",3,CLUSTERED,DYSTROPHIC,./data/CBIS-DDSM/Calc-Training_P_00992_LEFT_CC/08-07-2016-DDSM-63552/1.000000-full mammogram images-20287/1-1.dcm,./data/CBIS-DDSM/Calc-Training_P_00992_LEFT_CC_1/09-06-2017-DDSM-70122/1.000000-ROI mask images-58896/1-2.dcm,MG,1,benign,P_00992,left,5,cc,P_00992_LEFT_CC_calcification_1,,,
2190,1,calcification,digitized,2,"[204, 1096, 1356, 2248]",3,CLUSTERED,DYSTROPHIC,./data/CBIS-DDSM/Calc-Training_P_00992_LEFT_MLO/08-07-2016-DDSM-46196/1.000000-full mammogram images-46052/1-1.dcm,./data/CBIS-DDSM/Calc-Training_P_00992_LEFT_MLO_1/09-06-2017-DDSM-11450/1.000000-ROI mask images-77087/1-2.dcm,MG,1,benign,P_00992,left,5,mlo,P_00992_LEFT_MLO_calcification_1,,,
3215,1,calcification,digitized,5,"[1848, 1900, 2968, 3052]",3,SEGMENTAL,FINE_LINEAR_BRANCHING,./data/CBIS-DDSM/Calc-Training_P_00992_RIGHT_CC/08-07-2016-DDSM-40817/1.000000-full mammogram images-45201/1-1.dcm,./data/CBIS-DDSM/Calc-Training_P_00992_RIGHT_CC_1/09-06-2017-DDSM-24374/1.000000-ROI mask images-83062/1-2.dcm,MG,1,malignant,P_00992,right,5,cc,P_00992_RIGHT_CC_calcification_1,,,
2471,1,calcification,digitized,5,"[1504, 1876, 2656, 3028]",3,SEGMENTAL,FINE_LINEAR_BRANCHING,./data/CBIS-DDSM/Calc-Training_P_00992_RIGHT_MLO/08-07-2016-DDSM-76756/1.000000-full mammogram images-98164/1-1.dcm,./data/CBIS-DDSM/Calc-Training_P_00992_RIGHT_MLO_1/09-06-2017-DDSM-29429/1.000000-ROI mask images-90623/1-2.dcm,MG,1,malignant,P_00992,right,5,mlo,P_00992_RIGHT_MLO_calcification_1,,,
1663,1,calcification,digitized,4,"[1834, 1984, 2985, 3135]",3,LINEAR,PLEOMORPHIC,./data/CBIS-DDSM/Calc-Training_P_00993_RIGHT_CC/08-07-2016-DDSM-22380/1.000000-full mammogram images-61570/1-1.dcm,./data/CBIS-DDSM/Calc-Training_P_00993_RIGHT_CC_1/09-06-2017-DDSM-29665/1.000000-ROI mask images-58436/1-2.dcm,MG,1,malignant,P_00993,right,4,cc,P_00993_RIGHT_CC_calcification_1,,,
2913,1,calcification,digitized,4,"[1826, 3081, 2978, 4233]",3,LINEAR,PLEOMORPHIC,./data/CBIS-DDSM/Calc-Training_P_00993_RIGHT_MLO/08-07-2016-DDSM-19328/1.000000-full mammogram images-66229/1-1.dcm,./data/CBIS-DDSM/Calc-Training_P_00993_RIGHT_MLO_1/09-06-2017-DDSM-81615/1.000000-ROI mask images-61585/1-2.dcm,MG,1,malignant,P_00993,right,4,mlo,P_00993_RIGHT_MLO_calcification_1,,,
758,1,calcification,digitized,0,"[722, 1976, 1874, 3128]",2,CLUSTERED,MILK_OF_CALCIUM,./data/CBIS-DDSM/Calc-Training_P_01019_LEFT_CC/08-07-2016-DDSM-42491/1.000000-full mammogram images-58515/1-1.dcm,./data/CBIS-DDSM/Calc-Training_P_01019_LEFT_CC_1/09-06-2017-DDSM-35940/1.000000-ROI mask images-95496/1-2.dcm,MG,1,benign,P_01019,left,3,cc,P_01019_LEFT_CC_calcification_1,,,
2239,1,calcification,digitized,0,"[990, 2238, 2142, 3390]",2,CLUSTERED,MILK_OF_CALCIUM,./data/CBIS-DDSM/Calc-Training_P_01019_LEFT_MLO/08-07-2016-DDSM-79042/1.000000-full mammogram images-53103/1-1.dcm,./data/CBIS-DDSM/Calc-Training_P_01019_LEFT_MLO_1/09-06-2017-DDSM-84932/1.000000-ROI mask images-68571/1-2.dcm,MG,1,benign,P_01019,left,3,mlo,P_01019_LEFT_MLO_calcification_1,,,
816,1,calcification,digitized,2,"[1712, 1704, 2864, 2856]",3,,ROUND_AND_REGULAR,./data/CBIS-DDSM/Calc-Test_P_01030_RIGHT_CC/08-29-2017-DDSM-75284/1.000000-full mammogram images-52711/1-1.dcm,./data/CBIS-DDSM/Calc-Test_P_01030_RIGHT_CC_1/08-29-2017-DDSM-17594/1.000000-ROI mask images-48033/1-2.dcm,MG,2,benign,P_01030,right,5,cc,P_01030_RIGHT_CC_calcification_1,,,
3421,2,calcification,digitized,2,"[1292, 2412, 2444, 3564]",3,,ROUND_AND_REGULAR,./data/CBIS-DDSM/Calc-Test_P_01030_RIGHT_CC/08-29-2017-DDSM-75284/1.000000-full mammogram images-52711/1-1.dcm,./data/CBIS-DDSM/Calc-Test_P_01030_RIGHT_CC_2/08-29-2017-DDSM-86213/1.000000-ROI mask images-06712/1-2.dcm,MG,2,benign,P_01030,right,5,cc,P_01030_RIGHT_CC_calcification_2,,,
2302,1,calcification,digitized,2,"[1160, 1232, 2312, 2384]",3,,ROUND_AND_REGULAR,./data/CBIS-DDSM/Calc-Test_P_01030_RIGHT_MLO/08-29-2017-DDSM-87749/1.000000-full mammogram images-04924/1-1.dcm,./data/CBIS-DDSM/Calc-Test_P_01030_RIGHT_MLO_1/08-29-2017-DDSM-74326/1.000000-ROI mask images-36679/1-2.dcm,MG,2,benign,P_01030,right,5,mlo,P_01030_RIGHT_MLO_calcification_1,,,
3341,2,calcification,digitized,2,"[1060, 1980, 2212, 3132]",3,,ROUND_AND_REGULAR,./data/CBIS-DDSM/Calc-Test_P_01030_RIGHT_MLO/08-29-2017-DDSM-87749/1.000000-full mammogram images-04924/1-1.dcm,./data/CBIS-DDSM/Calc-Test_P_01030_RIGHT_MLO_2/08-29-2017-DDSM-38527/1.000000-ROI mask images-56650/1-2.dcm,MG,2,benign,P_01030,right,5,mlo,P_01030_RIGHT_MLO_calcification_2,,,
2210,1,calcification,digitized,4,"[1280, 4035, 2432, 5187]",3,CLUSTERED,PLEOMORPHIC,./data/CBIS-DDSM/Calc-Training_P_01066_RIGHT_CC/08-07-2016-DDSM-11102/1.000000-full mammogram images-61456/1-1.dcm,./data/CBIS-DDSM/Calc-Training_P_01066_RIGHT_CC_1/09-06-2017-DDSM-30474/1.000000-ROI mask images-03604/1-2.dcm,MG,1,benign,P_01066,right,2,cc,P_01066_RIGHT_CC_calcification_1,,,
699,1,calcification,digitized,4,"[712, 3676, 1864, 4828]",3,CLUSTERED,PLEOMORPHIC,./data/CBIS-DDSM/Calc-Training_P_01066_RIGHT_MLO/08-07-2016-DDSM-70254/1.000000-full mammogram images-15398/1-1.dcm,./data/CBIS-DDSM/Calc-Training_P_01066_RIGHT_MLO_1/09-06-2017-DDSM-81029/1.000000-ROI mask images-07374/1-2.dcm,MG,1,benign,P_01066,right,2,mlo,P_01066_RIGHT_MLO_calcification_1,,,
3129,1,calcification,digitized,4,"[80, 1312, 1232, 2464]",1,CLUSTERED,PLEOMORPHIC,./data/CBIS-DDSM/Calc-Training_P_01116_LEFT_CC/08-07-2016-DDSM-59174/1.000000-full mammogram images-96767/1-1.dcm,./data/CBIS-DDSM/Calc-Training_P_01116_LEFT_CC_1/09-06-2017-DDSM-69860/1.000000-ROI mask images-01064/1-2.dcm,MG,1,malignant,P_01116,left,5,cc,P_01116_LEFT_CC_calcification_1,,,
54,1,calcification,digitized,4,"[552, 2588, 1704, 3740]",1,CLUSTERED,PLEOMORPHIC,./data/CBIS-DDSM/Calc-Training_P_01116_LEFT_MLO/08-07-2016-DDSM-72167/1.000000-full mammogram images-37564/1-1.dcm,./data/CBIS-DDSM/Calc-Training_P_01116_LEFT_MLO_1/09-06-2017-DDSM-56356/1.000000-ROI mask images-09795/1-2.dcm,MG,1,malignant,P_01116,left,4,mlo,P_01116_LEFT_MLO_calcification_1,,,
3146,1,calcification,digitized,5,"[40, 1788, 1192, 2940]",2,SEGMENTAL,PLEOMORPHIC,./data/CBIS-DDSM/Calc-Training_P_01122_LEFT_MLO/08-07-2016-DDSM-17986/1.000000-full mammogram images-14571/1-1.dcm,./data/CBIS-DDSM/Calc-Training_P_01122_LEFT_MLO_1/09-06-2017-DDSM-96727/1.000000-ROI mask images-04811/1-2.dcm,MG,1,malignant,P_01122,left,5,mlo,P_01122_LEFT_MLO_calcification_1,,,
2954,1,calcification,digitized,4,"[1229, 2646, 2380, 3798]",4,CLUSTERED,PLEOMORPHIC,./data/CBIS-DDSM/Calc-Training_P_01126_LEFT_CC/08-07-2016-DDSM-82905/1.000000-full mammogram images-84332/1-1.dcm,./data/CBIS-DDSM/Calc-Training_P_01126_LEFT_CC_1/09-06-2017-DDSM-21028/1.000000-ROI mask images-44260/1-2.dcm,MG,1,malignant,P_01126,left,4,cc,P_01126_LEFT_CC_calcification_1,,,
2592,1,calcification,digitized,4,"[1593, 2345, 2491, 3496]",4,CLUSTERED,PLEOMORPHIC,./data/CBIS-DDSM/Calc-Training_P_01126_LEFT_MLO/08-07-2016-DDSM-59508/1.000000-full mammogram images-46253/1-1.dcm,./data/CBIS-DDSM/Calc-Training_P_01126_LEFT_MLO_1/09-06-2017-DDSM-76588/1.000000-ROI mask images-84487/1-2.dcm,MG,1,malignant,P_01126,left,4,mlo,P_01126_LEFT_MLO_calcification_1,,,
1340,1,calcification,digitized,4,"[229, 1531, 1380, 2683]",3,CLUSTERED,PLEOMORPHIC,./data/CBIS-DDSM/Calc-Training_P_01128_RIGHT_CC/08-07-2016-DDSM-86268/1.000000-full mammogram images-53088/1-1.dcm,./data/CBIS-DDSM/Calc-Training_P_01128_RIGHT_CC_1/09-06-2017-DDSM-65566/1.000000-ROI mask images-91132/1-2.dcm,MG,1,malignant,P_01128,right,2,cc,P_01128_RIGHT_CC_calcification_1,,,
3318,1,calcification,digitized,4,"[669, 2296, 1820, 3448]",3,CLUSTERED,PLEOMORPHIC,./data/CBIS-DDSM/Calc-Training_P_01128_RIGHT_MLO/08-07-2016-DDSM-94583/1.000000-full mammogram images-83961/1-1.dcm,./data/CBIS-DDSM/Calc-Training_P_01128_RIGHT_MLO_1/09-06-2017-DDSM-85988/1.000000-ROI mask images-33542/1-2.dcm,MG,1,malignant,P_01128,right,2,mlo,P_01128_RIGHT_MLO_calcification_1,,,
747,1,calcification,digitized,4,"[1836, 448, 2776, 1600]",3,CLUSTERED,PLEOMORPHIC,./data/CBIS-DDSM/Calc-Training_P_01139_RIGHT_CC/08-07-2016-DDSM-64565/1.000000-full mammogram images-82164/1-1.dcm,./data/CBIS-DDSM/Calc-Training_P_01139_RIGHT_CC_1/09-06-2017-DDSM-02589/1.000000-ROI mask images-63789/1-2.dcm,MG,1,benign,P_01139,right,2,cc,P_01139_RIGHT_CC_calcification_1,,,
2836,1,calcification,digitized,4,"[1076, 712, 2228, 1864]",3,CLUSTERED,PLEOMORPHIC,./data/CBIS-DDSM/Calc-Training_P_01139_RIGHT_MLO/08-07-2016-DDSM-51553/1.000000-full mammogram images-09300/1-1.dcm,./data/CBIS-DDSM/Calc-Training_P_01139_RIGHT_MLO_1/09-06-2017-DDSM-27152/1.000000-ROI mask images-43027/1-2.dcm,MG,1,benign,P_01139,right,2,mlo,P_01139_RIGHT_MLO_calcification_1,,,
2069,1,calcification,digitized,3,"[56, 1316, 1208, 2468]",4,REGIONAL,ROUND_AND_REGULAR-PUNCTATE-AMORPHOUS,./data/CBIS-DDSM/Calc-Training_P_01159_LEFT_CC/08-07-2016-DDSM-54633/1.000000-full mammogram images-42357/1-1.dcm,./data/CBIS-DDSM/Calc-Training_P_01159_LEFT_CC_1/09-06-2017-DDSM-74013/1.000000-ROI mask images-01289/1-2.dcm,MG,1,benign,P_01159,left,3,cc,P_01159_LEFT_CC_calcification_1,,,
775,1,calcification,digitized,4,"[1080, 1496, 2232, 2648]",4,REGIONAL,ROUND_AND_REGULAR-PUNCTATE-AMORPHOUS,./data/CBIS-DDSM/Calc-Training_P_01159_LEFT_MLO/08-07-2016-DDSM-95866/1.000000-full mammogram images-61538/1-1.dcm,./data/CBIS-DDSM/Calc-Training_P_01159_LEFT_MLO_1/09-06-2017-DDSM-04041/1.000000-ROI mask images-26328/1-2.dcm,MG,1,benign,P_01159,left,3,mlo,P_01159_LEFT_MLO_calcification_1,,,
1728,1,calcification,digitized,4,"[731, 2206, 1883, 3358]",2,LINEAR,FINE_LINEAR_BRANCHING,./data/CBIS-DDSM/Calc-Training_P_01161_LEFT_CC/08-07-2016-DDSM-54735/1.000000-full mammogram images-80807/1-1.dcm,./data/CBIS-DDSM/Calc-Training_P_01161_LEFT_CC_1/09-06-2017-DDSM-15161/1.000000-ROI mask images-13150/1-2.dcm,MG,1,malignant,P_01161,left,2,cc,P_01161_LEFT_CC_calcification_1,,,
3370,1,calcification,digitized,4,"[846, 3131, 1998, 4283]",2,LINEAR,FINE_LINEAR_BRANCHING,./data/CBIS-DDSM/Calc-Training_P_01161_LEFT_MLO/08-07-2016-DDSM-22316/1.000000-full mammogram images-04700/1-1.dcm,./data/CBIS-DDSM/Calc-Training_P_01161_LEFT_MLO_1/09-06-2017-DDSM-31733/1.000000-ROI mask images-50607/1-2.dcm,MG,1,malignant,P_01161,left,2,mlo,P_01161_LEFT_MLO_calcification_1,,,
3035,1,calcification,digitized,4,"[2004, 1580, 2904, 2732]",3,CLUSTERED,AMORPHOUS,./data/CBIS-DDSM/Calc-Training_P_01170_RIGHT_CC/08-07-2016-DDSM-37427/1.000000-full mammogram images-70310/1-1.dcm,./data/CBIS-DDSM/Calc-Training_P_01170_RIGHT_CC_1/09-06-2017-DDSM-79112/1.000000-ROI mask images-50709/1-2.dcm,MG,1,benign,P_01170,right,2,cc,P_01170_RIGHT_CC_calcification_1,,,
3325,1,calcification,digitized,4,"[1836, 1632, 2896, 2784]",3,CLUSTERED,AMORPHOUS,./data/CBIS-DDSM/Calc-Training_P_01170_RIGHT_MLO/08-07-2016-DDSM-88775/1.000000-full mammogram images-69334/1-1.dcm,./data/CBIS-DDSM/Calc-Training_P_01170_RIGHT_MLO_1/09-06-2017-DDSM-03713/1.000000-ROI mask images-38156/1-2.dcm,MG,1,benign,P_01170,right,2,mlo,P_01170_RIGHT_MLO_calcification_1,,,
2677,1,calcification,digitized,4,"[80, 2492, 1232, 3644]",2,LINEAR,FINE_LINEAR_BRANCHING,./data/CBIS-DDSM/Calc-Training_P_01186_LEFT_CC/08-07-2016-DDSM-54409/1.000000-full mammogram images-96667/1-1.dcm,./data/CBIS-DDSM/Calc-Training_P_01186_LEFT_CC_1/09-06-2017-DDSM-10783/1.000000-ROI mask images-55065/1-2.dcm,MG,1,benign,P_01186,left,5,cc,P_01186_LEFT_CC_calcification_1,,,
3431,1,calcification,digitized,4,"[216, 3372, 1368, 4524]",2,LINEAR,FINE_LINEAR_BRANCHING,./data/CBIS-DDSM/Calc-Training_P_01186_LEFT_MLO/08-07-2016-DDSM-89944/1.000000-full mammogram images-91796/1-1.dcm,./data/CBIS-DDSM/Calc-Training_P_01186_LEFT_MLO_1/09-06-2017-DDSM-13116/1.000000-ROI mask images-38876/1-2.dcm,MG,1,benign,P_01186,left,5,mlo,P_01186_LEFT_MLO_calcification_1,,,
1915,1,calcification,digitized,2,"[0, 1536, 836, 2688]",3,,COARSE,./data/CBIS-DDSM/Calc-Training_P_01200_LEFT_CC/08-07-2016-DDSM-15685/1.000000-full mammogram images-76022/1-1.dcm,./data/CBIS-DDSM/Calc-Training_P_01200_LEFT_CC_1/09-06-2017-DDSM-71021/1.000000-ROI mask images-75768/1-2.dcm,MG,1,benign,P_01200,left,5,cc,P_01200_LEFT_CC_calcification_1,,,
1822,1,calcification,digitized,2,"[0, 2164, 816, 3316]",3,,COARSE,./data/CBIS-DDSM/Calc-Training_P_01200_LEFT_MLO/08-07-2016-DDSM-76717/1.000000-full mammogram images-27642/1-1.dcm,./data/CBIS-DDSM/Calc-Training_P_01200_LEFT_MLO_1/09-06-2017-DDSM-83590/1.000000-ROI mask images-67866/1-2.dcm,MG,1,benign,P_01200,left,5,mlo,P_01200_LEFT_MLO_calcification_1,,,
9,1,calcification,digitized,4,"[1816, 944, 2968, 2096]",3,CLUSTERED,PLEOMORPHIC,./data/CBIS-DDSM/Calc-Training_P_01200_RIGHT_MLO/08-07-2016-DDSM-41551/1.000000-full mammogram images-15878/1-1.dcm,./data/CBIS-DDSM/Calc-Training_P_01200_RIGHT_MLO_1/09-06-2017-DDSM-53174/1.000000-ROI mask images-24083/1-2.dcm,MG,1,benign,P_01200,right,4,mlo,P_01200_RIGHT_MLO_calcification_1,,,
3232,1,calcification,digitized,4,"[232, 1660, 1384, 2812]",2,REGIONAL,PLEOMORPHIC,./data/CBIS-DDSM/Calc-Training_P_01250_LEFT_CC/08-07-2016-DDSM-14398/1.000000-full mammogram images-60758/1-1.dcm,./data/CBIS-DDSM/Calc-Training_P_01250_LEFT_CC_1/09-06-2017-DDSM-05743/1.000000-ROI mask images-65291/1-2.dcm,MG,1,malignant,P_01250,left,2,cc,P_01250_LEFT_CC_calcification_1,,,
1036,1,calcification,digitized,4,"[712, 1464, 1864, 2616]",2,REGIONAL,PLEOMORPHIC,./data/CBIS-DDSM/Calc-Training_P_01250_LEFT_MLO/08-07-2016-DDSM-36522/1.000000-full mammogram images-58731/1-1.dcm,./data/CBIS-DDSM/Calc-Training_P_01250_LEFT_MLO_1/09-06-2017-DDSM-09213/1.000000-ROI mask images-40112/1-2.dcm,MG,1,malignant,P_01250,left,2,mlo,P_01250_LEFT_MLO_calcification_1,,,
1272,2,calcification,digitized,4,"[1236, 1384, 2388, 2536]",3,CLUSTERED,AMORPHOUS,./data/CBIS-DDSM/Calc-Training_P_01284_RIGHT_MLO/08-07-2016-DDSM-29731/1.000000-full mammogram images-77708/1-1.dcm,./data/CBIS-DDSM/Calc-Training_P_01284_RIGHT_MLO_2/09-06-2017-DDSM-29363/1.000000-ROI mask images-89212/1-2.dcm,MG,2,benign,P_01284,right,3,mlo,P_01284_RIGHT_MLO_calcification_2,,,
2026,1,calcification,digitized,5,"[1000, 1020, 2152, 2172]",3,CLUSTERED,PLEOMORPHIC,./data/CBIS-DDSM/Calc-Training_P_01284_RIGHT_MLO/08-07-2016-DDSM-29731/1.000000-full mammogram images-77708/1-1.dcm,./data/CBIS-DDSM/Calc-Training_P_01284_RIGHT_MLO_1/09-06-2017-DDSM-36021/1.000000-ROI mask images-46664/1-2.dcm,MG,2,malignant,P_01284,right,3,mlo,P_01284_RIGHT_MLO_calcification_1,,,
570,2,calcification,digitized,3,"[992, 2490, 2144, 3642]",3,CLUSTERED,DYSTROPHIC,./data/CBIS-DDSM/Calc-Training_P_01292_RIGHT_CC/08-07-2016-DDSM-68399/1.000000-full mammogram images-97105/1-1.dcm,./data/CBIS-DDSM/Calc-Training_P_01292_RIGHT_CC_2/09-06-2017-DDSM-47332/1.000000-ROI mask images-03486/1-2.dcm,MG,3,benign,P_01292,right,4,cc,P_01292_RIGHT_CC_calcification_2,,,
615,3,calcification,digitized,3,"[1696, 3670, 2848, 4822]",3,CLUSTERED,DYSTROPHIC,./data/CBIS-DDSM/Calc-Training_P_01292_RIGHT_CC/08-07-2016-DDSM-68399/1.000000-full mammogram images-97105/1-1.dcm,./data/CBIS-DDSM/Calc-Training_P_01292_RIGHT_CC_3/09-06-2017-DDSM-13612/1.000000-ROI mask images-33400/1-2.dcm,MG,3,benign,P_01292,right,4,cc,P_01292_RIGHT_CC_calcification_3,,,
2534,1,calcification,digitized,3,"[380, 1694, 1532, 2846]",3,CLUSTERED,DYSTROPHIC,./data/CBIS-DDSM/Calc-Training_P_01292_RIGHT_CC/08-07-2016-DDSM-68399/1.000000-full mammogram images-97105/1-1.dcm,./data/CBIS-DDSM/Calc-Training_P_01292_RIGHT_CC_1/09-06-2017-DDSM-90659/1.000000-ROI mask images-78834/1-2.dcm,MG,3,benign,P_01292,right,4,cc,P_01292_RIGHT_CC_calcification_1,,,
268,2,calcification,digitized,3,"[1044, 3000, 2196, 4152]",3,CLUSTERED,DYSTROPHIC,./data/CBIS-DDSM/Calc-Training_P_01292_RIGHT_MLO/08-07-2016-DDSM-14082/1.000000-full mammogram images-59278/1-1.dcm,./data/CBIS-DDSM/Calc-Training_P_01292_RIGHT_MLO_2/09-06-2017-DDSM-39486/1.000000-ROI mask images-42794/1-2.dcm,MG,3,benign,P_01292,right,4,mlo,P_01292_RIGHT_MLO_calcification_2,,,
2769,3,calcification,digitized,3,"[1940, 4764, 3092, 5916]",3,CLUSTERED,DYSTROPHIC,./data/CBIS-DDSM/Calc-Training_P_01292_RIGHT_MLO/08-07-2016-DDSM-14082/1.000000-full mammogram images-59278/1-1.dcm,./data/CBIS-DDSM/Calc-Training_P_01292_RIGHT_MLO_3/09-06-2017-DDSM-26530/1.000000-ROI mask images-24001/1-2.dcm,MG,3,benign,P_01292,right,4,mlo,P_01292_RIGHT_MLO_calcification_3,,,
3389,1,calcification,digitized,3,"[1520, 2440, 2672, 3592]",3,CLUSTERED,DYSTROPHIC,./data/CBIS-DDSM/Calc-Training_P_01292_RIGHT_MLO/08-07-2016-DDSM-14082/1.000000-full mammogram images-59278/1-1.dcm,./data/CBIS-DDSM/Calc-Training_P_01292_RIGHT_MLO_1/09-06-2017-DDSM-36392/1.000000-ROI mask images-89579/1-2.dcm,MG,3,benign,P_01292,right,4,mlo,P_01292_RIGHT_MLO_calcification_1,,,
2860,1,calcification,digitized,5,"[2080, 1288, 3232, 2440]",2,CLUSTERED,PLEOMORPHIC,./data/CBIS-DDSM/Calc-Training_P_01296_RIGHT_CC/08-07-2016-DDSM-72869/1.000000-full mammogram images-53612/1-1.dcm,./data/CBIS-DDSM/Calc-Training_P_01296_RIGHT_CC_1/09-06-2017-DDSM-66240/1.000000-ROI mask images-35854/1-2.dcm,MG,1,malignant,P_01296,right,4,cc,P_01296_RIGHT_CC_calcification_1,,,
1442,1,calcification,digitized,5,"[1212, 2664, 2364, 3816]",2,CLUSTERED,PLEOMORPHIC,./data/CBIS-DDSM/Calc-Training_P_01296_RIGHT_MLO/08-07-2016-DDSM-12269/1.000000-full mammogram images-71506/1-1.dcm,./data/CBIS-DDSM/Calc-Training_P_01296_RIGHT_MLO_1/09-06-2017-DDSM-18263/1.000000-ROI mask images-74116/1-2.dcm,MG,1,malignant,P_01296,right,4,mlo,P_01296_RIGHT_MLO_calcification_1,,,
840,1,calcification,digitized,2,"[0, 716, 1016, 1868]",3,,VASCULAR,./data/CBIS-DDSM/Calc-Training_P_01306_LEFT_CC/08-07-2016-DDSM-21376/1.000000-full mammogram images-72293/1-1.dcm,./data/CBIS-DDSM/Calc-Training_P_01306_LEFT_CC_1/09-06-2017-DDSM-64192/1.000000-ROI mask images-48115/1-2.dcm,MG,1,benign,P_01306,left,3,cc,P_01306_LEFT_CC_calcification_1,,,
3266,1,calcification,digitized,2,"[0, 1132, 1036, 2284]",3,,VASCULAR,./data/CBIS-DDSM/Calc-Training_P_01306_LEFT_MLO/08-07-2016-DDSM-67431/1.000000-full mammogram images-58697/1-1.dcm,./data/CBIS-DDSM/Calc-Training_P_01306_LEFT_MLO_1/09-06-2017-DDSM-93699/1.000000-ROI mask images-71893/1-2.dcm,MG,1,benign,P_01306,left,3,mlo,P_01306_LEFT_MLO_calcification_1,,,
291,1,calcification,digitized,2,"[1020, 1244, 2172, 2396]",3,,PUNCTATE,./data/CBIS-DDSM/Calc-Training_P_01306_RIGHT_CC/08-07-2016-DDSM-89074/1.000000-full mammogram images-39456/1-1.dcm,./data/CBIS-DDSM/Calc-Training_P_01306_RIGHT_CC_1/09-06-2017-DDSM-16845/1.000000-ROI mask images-28349/1-2.dcm,MG,2,benign,P_01306,right,3,cc,P_01306_RIGHT_CC_calcification_1,,,
1079,2,calcification,digitized,2,"[1912, 732, 3064, 1884]",3,,VASCULAR,./data/CBIS-DDSM/Calc-Training_P_01306_RIGHT_CC/08-07-2016-DDSM-89074/1.000000-full mammogram images-39456/1-1.dcm,./data/CBIS-DDSM/Calc-Training_P_01306_RIGHT_CC_2/09-06-2017-DDSM-31375/1.000000-ROI mask images-29108/1-2.dcm,MG,2,benign,P_01306,right,3,cc,P_01306_RIGHT_CC_calcification_2,,,
2546,2,calcification,digitized,2,"[752, 2080, 1904, 3232]",3,,LUCENT_CENTER,./data/CBIS-DDSM/Calc-Training_P_01306_RIGHT_MLO/08-07-2016-DDSM-93141/1.000000-full mammogram images-74022/1-1.dcm,./data/CBIS-DDSM/Calc-Training_P_01306_RIGHT_MLO_2/09-06-2017-DDSM-90732/1.000000-ROI mask images-99778/1-2.dcm,MG,2,benign,P_01306,right,3,mlo,P_01306_RIGHT_MLO_calcification_2,,,
2961,1,calcification,digitized,2,"[1208, 1472, 2360, 2624]",3,,VASCULAR,./data/CBIS-DDSM/Calc-Training_P_01306_RIGHT_MLO/08-07-2016-DDSM-93141/1.000000-full mammogram images-74022/1-1.dcm,./data/CBIS-DDSM/Calc-Training_P_01306_RIGHT_MLO_1/09-06-2017-DDSM-23829/1.000000-ROI mask images-37783/1-2.dcm,MG,2,benign,P_01306,right,3,mlo,P_01306_RIGHT_MLO_calcification_1,,,
394,1,calcification,digitized,4,"[20, 964, 1172, 2116]",1,,ROUND_AND_REGULAR-AMORPHOUS,./data/CBIS-DDSM/Calc-Training_P_01314_LEFT_CC/08-07-2016-DDSM-00899/1.000000-full mammogram images-83650/1-1.dcm,./data/CBIS-DDSM/Calc-Training_P_01314_LEFT_CC_1/09-06-2017-DDSM-09017/1.000000-ROI mask images-48170/1-2.dcm,MG,1,benign,P_01314,left,3,cc,P_01314_LEFT_CC_calcification_1,,,
651,1,calcification,digitized,4,"[612, 1780, 1764, 2932]",1,CLUSTERED,PLEOMORPHIC,./data/CBIS-DDSM/Calc-Training_P_01314_LEFT_MLO/08-07-2016-DDSM-96083/1.000000-full mammogram images-00346/1-1.dcm,./data/CBIS-DDSM/Calc-Training_P_01314_LEFT_MLO_1/09-06-2017-DDSM-94154/1.000000-ROI mask images-60046/1-2.dcm,MG,1,benign,P_01314,left,3,mlo,P_01314_LEFT_MLO_calcification_1,,,
2789,1,calcification,digitized,4,"[690, 2656, 1842, 3808]",3,CLUSTERED,PLEOMORPHIC,./data/CBIS-DDSM/Calc-Test_P_01318_LEFT_MLO/08-29-2017-DDSM-39133/1.000000-full mammogram images-86379/1-1.dcm,./data/CBIS-DDSM/Calc-Test_P_01318_LEFT_MLO_1/08-29-2017-DDSM-48078/1.000000-ROI mask images-59352/1-2.dcm,MG,1,benign,P_01318,left,1,mlo,P_01318_LEFT_MLO_calcification_1,,,
1992,1,calcification,digitized,4,"[1660, 2476, 2812, 3628]",3,CLUSTERED,AMORPHOUS-PLEOMORPHIC,./data/CBIS-DDSM/Calc-Training_P_01334_RIGHT_CC/08-07-2016-DDSM-56889/1.000000-full mammogram images-20239/1-1.dcm,./data/CBIS-DDSM/Calc-Training_P_01334_RIGHT_CC_1/09-06-2017-DDSM-09504/1.000000-ROI mask images-30936/1-2.dcm,MG,2,benign,P_01334,right,2,cc,P_01334_RIGHT_CC_calcification_1,,,
2719,2,calcification,digitized,4,"[2424, 1152, 3328, 2304]",3,CLUSTERED,AMORPHOUS-PLEOMORPHIC,./data/CBIS-DDSM/Calc-Training_P_01334_RIGHT_CC/08-07-2016-DDSM-56889/1.000000-full mammogram images-20239/1-1.dcm,./data/CBIS-DDSM/Calc-Training_P_01334_RIGHT_CC_2/09-06-2017-DDSM-27917/1.000000-ROI mask images-85180/1-2.dcm,MG,2,benign,P_01334,right,2,cc,P_01334_RIGHT_CC_calcification_2,,,
889,1,calcification,digitized,4,"[1884, 2648, 3036, 3800]",3,CLUSTERED,AMORPHOUS-PLEOMORPHIC,./data/CBIS-DDSM/Calc-Training_P_01334_RIGHT_MLO/08-07-2016-DDSM-75285/1.000000-full mammogram images-66470/1-1.dcm,./data/CBIS-DDSM/Calc-Training_P_01334_RIGHT_MLO_1/09-06-2017-DDSM-96127/1.000000-ROI mask images-78041/1-2.dcm,MG,2,benign,P_01334,right,2,mlo,P_01334_RIGHT_MLO_calcification_1,,,
1342,2,calcification,digitized,4,"[2860, 3244, 3680, 4396]",3,CLUSTERED,AMORPHOUS-PLEOMORPHIC,./data/CBIS-DDSM/Calc-Training_P_01334_RIGHT_MLO/08-07-2016-DDSM-75285/1.000000-full mammogram images-66470/1-1.dcm,./data/CBIS-DDSM/Calc-Training_P_01334_RIGHT_MLO_2/09-06-2017-DDSM-07826/1.000000-ROI mask images-74438/1-2.dcm,MG,2,benign,P_01334,right,2,mlo,P_01334_RIGHT_MLO_calcification_2,,,
913,1,calcification,digitized,2,"[2349, 3448, 3501, 4600]",4,CLUSTERED,AMORPHOUS,./data/CBIS-DDSM/Calc-Training_P_01337_LEFT_CC/08-07-2016-DDSM-65565/1.000000-full mammogram images-78636/1-1.dcm,./data/CBIS-DDSM/Calc-Training_P_01337_LEFT_CC_1/09-06-2017-DDSM-96316/1.000000-ROI mask images-03717/1-2.dcm,MG,1,benign,P_01337,left,5,cc,P_01337_LEFT_CC_calcification_1,,,
335,1,calcification,digitized,2,"[2368, 3008, 3346, 4160]",4,CLUSTERED,AMORPHOUS,./data/CBIS-DDSM/Calc-Training_P_01337_LEFT_MLO/08-07-2016-DDSM-14009/1.000000-full mammogram images-46620/1-1.dcm,./data/CBIS-DDSM/Calc-Training_P_01337_LEFT_MLO_1/09-06-2017-DDSM-53119/1.000000-ROI mask images-26713/1-2.dcm,MG,1,benign,P_01337,left,5,mlo,P_01337_LEFT_MLO_calcification_1,,,
1215,1,calcification,digitized,4,"[1357, 2672, 2509, 3824]",4,CLUSTERED,PLEOMORPHIC,./data/CBIS-DDSM/Calc-Training_P_01338_LEFT_CC/08-07-2016-DDSM-49068/1.000000-full mammogram images-49675/1-1.dcm,./data/CBIS-DDSM/Calc-Training_P_01338_LEFT_CC_1/09-06-2017-DDSM-89739/1.000000-ROI mask images-92841/1-2.dcm,MG,1,benign,P_01338,left,2,cc,P_01338_LEFT_CC_calcification_1,,,
1060,1,calcification,digitized,4,"[1241, 3292, 2393, 4444]",4,CLUSTERED,PLEOMORPHIC,./data/CBIS-DDSM/Calc-Training_P_01338_LEFT_MLO/08-07-2016-DDSM-51285/1.000000-full mammogram images-77355/1-1.dcm,./data/CBIS-DDSM/Calc-Training_P_01338_LEFT_MLO_1/09-06-2017-DDSM-54327/1.000000-ROI mask images-57923/1-2.dcm,MG,1,benign,P_01338,left,2,mlo,P_01338_LEFT_MLO_calcification_1,,,
355,1,calcification,digitized,4,"[2001, 3228, 3152, 4379]",3,LINEAR,PLEOMORPHIC,./data/CBIS-DDSM/Calc-Training_P_01345_LEFT_CC/08-07-2016-DDSM-79214/1.000000-full mammogram images-07174/1-1.dcm,./data/CBIS-DDSM/Calc-Training_P_01345_LEFT_CC_1/09-06-2017-DDSM-52367/1.000000-ROI mask images-92967/1-2.dcm,MG,1,malignant,P_01345,left,2,cc,P_01345_LEFT_CC_calcification_1,,,
905,1,calcification,digitized,5,"[1824, 1196, 2720, 2348]",3,CLUSTERED,PLEOMORPHIC,./data/CBIS-DDSM/Calc-Test_P_01390_RIGHT_CC/08-29-2017-DDSM-72392/1.000000-full mammogram images-78403/1-1.dcm,./data/CBIS-DDSM/Calc-Test_P_01390_RIGHT_CC_1/08-29-2017-DDSM-94104/1.000000-ROI mask images-44855/1-2.dcm,MG,2,malignant,P_01390,right,5,cc,P_01390_RIGHT_CC_calcification_1,,,
982,2,calcification,digitized,5,"[2020, 780, 2720, 1932]",3,CLUSTERED,PLEOMORPHIC,./data/CBIS-DDSM/Calc-Test_P_01390_RIGHT_CC/08-29-2017-DDSM-72392/1.000000-full mammogram images-78403/1-1.dcm,./data/CBIS-DDSM/Calc-Test_P_01390_RIGHT_CC_2/08-29-2017-DDSM-55347/1.000000-ROI mask images-09099/1-2.dcm,MG,2,malignant,P_01390,right,5,cc,P_01390_RIGHT_CC_calcification_2,,,
1559,2,calcification,digitized,5,"[1708, 1608, 2680, 2760]",3,CLUSTERED,PLEOMORPHIC,./data/CBIS-DDSM/Calc-Test_P_01390_RIGHT_MLO/08-29-2017-DDSM-02094/1.000000-full mammogram images-80135/1-1.dcm,./data/CBIS-DDSM/Calc-Test_P_01390_RIGHT_MLO_2/08-29-2017-DDSM-46806/1.000000-ROI mask images-78865/1-2.dcm,MG,2,malignant,P_01390,right,5,mlo,P_01390_RIGHT_MLO_calcification_2,,,
2112,1,calcification,digitized,5,"[1976, 1508, 2680, 2660]",3,CLUSTERED,PLEOMORPHIC,./data/CBIS-DDSM/Calc-Test_P_01390_RIGHT_MLO/08-29-2017-DDSM-02094/1.000000-full mammogram images-80135/1-1.dcm,./data/CBIS-DDSM/Calc-Test_P_01390_RIGHT_MLO_1/08-29-2017-DDSM-43076/1.000000-ROI mask images-46418/1-2.dcm,MG,2,malignant,P_01390,right,5,mlo,P_01390_RIGHT_MLO_calcification_1,,,
2476,1,calcification,digitized,5,"[1064, 3296, 2216, 4448]",4,CLUSTERED,PLEOMORPHIC,./data/CBIS-DDSM/Calc-Training_P_01397_LEFT_CC/08-07-2016-DDSM-85417/1.000000-full mammogram images-34166/1-1.dcm,./data/CBIS-DDSM/Calc-Training_P_01397_LEFT_CC_1/09-06-2017-DDSM-16093/1.000000-ROI mask images-67593/1-2.dcm,MG,1,malignant,P_01397,left,3,cc,P_01397_LEFT_CC_calcification_1,,,
1531,1,calcification,digitized,5,"[1360, 2116, 2512, 3268]",4,CLUSTERED,PLEOMORPHIC,./data/CBIS-DDSM/Calc-Training_P_01397_LEFT_MLO/08-07-2016-DDSM-98095/1.000000-full mammogram images-82729/1-1.dcm,./data/CBIS-DDSM/Calc-Training_P_01397_LEFT_MLO_1/09-06-2017-DDSM-17476/1.000000-ROI mask images-76573/1-2.dcm,MG,1,malignant,P_01397,left,3,mlo,P_01397_LEFT_MLO_calcification_1,,,
1513,1,calcification,digitized,4,"[632, 3440, 1784, 4592]",2,CLUSTERED,PLEOMORPHIC,./data/CBIS-DDSM/Calc-Training_P_01401_LEFT_CC/08-07-2016-DDSM-00418/1.000000-full mammogram images-47634/1-1.dcm,./data/CBIS-DDSM/Calc-Training_P_01401_LEFT_CC_1/09-06-2017-DDSM-37514/1.000000-ROI mask images-35107/1-2.dcm,MG,1,benign,P_01401,left,4,cc,P_01401_LEFT_CC_calcification_1,,,
239,1,calcification,digitized,4,"[564, 2180, 1716, 3332]",2,CLUSTERED,PLEOMORPHIC,./data/CBIS-DDSM/Calc-Training_P_01401_LEFT_MLO/08-07-2016-DDSM-48257/1.000000-full mammogram images-68726/1-1.dcm,./data/CBIS-DDSM/Calc-Training_P_01401_LEFT_MLO_1/09-06-2017-DDSM-33485/1.000000-ROI mask images-76508/1-2.dcm,MG,1,benign,P_01401,left,4,mlo,P_01401_LEFT_MLO_calcification_1,,,
2666,1,calcification,digitized,4,"[1369, 1716, 2521, 2868]",4,CLUSTERED,PLEOMORPHIC,./data/CBIS-DDSM/Calc-Training_P_01424_LEFT_CC/08-07-2016-DDSM-97712/1.000000-full mammogram images-76134/1-1.dcm,./data/CBIS-DDSM/Calc-Training_P_01424_LEFT_CC_1/09-06-2017-DDSM-46652/1.000000-ROI mask images-89530/1-2.dcm,MG,1,malignant,P_01424,left,4,cc,P_01424_LEFT_CC_calcification_1,,,
419,1,calcification,digitized,4,"[704, 2468, 1856, 3620]",4,CLUSTERED,PLEOMORPHIC,./data/CBIS-DDSM/Calc-Training_P_01424_LEFT_MLO/08-07-2016-DDSM-33871/1.000000-full mammogram images-98675/1-1.dcm,./data/CBIS-DDSM/Calc-Training_P_01424_LEFT_MLO_1/09-06-2017-DDSM-10392/1.000000-ROI mask images-47913/1-2.dcm,MG,1,malignant,P_01424,left,4,mlo,P_01424_LEFT_MLO_calcification_1,,,
129,1,calcification,digitized,2,"[1864, 2044, 3016, 3196]",4,,LUCENT_CENTER,./data/CBIS-DDSM/Calc-Training_P_01435_RIGHT_CC/08-07-2016-DDSM-70976/1.000000-full mammogram images-82077/1-1.dcm,./data/CBIS-DDSM/Calc-Training_P_01435_RIGHT_CC_1/09-06-2017-DDSM-13026/1.000000-ROI mask images-64742/1-2.dcm,MG,2,benign,P_01435,right,4,cc,P_01435_RIGHT_CC_calcification_1,,,
1411,2,calcification,digitized,2,"[2176, 2184, 3048, 3336]",4,,LUCENT_CENTER,./data/CBIS-DDSM/Calc-Training_P_01435_RIGHT_CC/08-07-2016-DDSM-70976/1.000000-full mammogram images-82077/1-1.dcm,./data/CBIS-DDSM/Calc-Training_P_01435_RIGHT_CC_2/09-06-2017-DDSM-04154/1.000000-ROI mask images-67539/1-2.dcm,MG,2,benign,P_01435,right,4,cc,P_01435_RIGHT_CC_calcification_2,,,
238,3,calcification,digitized,2,"[1760, 2624, 2912, 3776]",4,,LUCENT_CENTER,./data/CBIS-DDSM/Calc-Training_P_01435_RIGHT_MLO/08-07-2016-DDSM-80779/1.000000-full mammogram images-82746/1-1.dcm,./data/CBIS-DDSM/Calc-Training_P_01435_RIGHT_MLO_3/09-06-2017-DDSM-61492/1.000000-ROI mask images-02558/1-2.dcm,MG,3,benign,P_01435,right,4,mlo,P_01435_RIGHT_MLO_calcification_3,,,
950,2,calcification,digitized,2,"[1664, 1920, 2816, 3072]",4,,LUCENT_CENTER,./data/CBIS-DDSM/Calc-Training_P_01435_RIGHT_MLO/08-07-2016-DDSM-80779/1.000000-full mammogram images-82746/1-1.dcm,./data/CBIS-DDSM/Calc-Training_P_01435_RIGHT_MLO_2/09-06-2017-DDSM-07372/1.000000-ROI mask images-76343/1-2.dcm,MG,3,benign,P_01435,right,4,mlo,P_01435_RIGHT_MLO_calcification_2,,,
1536,1,calcification,digitized,2,"[2024, 1684, 3056, 2836]",4,,LUCENT_CENTER,./data/CBIS-DDSM/Calc-Training_P_01435_RIGHT_MLO/08-07-2016-DDSM-80779/1.000000-full mammogram images-82746/1-1.dcm,./data/CBIS-DDSM/Calc-Training_P_01435_RIGHT_MLO_1/09-06-2017-DDSM-00860/1.000000-ROI mask images-74557/1-2.dcm,MG,3,benign,P_01435,right,4,mlo,P_01435_RIGHT_MLO_calcification_1,,,
1203,1,calcification,digitized,5,"[1052, 1045, 2086, 2197]",4,SEGMENTAL,PLEOMORPHIC,./data/CBIS-DDSM/Calc-Training_P_01459_LEFT_CC/08-07-2016-DDSM-77902/1.000000-full mammogram images-78888/1-1.dcm,./data/CBIS-DDSM/Calc-Training_P_01459_LEFT_CC_1/09-06-2017-DDSM-52725/1.000000-ROI mask images-45235/1-2.dcm,MG,1,malignant,P_01459,left,4,cc,P_01459_LEFT_CC_calcification_1,,,
389,1,calcification,digitized,5,"[1089, 2564, 2241, 3716]",4,SEGMENTAL,PLEOMORPHIC,./data/CBIS-DDSM/Calc-Training_P_01459_LEFT_MLO/08-07-2016-DDSM-60453/1.000000-full mammogram images-17517/1-1.dcm,./data/CBIS-DDSM/Calc-Training_P_01459_LEFT_MLO_1/09-06-2017-DDSM-12250/1.000000-ROI mask images-14236/1-2.dcm,MG,1,malignant,P_01459,left,4,mlo,P_01459_LEFT_MLO_calcification_1,,,
2407,1,calcification,digitized,2,"[1920, 428, 3056, 1580]",2,,LUCENT_CENTER,./data/CBIS-DDSM/Calc-Training_P_01487_RIGHT_MLO/08-07-2016-DDSM-62707/1.000000-full mammogram images-35048/1-1.dcm,./data/CBIS-DDSM/Calc-Training_P_01487_RIGHT_MLO_1/09-06-2017-DDSM-32941/1.000000-ROI mask images-69137/1-2.dcm,MG,1,benign,P_01487,right,3,mlo,P_01487_RIGHT_MLO_calcification_1,,,
2642,1,calcification,digitized,4,"[0, 2172, 964, 3324]",3,CLUSTERED,PUNCTATE,./data/CBIS-DDSM/Calc-Test_P_01490_LEFT_CC/08-29-2017-DDSM-99541/1.000000-full mammogram images-36857/1-1.dcm,./data/CBIS-DDSM/Calc-Test_P_01490_LEFT_CC_1/08-29-2017-DDSM-61553/1.000000-ROI mask images-64922/1-2.dcm,MG,1,benign,P_01490,left,3,cc,P_01490_LEFT_CC_calcification_1,,,
3167,1,calcification,digitized,4,"[0, 1744, 700, 2896]",3,CLUSTERED,PLEOMORPHIC,./data/CBIS-DDSM/Calc-Test_P_01490_LEFT_MLO/08-29-2017-DDSM-34613/1.000000-full mammogram images-86561/1-1.dcm,./data/CBIS-DDSM/Calc-Test_P_01490_LEFT_MLO_1/08-29-2017-DDSM-87638/1.000000-ROI mask images-29666/1-2.dcm,MG,1,benign,P_01490,left,3,mlo,P_01490_LEFT_MLO_calcification_1,,,
3017,1,calcification,digitized,4,"[1825, 3636, 2977, 4788]",4,LINEAR,PLEOMORPHIC,./data/CBIS-DDSM/Calc-Test_P_01523_LEFT_MLO/08-29-2017-DDSM-54016/1.000000-full mammogram images-61703/1-1.dcm,./data/CBIS-DDSM/Calc-Test_P_01523_LEFT_MLO_1/08-29-2017-DDSM-51081/1.000000-ROI mask images-73446/1-2.dcm,MG,1,benign,P_01523,left,1,mlo,P_01523_LEFT_MLO_calcification_1,,,
404,1,calcification,digitized,4,"[749, 1339, 1681, 2490]",3,CLUSTERED,PLEOMORPHIC,./data/CBIS-DDSM/Calc-Training_P_01548_LEFT_CC/08-07-2016-DDSM-97403/1.000000-full mammogram images-40194/1-1.dcm,./data/CBIS-DDSM/Calc-Training_P_01548_LEFT_CC_1/09-06-2017-DDSM-86904/1.000000-ROI mask images-88384/1-2.dcm,MG,1,malignant,P_01548,left,2,cc,P_01548_LEFT_CC_calcification_1,,,
2287,1,calcification,digitized,4,"[846, 3136, 1998, 4288]",3,CLUSTERED,PLEOMORPHIC,./data/CBIS-DDSM/Calc-Training_P_01548_LEFT_MLO/08-07-2016-DDSM-73686/1.000000-full mammogram images-21930/1-1.dcm,./data/CBIS-DDSM/Calc-Training_P_01548_LEFT_MLO_1/09-06-2017-DDSM-98567/1.000000-ROI mask images-29378/1-2.dcm,MG,1,malignant,P_01548,left,2,mlo,P_01548_LEFT_MLO_calcification_1,,,
3097,1,calcification,digitized,4,"[1240, 2232, 2392, 3384]",2,CLUSTERED,AMORPHOUS,./data/CBIS-DDSM/Calc-Training_P_01561_LEFT_CC/08-07-2016-DDSM-95512/1.000000-full mammogram images-56573/1-1.dcm,./data/CBIS-DDSM/Calc-Training_P_01561_LEFT_CC_1/09-06-2017-DDSM-56159/1.000000-ROI mask images-27274/1-2.dcm,MG,1,malignant,P_01561,left,4,cc,P_01561_LEFT_CC_calcification_1,,,
3102,1,calcification,digitized,4,"[1276, 2624, 2428, 3776]",2,CLUSTERED,AMORPHOUS,./data/CBIS-DDSM/Calc-Training_P_01561_LEFT_MLO/08-07-2016-DDSM-74241/1.000000-full mammogram images-55031/1-1.dcm,./data/CBIS-DDSM/Calc-Training_P_01561_LEFT_MLO_1/09-06-2017-DDSM-67202/1.000000-ROI mask images-62937/1-2.dcm,MG,1,malignant,P_01561,left,3,mlo,P_01561_LEFT_MLO_calcification_1,,,
943,1,calcification,digitized,4,"[1120, 960, 2272, 2112]",1,CLUSTERED,PLEOMORPHIC,./data/CBIS-DDSM/Calc-Test_P_01562_LEFT_CC/08-29-2017-DDSM-12794/1.000000-full mammogram images-45049/1-1.dcm,./data/CBIS-DDSM/Calc-Test_P_01562_LEFT_CC_1/08-29-2017-DDSM-10334/1.000000-ROI mask images-92020/1-2.dcm,MG,1,benign,P_01562,left,4,cc,P_01562_LEFT_CC_calcification_1,,,
1182,1,calcification,digitized,4,"[2000, 2732, 3152, 3884]",1,CLUSTERED,PLEOMORPHIC,./data/CBIS-DDSM/Calc-Test_P_01562_LEFT_MLO/08-29-2017-DDSM-89693/1.000000-full mammogram images-75718/1-1.dcm,./data/CBIS-DDSM/Calc-Test_P_01562_LEFT_MLO_1/08-29-2017-DDSM-04352/1.000000-ROI mask images-79819/1-2.dcm,MG,1,benign,P_01562,left,4,mlo,P_01562_LEFT_MLO_calcification_1,,,
1136,2,calcification,digitized,2,"[232, 2412, 1384, 3564]",3,,ROUND_AND_REGULAR-LUCENT_CENTERED,./data/CBIS-DDSM/Calc-Training_P_01563_LEFT_CC/08-07-2016-DDSM-05780/1.000000-full mammogram images-28810/1-1.dcm,./data/CBIS-DDSM/Calc-Training_P_01563_LEFT_CC_2/09-06-2017-DDSM-09885/1.000000-ROI mask images-68305/1-2.dcm,MG,2,benign,P_01563,left,3,cc,P_01563_LEFT_CC_calcification_2,,,
3435,1,calcification,digitized,2,"[500, 2172, 1652, 3324]",3,,ROUND_AND_REGULAR-LUCENT_CENTERED,./data/CBIS-DDSM/Calc-Training_P_01563_LEFT_CC/08-07-2016-DDSM-05780/1.000000-full mammogram images-28810/1-1.dcm,./data/CBIS-DDSM/Calc-Training_P_01563_LEFT_CC_1/09-06-2017-DDSM-73769/1.000000-ROI mask images-57549/1-2.dcm,MG,2,benign,P_01563,left,3,cc,P_01563_LEFT_CC_calcification_1,,,
185,1,calcification,digitized,2,"[608, 1272, 1760, 2424]",3,,ROUND_AND_REGULAR-LUCENT_CENTERED,./data/CBIS-DDSM/Calc-Training_P_01563_LEFT_MLO/08-07-2016-DDSM-02229/1.000000-full mammogram images-54524/1-1.dcm,./data/CBIS-DDSM/Calc-Training_P_01563_LEFT_MLO_1/09-06-2017-DDSM-55460/1.000000-ROI mask images-00390/1-2.dcm,MG,4,benign,P_01563,left,3,mlo,P_01563_LEFT_MLO_calcification_1,,,
365,3,calcification,digitized,2,"[1428, 2384, 2580, 3536]",3,,ROUND_AND_REGULAR-LUCENT_CENTERED,./data/CBIS-DDSM/Calc-Training_P_01563_LEFT_MLO/08-07-2016-DDSM-02229/1.000000-full mammogram images-54524/1-1.dcm,./data/CBIS-DDSM/Calc-Training_P_01563_LEFT_MLO_3/09-06-2017-DDSM-83845/1.000000-ROI mask images-06183/1-2.dcm,MG,4,benign,P_01563,left,3,mlo,P_01563_LEFT_MLO_calcification_3,,,
1991,4,calcification,digitized,2,"[1208, 2940, 2360, 4092]",3,,ROUND_AND_REGULAR-LUCENT_CENTERED,./data/CBIS-DDSM/Calc-Training_P_01563_LEFT_MLO/08-07-2016-DDSM-02229/1.000000-full mammogram images-54524/1-1.dcm,./data/CBIS-DDSM/Calc-Training_P_01563_LEFT_MLO_4/09-06-2017-DDSM-82072/1.000000-ROI mask images-46835/1-2.dcm,MG,4,benign,P_01563,left,3,mlo,P_01563_LEFT_MLO_calcification_4,,,
2601,2,calcification,digitized,2,"[540, 2404, 1692, 3556]",3,,ROUND_AND_REGULAR-LUCENT_CENTERED,./data/CBIS-DDSM/Calc-Training_P_01563_LEFT_MLO/08-07-2016-DDSM-02229/1.000000-full mammogram images-54524/1-1.dcm,./data/CBIS-DDSM/Calc-Training_P_01563_LEFT_MLO_2/09-06-2017-DDSM-24381/1.000000-ROI mask images-67723/1-2.dcm,MG,4,benign,P_01563,left,3,mlo,P_01563_LEFT_MLO_calcification_2,,,
1572,2,calcification,digitized,2,"[1760, 3164, 2912, 4316]",3,,ROUND_AND_REGULAR-LUCENT_CENTERED,./data/CBIS-DDSM/Calc-Training_P_01563_RIGHT_CC/08-07-2016-DDSM-76885/1.000000-full mammogram images-47906/1-1.dcm,./data/CBIS-DDSM/Calc-Training_P_01563_RIGHT_CC_2/09-06-2017-DDSM-79941/1.000000-ROI mask images-76359/1-2.dcm,MG,2,benign,P_01563,right,3,cc,P_01563_RIGHT_CC_calcification_2,,,
2663,1,calcification,digitized,2,"[1520, 1592, 2672, 2744]",3,,ROUND_AND_REGULAR-LUCENT_CENTERED,./data/CBIS-DDSM/Calc-Training_P_01563_RIGHT_CC/08-07-2016-DDSM-76885/1.000000-full mammogram images-47906/1-1.dcm,./data/CBIS-DDSM/Calc-Training_P_01563_RIGHT_CC_1/09-06-2017-DDSM-36526/1.000000-ROI mask images-31261/1-2.dcm,MG,2,benign,P_01563,right,3,cc,P_01563_RIGHT_CC_calcification_1,,,
2177,1,calcification,digitized,2,"[1468, 1676, 2620, 2828]",3,,LUCENT_CENTERED,./data/CBIS-DDSM/Calc-Training_P_01563_RIGHT_MLO/08-07-2016-DDSM-53682/1.000000-full mammogram images-64974/1-1.dcm,./data/CBIS-DDSM/Calc-Training_P_01563_RIGHT_MLO_1/09-06-2017-DDSM-26588/1.000000-ROI mask images-46878/1-2.dcm,MG,3,benign,P_01563,right,3,mlo,P_01563_RIGHT_MLO_calcification_1,,,
2741,2,calcification,digitized,2,"[1360, 2088, 2512, 3240]",3,,LUCENT_CENTERED,./data/CBIS-DDSM/Calc-Training_P_01563_RIGHT_MLO/08-07-2016-DDSM-53682/1.000000-full mammogram images-64974/1-1.dcm,./data/CBIS-DDSM/Calc-Training_P_01563_RIGHT_MLO_2/09-06-2017-DDSM-97599/1.000000-ROI mask images-16506/1-2.dcm,MG,3,benign,P_01563,right,3,mlo,P_01563_RIGHT_MLO_calcification_2,,,
2883,3,calcification,digitized,2,"[1068, 2156, 2220, 3308]",3,,LUCENT_CENTERED,./data/CBIS-DDSM/Calc-Training_P_01563_RIGHT_MLO/08-07-2016-DDSM-53682/1.000000-full mammogram images-64974/1-1.dcm,./data/CBIS-DDSM/Calc-Training_P_01563_RIGHT_MLO_3/09-06-2017-DDSM-11217/1.000000-ROI mask images-24431/1-2.dcm,MG,3,benign,P_01563,right,3,mlo,P_01563_RIGHT_MLO_calcification_3,,,
2128,1,calcification,digitized,4,"[1553, 2241, 2705, 3392]",2,SEGMENTAL,PLEOMORPHIC,./data/CBIS-DDSM/Calc-Training_P_01585_RIGHT_CC/08-07-2016-DDSM-74501/1.000000-full mammogram images-28281/1-1.dcm,./data/CBIS-DDSM/Calc-Training_P_01585_RIGHT_CC_1/09-06-2017-DDSM-75319/1.000000-ROI mask images-83341/1-2.dcm,MG,1,malignant,P_01585,right,4,cc,P_01585_RIGHT_CC_calcification_1,,,
1752,1,calcification,digitized,4,"[2050, 2888, 3202, 4040]",2,SEGMENTAL,PLEOMORPHIC,./data/CBIS-DDSM/Calc-Training_P_01585_RIGHT_MLO/08-07-2016-DDSM-92549/1.000000-full mammogram images-79104/1-1.dcm,./data/CBIS-DDSM/Calc-Training_P_01585_RIGHT_MLO_1/09-06-2017-DDSM-63056/1.000000-ROI mask images-95124/1-2.dcm,MG,1,malignant,P_01585,right,4,mlo,P_01585_RIGHT_MLO_calcification_1,,,
1592,1,calcification,digitized,5,"[0, 924, 872, 2076]",2,CLUSTERED,PLEOMORPHIC,./data/CBIS-DDSM/Calc-Training_P_01626_LEFT_CC/08-07-2016-DDSM-83804/1.000000-full mammogram images-07487/1-1.dcm,./data/CBIS-DDSM/Calc-Training_P_01626_LEFT_CC_1/09-06-2017-DDSM-17366/1.000000-ROI mask images-46260/1-2.dcm,MG,1,malignant,P_01626,left,4,cc,P_01626_LEFT_CC_calcification_1,,,
2635,1,calcification,digitized,5,"[200, 1340, 1352, 2492]",2,CLUSTERED,PLEOMORPHIC,./data/CBIS-DDSM/Calc-Training_P_01626_LEFT_MLO/08-07-2016-DDSM-73182/1.000000-full mammogram images-06116/1-1.dcm,./data/CBIS-DDSM/Calc-Training_P_01626_LEFT_MLO_1/09-06-2017-DDSM-81020/1.000000-ROI mask images-06944/1-2.dcm,MG,1,malignant,P_01626,left,4,mlo,P_01626_LEFT_MLO_calcification_1,,,
1636,1,calcification,digitized,4,"[1884, 1952, 2528, 3104]",4,CLUSTERED,PLEOMORPHIC,./data/CBIS-DDSM/Calc-Training_P_01639_RIGHT_CC/08-07-2016-DDSM-96720/1.000000-full mammogram images-87675/1-1.dcm,./data/CBIS-DDSM/Calc-Training_P_01639_RIGHT_CC_1/09-06-2017-DDSM-62468/1.000000-ROI mask images-44929/1-2.dcm,MG,1,benign,P_01639,right,3,cc,P_01639_RIGHT_CC_calcification_1,,,
2529,1,calcification,digitized,4,"[1816, 2608, 2568, 3760]",4,CLUSTERED,PLEOMORPHIC,./data/CBIS-DDSM/Calc-Training_P_01639_RIGHT_MLO/08-07-2016-DDSM-83106/1.000000-full mammogram images-68775/1-1.dcm,./data/CBIS-DDSM/Calc-Training_P_01639_RIGHT_MLO_1/09-06-2017-DDSM-72368/1.000000-ROI mask images-82236/1-2.dcm,MG,1,benign,P_01639,right,3,mlo,P_01639_RIGHT_MLO_calcification_1,,,
498,1,calcification,digitized,4,"[672, 3148, 1824, 4300]",4,CLUSTERED,PLEOMORPHIC,./data/CBIS-DDSM/Calc-Training_P_01676_RIGHT_MLO/08-07-2016-DDSM-66557/1.000000-full mammogram images-75282/1-1.dcm,./data/CBIS-DDSM/Calc-Training_P_01676_RIGHT_MLO_1/09-06-2017-DDSM-22332/1.000000-ROI mask images-43327/1-2.dcm,MG,1,benign,P_01676,right,4,mlo,P_01676_RIGHT_MLO_calcification_1,,,
142,1,calcification,digitized,4,"[1689, 984, 2791, 2136]",3,CLUSTERED,AMORPHOUS,./data/CBIS-DDSM/Calc-Test_P_01728_LEFT_CC/08-29-2017-DDSM-78434/1.000000-full mammogram images-57946/1-1.dcm,./data/CBIS-DDSM/Calc-Test_P_01728_LEFT_CC_1/08-29-2017-DDSM-17979/1.000000-ROI mask images-14184/1-2.dcm,MG,1,benign,P_01728,left,3,cc,P_01728_LEFT_CC_calcification_1,,,
159,1,calcification,digitized,4,"[500, 1766, 1652, 2918]",4,CLUSTERED,PLEOMORPHIC,./data/CBIS-DDSM/Calc-Training_P_01732_LEFT_CC/08-07-2016-DDSM-17900/1.000000-full mammogram images-51027/1-1.dcm,./data/CBIS-DDSM/Calc-Training_P_01732_LEFT_CC_1/09-06-2017-DDSM-99401/1.000000-ROI mask images-52459/1-2.dcm,MG,1,benign,P_01732,left,2,cc,P_01732_LEFT_CC_calcification_1,,,
2478,1,calcification,digitized,4,"[620, 1844, 1772, 2996]",4,CLUSTERED,PLEOMORPHIC,./data/CBIS-DDSM/Calc-Training_P_01732_LEFT_MLO/08-07-2016-DDSM-85030/1.000000-full mammogram images-87595/1-1.dcm,./data/CBIS-DDSM/Calc-Training_P_01732_LEFT_MLO_1/09-06-2017-DDSM-23685/1.000000-ROI mask images-75673/1-2.dcm,MG,1,benign,P_01732,left,2,mlo,P_01732_LEFT_MLO_calcification_1,,,
3525,1,calcification,digitized,4,"[1328, 1488, 2480, 2640]",3,SEGMENTAL,PLEOMORPHIC,./data/CBIS-DDSM/Calc-Training_P_01748_RIGHT_CC/08-07-2016-DDSM-39032/1.000000-full mammogram images-93055/1-1.dcm,./data/CBIS-DDSM/Calc-Training_P_01748_RIGHT_CC_1/09-06-2017-DDSM-54287/1.000000-ROI mask images-77546/1-2.dcm,MG,1,benign,P_01748,right,3,cc,P_01748_RIGHT_CC_calcification_1,,,
1485,1,calcification,digitized,4,"[932, 2288, 2084, 3440]",3,SEGMENTAL,PLEOMORPHIC,./data/CBIS-DDSM/Calc-Training_P_01748_RIGHT_MLO/08-07-2016-DDSM-25064/1.000000-full mammogram images-59005/1-1.dcm,./data/CBIS-DDSM/Calc-Training_P_01748_RIGHT_MLO_1/09-06-2017-DDSM-56299/1.000000-ROI mask images-68277/1-2.dcm,MG,1,benign,P_01748,right,3,mlo,P_01748_RIGHT_MLO_calcification_1,,,
3365,1,calcification,digitized,4,"[1228, 451, 2206, 1603]",4,CLUSTERED,AMORPHOUS,./data/CBIS-DDSM/Calc-Test_P_01752_LEFT_CC/08-29-2017-DDSM-03857/1.000000-full mammogram images-68250/1-1.dcm,./data/CBIS-DDSM/Calc-Test_P_01752_LEFT_CC_1/08-29-2017-DDSM-39844/1.000000-ROI mask images-18438/1-2.dcm,MG,1,benign,P_01752,left,2,cc,P_01752_LEFT_CC_calcification_1,,,
1858,1,calcification,digitized,4,"[1041, 1244, 2193, 2396]",4,CLUSTERED,PLEOMORPHIC,./data/CBIS-DDSM/Calc-Test_P_01752_LEFT_MLO/08-29-2017-DDSM-82353/1.000000-full mammogram images-42665/1-1.dcm,./data/CBIS-DDSM/Calc-Test_P_01752_LEFT_MLO_1/08-29-2017-DDSM-45016/1.000000-ROI mask images-09916/1-2.dcm,MG,1,benign,P_01752,left,2,mlo,P_01752_LEFT_MLO_calcification_1,,,
2589,1,calcification,digitized,2,"[1896, 892, 3048, 2044]",4,,LUCENT_CENTER,./data/CBIS-DDSM/Calc-Training_P_01760_RIGHT_CC/08-07-2016-DDSM-60578/1.000000-full mammogram images-33957/1-1.dcm,./data/CBIS-DDSM/Calc-Training_P_01760_RIGHT_CC_1/09-06-2017-DDSM-23771/1.000000-ROI mask images-15401/1-2.dcm,MG,1,benign,P_01760,right,3,cc,P_01760_RIGHT_CC_calcification_1,,,
2969,1,calcification,digitized,2,"[1572, 1656, 2724, 2808]",4,,LUCENT_CENTER,./data/CBIS-DDSM/Calc-Training_P_01760_RIGHT_MLO/08-07-2016-DDSM-58113/1.000000-full mammogram images-35486/1-1.dcm,./data/CBIS-DDSM/Calc-Training_P_01760_RIGHT_MLO_1/09-06-2017-DDSM-03547/1.000000-ROI mask images-93380/1-2.dcm,MG,1,benign,P_01760,right,3,mlo,P_01760_RIGHT_MLO_calcification_1,,,
1933,1,calcification,digitized,2,"[700, 680, 1852, 1832]",3,LINEAR,,./data/CBIS-DDSM/Calc-Training_P_01769_LEFT_CC/08-07-2016-DDSM-16470/1.000000-full mammogram images-57446/1-1.dcm,./data/CBIS-DDSM/Calc-Training_P_01769_LEFT_CC_1/09-06-2017-DDSM-18354/1.000000-ROI mask images-76740/1-2.dcm,MG,1,benign,P_01769,left,3,cc,P_01769_LEFT_CC_calcification_1,,,
255,1,calcification,digitized,2,"[1216, 1564, 2368, 2716]",3,LINEAR,,./data/CBIS-DDSM/Calc-Training_P_01769_LEFT_MLO/08-07-2016-DDSM-05818/1.000000-full mammogram images-41444/1-1.dcm,./data/CBIS-DDSM/Calc-Training_P_01769_LEFT_MLO_1/09-06-2017-DDSM-74962/1.000000-ROI mask images-75670/1-2.dcm,MG,1,benign,P_01769,left,3,mlo,P_01769_LEFT_MLO_calcification_1,,,
90,1,calcification,digitized,2,"[2184, 724, 3104, 1876]",3,,ROUND_AND_REGULAR-LUCENT_CENTER,./data/CBIS-DDSM/Calc-Training_P_01769_RIGHT_CC/08-07-2016-DDSM-56204/1.000000-full mammogram images-81312/1-1.dcm,./data/CBIS-DDSM/Calc-Training_P_01769_RIGHT_CC_1/09-06-2017-DDSM-72949/1.000000-ROI mask images-64850/1-2.dcm,MG,5,benign,P_01769,right,5,cc,P_01769_RIGHT_CC_calcification_1,,,
843,3,calcification,digitized,2,"[1748, 2480, 2900, 3632]",3,,ROUND_AND_REGULAR-LUCENT_CENTER,./data/CBIS-DDSM/Calc-Training_P_01769_RIGHT_CC/08-07-2016-DDSM-56204/1.000000-full mammogram images-81312/1-1.dcm,./data/CBIS-DDSM/Calc-Training_P_01769_RIGHT_CC_3/09-06-2017-DDSM-85136/1.000000-ROI mask images-37299/1-2.dcm,MG,5,benign,P_01769,right,5,cc,P_01769_RIGHT_CC_calcification_3,,,
2533,4,calcification,digitized,2,"[1616, 2232, 2768, 3384]",3,,ROUND_AND_REGULAR-LUCENT_CENTER,./data/CBIS-DDSM/Calc-Training_P_01769_RIGHT_CC/08-07-2016-DDSM-56204/1.000000-full mammogram images-81312/1-1.dcm,./data/CBIS-DDSM/Calc-Training_P_01769_RIGHT_CC_4/09-06-2017-DDSM-94726/1.000000-ROI mask images-45588/1-2.dcm,MG,5,benign,P_01769,right,5,cc,P_01769_RIGHT_CC_calcification_4,,,
2892,2,calcification,digitized,2,"[1692, 2960, 2844, 4112]",3,,ROUND_AND_REGULAR-LUCENT_CENTER,./data/CBIS-DDSM/Calc-Training_P_01769_RIGHT_CC/08-07-2016-DDSM-56204/1.000000-full mammogram images-81312/1-1.dcm,./data/CBIS-DDSM/Calc-Training_P_01769_RIGHT_CC_2/09-06-2017-DDSM-53278/1.000000-ROI mask images-25627/1-2.dcm,MG,5,benign,P_01769,right,5,cc,P_01769_RIGHT_CC_calcification_2,,,
3008,5,calcification,digitized,2,"[2056, 2844, 3104, 3996]",3,,ROUND_AND_REGULAR-LUCENT_CENTER,./data/CBIS-DDSM/Calc-Training_P_01769_RIGHT_CC/08-07-2016-DDSM-56204/1.000000-full mammogram images-81312/1-1.dcm,./data/CBIS-DDSM/Calc-Training_P_01769_RIGHT_CC_5/09-06-2017-DDSM-02831/1.000000-ROI mask images-79253/1-2.dcm,MG,5,benign,P_01769,right,5,cc,P_01769_RIGHT_CC_calcification_5,,,
197,1,calcification,digitized,2,"[1536, 1752, 2688, 2904]",3,,ROUND_AND_REGULAR-LUCENT_CENTER,./data/CBIS-DDSM/Calc-Training_P_01769_RIGHT_MLO/08-07-2016-DDSM-14705/1.000000-full mammogram images-26690/1-1.dcm,./data/CBIS-DDSM/Calc-Training_P_01769_RIGHT_MLO_1/09-06-2017-DDSM-11352/1.000000-ROI mask images-88657/1-2.dcm,MG,4,benign,P_01769,right,4,mlo,P_01769_RIGHT_MLO_calcification_1,,,
212,4,calcification,digitized,2,"[2076, 2676, 3096, 3828]",3,,ROUND_AND_REGULAR-LUCENT_CENTER,./data/CBIS-DDSM/Calc-Training_P_01769_RIGHT_MLO/08-07-2016-DDSM-14705/1.000000-full mammogram images-26690/1-1.dcm,./data/CBIS-DDSM/Calc-Training_P_01769_RIGHT_MLO_4/09-06-2017-DDSM-42010/1.000000-ROI mask images-47523/1-2.dcm,MG,4,benign,P_01769,right,4,mlo,P_01769_RIGHT_MLO_calcification_4,,,
1108,3,calcification,digitized,2,"[1728, 2864, 2880, 4016]",3,,ROUND_AND_REGULAR-LUCENT_CENTER,./data/CBIS-DDSM/Calc-Training_P_01769_RIGHT_MLO/08-07-2016-DDSM-14705/1.000000-full mammogram images-26690/1-1.dcm,./data/CBIS-DDSM/Calc-Training_P_01769_RIGHT_MLO_3/09-06-2017-DDSM-95436/1.000000-ROI mask images-47681/1-2.dcm,MG,4,benign,P_01769,right,4,mlo,P_01769_RIGHT_MLO_calcification_3,,,
1378,2,calcification,digitized,2,"[1564, 2884, 2716, 4036]",3,,ROUND_AND_REGULAR-LUCENT_CENTER,./data/CBIS-DDSM/Calc-Training_P_01769_RIGHT_MLO/08-07-2016-DDSM-14705/1.000000-full mammogram images-26690/1-1.dcm,./data/CBIS-DDSM/Calc-Training_P_01769_RIGHT_MLO_2/09-06-2017-DDSM-70092/1.000000-ROI mask images-00594/1-2.dcm,MG,4,benign,P_01769,right,4,mlo,P_01769_RIGHT_MLO_calcification_2,,,
519,1,calcification,digitized,2,"[0, 1700, 1060, 2852]",3,,LUCENT_CENTER,./data/CBIS-DDSM/Calc-Training_P_01784_LEFT_CC/08-07-2016-DDSM-60540/1.000000-full mammogram images-76397/1-1.dcm,./data/CBIS-DDSM/Calc-Training_P_01784_LEFT_CC_1/09-06-2017-DDSM-91653/1.000000-ROI mask images-40327/1-2.dcm,MG,1,benign,P_01784,left,4,cc,P_01784_LEFT_CC_calcification_1,,,
3244,1,calcification,digitized,2,"[292, 2588, 1444, 3740]",3,,LUCENT_CENTER,./data/CBIS-DDSM/Calc-Training_P_01784_LEFT_MLO/08-07-2016-DDSM-85187/1.000000-full mammogram images-80862/1-1.dcm,./data/CBIS-DDSM/Calc-Training_P_01784_LEFT_MLO_1/09-06-2017-DDSM-15245/1.000000-ROI mask images-21683/1-2.dcm,MG,1,benign,P_01784,left,4,mlo,P_01784_LEFT_MLO_calcification_1,,,
1315,1,calcification,digitized,4,"[196, 1240, 1348, 2392]",2,CLUSTERED,PLEOMORPHIC,./data/CBIS-DDSM/Calc-Training_P_01791_LEFT_CC/08-07-2016-DDSM-45770/1.000000-full mammogram images-37311/1-1.dcm,./data/CBIS-DDSM/Calc-Training_P_01791_LEFT_CC_1/09-06-2017-DDSM-44662/1.000000-ROI mask images-66974/1-2.dcm,MG,1,benign,P_01791,left,3,cc,P_01791_LEFT_CC_calcification_1,,,
1930,1,calcification,digitized,4,"[504, 1196, 1656, 2348]",2,CLUSTERED,PLEOMORPHIC,./data/CBIS-DDSM/Calc-Training_P_01791_LEFT_MLO/08-07-2016-DDSM-46907/1.000000-full mammogram images-00062/1-1.dcm,./data/CBIS-DDSM/Calc-Training_P_01791_LEFT_MLO_1/09-06-2017-DDSM-70263/1.000000-ROI mask images-65766/1-2.dcm,MG,1,benign,P_01791,left,3,mlo,P_01791_LEFT_MLO_calcification_1,,,
572,1,calcification,digitized,4,"[1051, 2674, 2203, 3825]",2,SEGMENTAL,PLEOMORPHIC,./data/CBIS-DDSM/Calc-Training_P_01809_LEFT_MLO/08-07-2016-DDSM-69781/1.000000-full mammogram images-62879/1-1.dcm,./data/CBIS-DDSM/Calc-Training_P_01809_LEFT_MLO_1/09-06-2017-DDSM-59745/1.000000-ROI mask images-52162/1-2.dcm,MG,1,malignant,P_01809,left,3,mlo,P_01809_LEFT_MLO_calcification_1,,,
2511,1,calcification,digitized,4,"[0, 960, 816, 2112]",3,CLUSTERED,PLEOMORPHIC,./data/CBIS-DDSM/Calc-Training_P_01810_LEFT_CC/08-07-2016-DDSM-06475/1.000000-full mammogram images-98772/1-1.dcm,./data/CBIS-DDSM/Calc-Training_P_01810_LEFT_CC_1/09-06-2017-DDSM-63828/1.000000-ROI mask images-53417/1-2.dcm,MG,1,benign,P_01810,left,4,cc,P_01810_LEFT_CC_calcification_1,,,
2550,1,calcification,digitized,4,"[0, 2056, 760, 3208]",3,CLUSTERED,PLEOMORPHIC,./data/CBIS-DDSM/Calc-Training_P_01810_LEFT_MLO/08-07-2016-DDSM-25649/1.000000-full mammogram images-53586/1-1.dcm,./data/CBIS-DDSM/Calc-Training_P_01810_LEFT_MLO_1/09-06-2017-DDSM-60489/1.000000-ROI mask images-41955/1-2.dcm,MG,1,benign,P_01810,left,4,mlo,P_01810_LEFT_MLO_calcification_1,,,
510,2,calcification,digitized,2,"[808, 668, 1960, 1820]",3,,LUCENT_CENTER,./data/CBIS-DDSM/Calc-Training_P_01823_LEFT_CC/08-07-2016-DDSM-77776/1.000000-full mammogram images-57388/1-1.dcm,./data/CBIS-DDSM/Calc-Training_P_01823_LEFT_CC_2/09-06-2017-DDSM-36612/1.000000-ROI mask images-22774/1-2.dcm,MG,2,benign,P_01823,left,3,cc,P_01823_LEFT_CC_calcification_2,,,
2080,1,calcification,digitized,2,"[468, 592, 1620, 1744]",3,,LUCENT_CENTER,./data/CBIS-DDSM/Calc-Training_P_01823_LEFT_CC/08-07-2016-DDSM-77776/1.000000-full mammogram images-57388/1-1.dcm,./data/CBIS-DDSM/Calc-Training_P_01823_LEFT_CC_1/09-06-2017-DDSM-45808/1.000000-ROI mask images-59835/1-2.dcm,MG,2,benign,P_01823,left,3,cc,P_01823_LEFT_CC_calcification_1,,,
1402,1,calcification,digitized,2,"[468, 2936, 1620, 4088]",3,,LUCENT_CENTER,./data/CBIS-DDSM/Calc-Training_P_01823_LEFT_MLO/08-07-2016-DDSM-99626/1.000000-full mammogram images-81312/1-1.dcm,./data/CBIS-DDSM/Calc-Training_P_01823_LEFT_MLO_1/09-06-2017-DDSM-44356/1.000000-ROI mask images-65286/1-2.dcm,MG,2,benign,P_01823,left,3,mlo,P_01823_LEFT_MLO_calcification_1,,,
3249,2,calcification,digitized,2,"[828, 3064, 1980, 4216]",3,,LUCENT_CENTER,./data/CBIS-DDSM/Calc-Training_P_01823_LEFT_MLO/08-07-2016-DDSM-99626/1.000000-full mammogram images-81312/1-1.dcm,./data/CBIS-DDSM/Calc-Training_P_01823_LEFT_MLO_2/09-06-2017-DDSM-51174/1.000000-ROI mask images-18204/1-2.dcm,MG,2,benign,P_01823,left,3,mlo,P_01823_LEFT_MLO_calcification_2,,,
468,2,calcification,digitized,2,"[836, 2412, 1988, 3564]",3,,LUCENT_CENTER,./data/CBIS-DDSM/Calc-Training_P_01823_RIGHT_CC/08-07-2016-DDSM-38830/1.000000-full mammogram images-84551/1-1.dcm,./data/CBIS-DDSM/Calc-Training_P_01823_RIGHT_CC_2/09-06-2017-DDSM-68766/1.000000-ROI mask images-65913/1-2.dcm,MG,2,benign,P_01823,right,5,cc,P_01823_RIGHT_CC_calcification_2,,,
1124,3,calcification,digitized,2,"[1320, 2116, 2472, 3268]",3,,LUCENT_CENTER,./data/CBIS-DDSM/Calc-Training_P_01823_RIGHT_CC/08-07-2016-DDSM-38830/1.000000-full mammogram images-84551/1-1.dcm,./data/CBIS-DDSM/Calc-Training_P_01823_RIGHT_CC_3/09-06-2017-DDSM-15303/1.000000-ROI mask images-72194/1-2.dcm,MG,2,benign,P_01823,right,5,cc,P_01823_RIGHT_CC_calcification_3,,,
1332,3,calcification,digitized,2,"[1452, 3076, 2604, 4228]",3,,LUCENT_CENTER,./data/CBIS-DDSM/Calc-Training_P_01823_RIGHT_MLO/08-07-2016-DDSM-09543/1.000000-full mammogram images-29086/1-1.dcm,./data/CBIS-DDSM/Calc-Training_P_01823_RIGHT_MLO_3/09-06-2017-DDSM-57953/1.000000-ROI mask images-41157/1-2.dcm,MG,2,benign,P_01823,right,4,mlo,P_01823_RIGHT_MLO_calcification_3,,,
2651,2,calcification,digitized,2,"[1092, 3452, 2244, 4592]",3,,LUCENT_CENTER,./data/CBIS-DDSM/Calc-Training_P_01823_RIGHT_MLO/08-07-2016-DDSM-09543/1.000000-full mammogram images-29086/1-1.dcm,./data/CBIS-DDSM/Calc-Training_P_01823_RIGHT_MLO_2/09-06-2017-DDSM-91746/1.000000-ROI mask images-87951/1-2.dcm,MG,2,benign,P_01823,right,4,mlo,P_01823_RIGHT_MLO_calcification_2,,,
439,2,calcification,digitized,2,"[556, 1724, 1708, 2876]",2,,COARSE-LUCENT_CENTER,./data/CBIS-DDSM/Calc-Test_P_01867_LEFT_CC/08-29-2017-DDSM-85893/1.000000-full mammogram images-04597/1-1.dcm,./data/CBIS-DDSM/Calc-Test_P_01867_LEFT_CC_2/08-29-2017-DDSM-27328/1.000000-ROI mask images-83532/1-2.dcm,MG,2,benign,P_01867,left,3,cc,P_01867_LEFT_CC_calcification_2,,,
761,1,calcification,digitized,2,"[460, 1656, 1612, 2808]",2,,COARSE-LUCENT_CENTER,./data/CBIS-DDSM/Calc-Test_P_01867_LEFT_CC/08-29-2017-DDSM-85893/1.000000-full mammogram images-04597/1-1.dcm,./data/CBIS-DDSM/Calc-Test_P_01867_LEFT_CC_1/08-29-2017-DDSM-49343/1.000000-ROI mask images-07728/1-2.dcm,MG,2,benign,P_01867,left,3,cc,P_01867_LEFT_CC_calcification_1,,,
242,1,calcification,digitized,2,"[884, 1792, 2036, 2944]",2,,COARSE-LUCENT_CENTER,./data/CBIS-DDSM/Calc-Test_P_01867_LEFT_MLO/08-29-2017-DDSM-67864/1.000000-full mammogram images-48369/1-1.dcm,./data/CBIS-DDSM/Calc-Test_P_01867_LEFT_MLO_1/08-29-2017-DDSM-66386/1.000000-ROI mask images-29072/1-2.dcm,MG,2,benign,P_01867,left,3,mlo,P_01867_LEFT_MLO_calcification_1,,,
3373,2,calcification,digitized,2,"[964, 1856, 2116, 3008]",2,,COARSE-LUCENT_CENTER,./data/CBIS-DDSM/Calc-Test_P_01867_LEFT_MLO/08-29-2017-DDSM-67864/1.000000-full mammogram images-48369/1-1.dcm,./data/CBIS-DDSM/Calc-Test_P_01867_LEFT_MLO_2/08-29-2017-DDSM-69525/1.000000-ROI mask images-30163/1-2.dcm,MG,2,benign,P_01867,left,3,mlo,P_01867_LEFT_MLO_calcification_2,,,
786,1,calcification,digitized,5,"[2328, 2492, 3480, 3644]",2,LINEAR-SEGMENTAL,PLEOMORPHIC-FINE_LINEAR_BRANCHING,./data/CBIS-DDSM/Calc-Test_P_01883_RIGHT_CC/08-29-2017-DDSM-35907/1.000000-full mammogram images-56909/1-1.dcm,./data/CBIS-DDSM/Calc-Test_P_01883_RIGHT_CC_1/08-29-2017-DDSM-95276/1.000000-ROI mask images-18364/1-2.dcm,MG,1,malignant,P_01883,right,3,cc,P_01883_RIGHT_CC_calcification_1,,,
3422,1,calcification,digitized,4,"[2576, 3036, 3728, 4188]",2,LINEAR-SEGMENTAL,PLEOMORPHIC-FINE_LINEAR_BRANCHING,./data/CBIS-DDSM/Calc-Test_P_01883_RIGHT_MLO/08-29-2017-DDSM-60785/1.000000-full mammogram images-27434/1-1.dcm,./data/CBIS-DDSM/Calc-Test_P_01883_RIGHT_MLO_1/08-29-2017-DDSM-79808/1.000000-ROI mask images-22581/1-2.dcm,MG,1,malignant,P_01883,right,3,mlo,P_01883_RIGHT_MLO_calcification_1,,,
877,1,calcification,digitized,0,"[776, 1118, 1928, 2270]",2,CLUSTERED,AMORPHOUS,./data/CBIS-DDSM/Calc-Test_P_02159_LEFT_CC/08-29-2017-DDSM-40224/1.000000-full mammogram images-61853/1-1.dcm,./data/CBIS-DDSM/Calc-Test_P_02159_LEFT_CC_1/08-29-2017-DDSM-22852/1.000000-ROI mask images-75871/1-2.dcm,MG,1,benign,P_02159,left,3,cc,P_02159_LEFT_CC_calcification_1,,,
3036,1,calcification,digitized,0,"[1082, 2062, 2234, 3214]",2,CLUSTERED,AMORPHOUS,./data/CBIS-DDSM/Calc-Test_P_02159_LEFT_MLO/08-29-2017-DDSM-66439/1.000000-full mammogram images-09230/1-1.dcm,./data/CBIS-DDSM/Calc-Test_P_02159_LEFT_MLO_1/08-29-2017-DDSM-89328/1.000000-ROI mask images-04774/1-2.dcm,MG,1,benign,P_02159,left,3,mlo,P_02159_LEFT_MLO_calcification_1,,,
2599,1,calcification,digitized,3,"[873, 2056, 2025, 3208]",3,CLUSTERED,AMORPHOUS,./data/CBIS-DDSM/Calc-Training_P_02190_RIGHT_CC/08-07-2016-DDSM-42965/1.000000-full mammogram images-55995/1-1.dcm,./data/CBIS-DDSM/Calc-Training_P_02190_RIGHT_CC_1/09-06-2017-DDSM-87644/1.000000-ROI mask images-08522/1-2.dcm,MG,1,malignant,P_02190,right,1,cc,P_02190_RIGHT_CC_calcification_1,,,
1446,1,calcification,digitized,3,"[583, 2766, 1735, 3918]",3,CLUSTERED,AMORPHOUS,./data/CBIS-DDSM/Calc-Training_P_02190_RIGHT_MLO/08-07-2016-DDSM-32666/1.000000-full mammogram images-02985/1-1.dcm,./data/CBIS-DDSM/Calc-Training_P_02190_RIGHT_MLO_1/09-06-2017-DDSM-12265/1.000000-ROI mask images-52982/1-2.dcm,MG,1,malignant,P_02190,right,1,mlo,P_02190_RIGHT_MLO_calcification_1,,,
2256,1,calcification,digitized,5,"[332, 2768, 1484, 3920]",3,CLUSTERED,FINE_LINEAR_BRANCHING,./data/CBIS-DDSM/Calc-Training_P_02226_LEFT_CC/08-07-2016-DDSM-14615/1.000000-full mammogram images-41636/1-1.dcm,./data/CBIS-DDSM/Calc-Training_P_02226_LEFT_CC_1/09-06-2017-DDSM-29003/1.000000-ROI mask images-78090/1-2.dcm,MG,1,malignant,P_02226,left,4,cc,P_02226_LEFT_CC_calcification_1,,,
3067,1,calcification,digitized,5,"[0, 3829, 1148, 4981]",3,CLUSTERED,FINE_LINEAR_BRANCHING,./data/CBIS-DDSM/Calc-Training_P_02226_LEFT_MLO/08-07-2016-DDSM-81782/1.000000-full mammogram images-81704/1-1.dcm,./data/CBIS-DDSM/Calc-Training_P_02226_LEFT_MLO_1/09-06-2017-DDSM-66446/1.000000-ROI mask images-89258/1-2.dcm,MG,1,malignant,P_02226,left,4,mlo,P_02226_LEFT_MLO_calcification_1,,,
50,1,calcification,digitized,0,"[1164, 2238, 2316, 3390]",2,CLUSTERED,FINE_LINEAR_BRANCHING,./data/CBIS-DDSM/Calc-Training_P_02259_LEFT_CC/08-07-2016-DDSM-33711/1.000000-full mammogram images-40984/1-1.dcm,./data/CBIS-DDSM/Calc-Training_P_02259_LEFT_CC_1/09-06-2017-DDSM-18466/1.000000-ROI mask images-55566/1-2.dcm,MG,1,malignant,P_02259,left,3,cc,P_02259_LEFT_CC_calcification_1,,,
2186,1,calcification,digitized,0,"[1038, 3523, 2190, 4675]",2,CLUSTERED,FINE_LINEAR_BRANCHING,./data/CBIS-DDSM/Calc-Training_P_02259_LEFT_MLO/08-07-2016-DDSM-29517/1.000000-full mammogram images-35257/1-1.dcm,./data/CBIS-DDSM/Calc-Training_P_02259_LEFT_MLO_1/09-06-2017-DDSM-74633/1.000000-ROI mask images-84905/1-2.dcm,MG,1,malignant,P_02259,left,3,mlo,P_02259_LEFT_MLO_calcification_1,,,
1382,1,calcification,digitized,0,"[378, 1270, 1530, 2422]",2,CLUSTERED,ROUND_AND_REGULAR-PLEOMORPHIC,./data/CBIS-DDSM/Calc-Training_P_02313_LEFT_CC/08-07-2016-DDSM-25627/1.000000-full mammogram images-98921/1-1.dcm,./data/CBIS-DDSM/Calc-Training_P_02313_LEFT_CC_1/09-06-2017-DDSM-38847/1.000000-ROI mask images-13559/1-2.dcm,MG,1,benign,P_02313,left,4,cc,P_02313_LEFT_CC_calcification_1,,,
2495,1,calcification,digitized,0,"[566, 2638, 1718, 3790]",2,CLUSTERED,ROUND_AND_REGULAR-PLEOMORPHIC,./data/CBIS-DDSM/Calc-Training_P_02313_LEFT_MLO/08-07-2016-DDSM-32188/1.000000-full mammogram images-47459/1-1.dcm,./data/CBIS-DDSM/Calc-Training_P_02313_LEFT_MLO_1/09-06-2017-DDSM-92120/1.000000-ROI mask images-57356/1-2.dcm,MG,1,benign,P_02313,left,4,mlo,P_02313_LEFT_MLO_calcification_1,,,
587,1,calcification,digitized,0,"[618, 3023, 1770, 4175]",3,CLUSTERED,PUNCTATE-FINE_LINEAR_BRANCHING,./data/CBIS-DDSM/Calc-Training_P_02323_LEFT_CC/08-07-2016-DDSM-45014/1.000000-full mammogram images-61573/1-1.dcm,./data/CBIS-DDSM/Calc-Training_P_02323_LEFT_CC_1/09-06-2017-DDSM-52679/1.000000-ROI mask images-95101/1-2.dcm,MG,1,malignant,P_02323,left,4,cc,P_02323_LEFT_CC_calcification_1,,,
3170,1,calcification,digitized,0,"[476, 4480, 1628, 5632]",3,CLUSTERED,PUNCTATE-FINE_LINEAR_BRANCHING,./data/CBIS-DDSM/Calc-Training_P_02323_LEFT_MLO/08-07-2016-DDSM-01108/1.000000-full mammogram images-96092/1-1.dcm,./data/CBIS-DDSM/Calc-Training_P_02323_LEFT_MLO_1/09-06-2017-DDSM-74967/1.000000-ROI mask images-53827/1-2.dcm,MG,1,malignant,P_02323,left,4,mlo,P_02323_LEFT_MLO_calcification_1,,,
2326,1,calcification,digitized,3,"[1427, 2708, 2521, 3860]",3,CLUSTERED,AMORPHOUS,./data/CBIS-DDSM/Calc-Training_P_02402_RIGHT_CC/08-07-2016-DDSM-45227/1.000000-full mammogram images-33781/1-1.dcm,./data/CBIS-DDSM/Calc-Training_P_02402_RIGHT_CC_1/09-06-2017-DDSM-88736/1.000000-ROI mask images-39916/1-2.dcm,MG,1,malignant,P_02402,right,2,cc,P_02402_RIGHT_CC_calcification_1,,,
1117,1,calcification,digitized,3,"[1651, 2715, 2803, 3867]",3,CLUSTERED,AMORPHOUS,./data/CBIS-DDSM/Calc-Training_P_02402_RIGHT_MLO/08-07-2016-DDSM-65429/1.000000-full mammogram images-92474/1-1.dcm,./data/CBIS-DDSM/Calc-Training_P_02402_RIGHT_MLO_1/09-06-2017-DDSM-86660/1.000000-ROI mask images-86255/1-2.dcm,MG,1,malignant,P_02402,right,2,mlo,P_02402_RIGHT_MLO_calcification_1,,,
1704,1,calcification,digitized,0,"[94, 1008, 1246, 2160]",3,SEGMENTAL,AMORPHOUS,./data/CBIS-DDSM/Calc-Training_P_02468_LEFT_CC/08-07-2016-DDSM-60281/1.000000-full mammogram images-93705/1-1.dcm,./data/CBIS-DDSM/Calc-Training_P_02468_LEFT_CC_1/09-06-2017-DDSM-36252/1.000000-ROI mask images-40117/1-2.dcm,MG,1,benign,P_02468,left,4,cc,P_02468_LEFT_CC_calcification_1,,,
1493,1,calcification,digitized,0,"[254, 1756, 1406, 2908]",3,SEGMENTAL,AMORPHOUS,./data/CBIS-DDSM/Calc-Training_P_02468_LEFT_MLO/08-07-2016-DDSM-61065/1.000000-full mammogram images-94882/1-1.dcm,./data/CBIS-DDSM/Calc-Training_P_02468_LEFT_MLO_1/09-06-2017-DDSM-79269/1.000000-ROI mask images-75077/1-2.dcm,MG,1,benign,P_02468,left,4,mlo,P_02468_LEFT_MLO_calcification_1,,,
229,1,calcification,digitized,5,"[1474, 3289, 2626, 4441]",2,SEGMENTAL,AMORPHOUS-PLEOMORPHIC,./data/CBIS-DDSM/Calc-Training_P_02566_RIGHT_CC/08-07-2016-DDSM-54328/1.000000-full mammogram images-05823/1-1.dcm,./data/CBIS-DDSM/Calc-Training_P_02566_RIGHT_CC_1/09-06-2017-DDSM-23276/1.000000-ROI mask images-51138/1-2.dcm,MG,1,malignant,P_02566,right,5,cc,P_02566_RIGHT_CC_calcification_1,,,
1875,1,calcification,digitized,5,"[1994, 3371, 3146, 4523]",2,SEGMENTAL,AMORPHOUS-PLEOMORPHIC,./data/CBIS-DDSM/Calc-Training_P_02566_RIGHT_MLO/08-07-2016-DDSM-02396/1.000000-full mammogram images-84569/1-1.dcm,./data/CBIS-DDSM/Calc-Training_P_02566_RIGHT_MLO_1/09-06-2017-DDSM-62184/1.000000-ROI mask images-89296/1-2.dcm,MG,1,malignant,P_02566,right,5,mlo,P_02566_RIGHT_MLO_calcification_1,,,
