,abnormality idx,abnormality type,acquisition type,assessment score,bbox,breast density,calc distribution,calc morphology,image_file,mask_file,modality,num abnormalities,pathology,patient_id,side,subtlety,view,name,mass margins,mass shape,associated findings
2103,1,calcification,digitized,2,"[1060, 1388, 2212, 2540]",1,REGIONAL,,./data/CBIS-DDSM/Calc-Training_P_00008_LEFT_CC/08-07-2016-DDSM-64189/1.000000-full mammogram images-20834/1-1.dcm,./data/CBIS-DDSM/Calc-Training_P_00008_LEFT_CC_1/09-06-2017-DDSM-51157/1.000000-ROI mask images-75495/1-2.dcm,MG,3,benign,P_00008,left,3,cc,P_00008_LEFT_CC_calcification_1,,,
2745,2,calcification,digitized,2,"[1348, 2176, 2500, 3328]",1,REGIONAL,,./data/CBIS-DDSM/Calc-Training_P_00008_LEFT_CC/08-07-2016-DDSM-64189/1.000000-full mammogram images-20834/1-1.dcm,./data/CBIS-DDSM/Calc-Training_P_00008_LEFT_CC_2/09-06-2017-DDSM-42177/1.000000-ROI mask images-68519/1-2.dcm,MG,3,benign,P_00008,left,3,cc,P_00008_LEFT_CC_calcification_2,,,
2922,3,calcification,digitized,2,"[1364, 1668, 2516, 2820]",1,REGIONAL,,./data/CBIS-DDSM/Calc-Training_P_00008_LEFT_CC/08-07-2016-DDSM-64189/1.000000-full mammogram images-20834/1-1.dcm,./data/CBIS-DDSM/Calc-Training_P_00008_LEFT_CC_3/09-06-2017-DDSM-57477/1.000000-ROI mask images-78483/1-2.dcm,MG,3,benign,P_00008,left,3,cc,P_00008_LEFT_CC_calcification_3,,,
623,2,calcification,digitized,2,"[1604, 2196, 2756, 3348]",1,REGIONAL,,./data/CBIS-DDSM/Calc-Training_P_00008_LEFT_MLO/08-07-2016-DDSM-28663/1.000000-full mammogram images-97907/1-1.dcm,./data/CBIS-DDSM/Calc-Training_P_00008_LEFT_MLO_2/09-06-2017-DDSM-41479/1.000000-ROI mask images-19377/1-2.dcm,MG,3,benign,P_00008,left,3,mlo,P_00008_LEFT_MLO_calcification_2,,,
689,1,calcification,digitized,2,"[1632, 1644, 2784, 2796]",1,REGIONAL,,./data/CBIS-DDSM/Calc-Training_P_00008_LEFT_MLO/08-07-2016-DDSM-28663/1.000000-full mammogram images-97907/1-1.dcm,./data/CBIS-DDSM/Calc-Training_P_00008_LEFT_MLO_1/09-06-2017-DDSM-26786/1.000000-ROI mask images-46864/1-2.dcm,MG,3,benign,P_00008,left,3,mlo,P_00008_LEFT_MLO_calcification_1,,,
3016,3,calcification,digitized,2,"[1516, 2720, 2668, 3872]",1,REGIONAL,,./data/CBIS-DDSM/Calc-Training_P_00008_LEFT_MLO/08-07-2016-DDSM-28663/1.000000-full mammogram images-97907/1-1.dcm,./data/CBIS-DDSM/Calc-Training_P_00008_LEFT_MLO_3/09-06-2017-DDSM-08852/1.000000-ROI mask images-99929/1-2.dcm,MG,3,benign,P_00008,left,3,mlo,P_00008_LEFT_MLO_calcification_3,,,
770,4,calcification,digitized,2,"[2140, 1076, 3032, 2228]",1,REGIONAL,,./data/CBIS-DDSM/Calc-Training_P_00008_RIGHT_CC/08-07-2016-DDSM-64555/1.000000-full mammogram images-28729/1-1.dcm,./data/CBIS-DDSM/Calc-Training_P_00008_RIGHT_CC_4/09-06-2017-DDSM-18749/1.000000-ROI mask images-21397/1-2.dcm,MG,5,benign,P_00008,right,3,cc,P_00008_RIGHT_CC_calcification_4,,,
1588,2,calcification,digitized,2,"[544, 1820, 1696, 2972]",1,REGIONAL,,./data/CBIS-DDSM/Calc-Training_P_00008_RIGHT_CC/08-07-2016-DDSM-64555/1.000000-full mammogram images-28729/1-1.dcm,./data/CBIS-DDSM/Calc-Training_P_00008_RIGHT_CC_2/09-06-2017-DDSM-44764/1.000000-ROI mask images-20612/1-2.dcm,MG,5,benign,P_00008,right,3,cc,P_00008_RIGHT_CC_calcification_2,,,
2313,3,calcification,digitized,2,"[1680, 1136, 2832, 2288]",1,REGIONAL,,./data/CBIS-DDSM/Calc-Training_P_00008_RIGHT_CC/08-07-2016-DDSM-64555/1.000000-full mammogram images-28729/1-1.dcm,./data/CBIS-DDSM/Calc-Training_P_00008_RIGHT_CC_3/09-06-2017-DDSM-12475/1.000000-ROI mask images-39843/1-2.dcm,MG,5,benign,P_00008,right,3,cc,P_00008_RIGHT_CC_calcification_3,,,
2877,5,calcification,digitized,2,"[1916, 652, 3032, 1804]",1,REGIONAL,,./data/CBIS-DDSM/Calc-Training_P_00008_RIGHT_CC/08-07-2016-DDSM-64555/1.000000-full mammogram images-28729/1-1.dcm,./data/CBIS-DDSM/Calc-Training_P_00008_RIGHT_CC_5/09-06-2017-DDSM-62037/1.000000-ROI mask images-82571/1-2.dcm,MG,5,benign,P_00008,right,3,cc,P_00008_RIGHT_CC_calcification_5,,,
3343,1,calcification,digitized,2,"[424, 1324, 1576, 2476]",1,REGIONAL,,./data/CBIS-DDSM/Calc-Training_P_00008_RIGHT_CC/08-07-2016-DDSM-64555/1.000000-full mammogram images-28729/1-1.dcm,./data/CBIS-DDSM/Calc-Training_P_00008_RIGHT_CC_1/09-06-2017-DDSM-93130/1.000000-ROI mask images-55898/1-2.dcm,MG,5,benign,P_00008,right,3,cc,P_00008_RIGHT_CC_calcification_1,,,
397,2,calcification,digitized,2,"[148, 2960, 1300, 4112]",1,REGIONAL,,./data/CBIS-DDSM/Calc-Training_P_00008_RIGHT_MLO/08-07-2016-DDSM-21704/1.000000-full mammogram images-32980/1-1.dcm,./data/CBIS-DDSM/Calc-Training_P_00008_RIGHT_MLO_2/09-06-2017-DDSM-43790/1.000000-ROI mask images-13015/1-2.dcm,MG,5,benign,P_00008,right,3,mlo,P_00008_RIGHT_MLO_calcification_2,,,
1101,5,calcification,digitized,2,"[168, 2548, 1320, 3700]",1,REGIONAL,,./data/CBIS-DDSM/Calc-Training_P_00008_RIGHT_MLO/08-07-2016-DDSM-21704/1.000000-full mammogram images-32980/1-1.dcm,./data/CBIS-DDSM/Calc-Training_P_00008_RIGHT_MLO_5/09-06-2017-DDSM-54800/1.000000-ROI mask images-58950/1-2.dcm,MG,5,benign,P_00008,right,3,mlo,P_00008_RIGHT_MLO_calcification_5,,,
1946,4,calcification,digitized,2,"[1208, 1344, 2360, 2496]",1,REGIONAL,,./data/CBIS-DDSM/Calc-Training_P_00008_RIGHT_MLO/08-07-2016-DDSM-21704/1.000000-full mammogram images-32980/1-1.dcm,./data/CBIS-DDSM/Calc-Training_P_00008_RIGHT_MLO_4/09-06-2017-DDSM-60096/1.000000-ROI mask images-99051/1-2.dcm,MG,5,benign,P_00008,right,3,mlo,P_00008_RIGHT_MLO_calcification_4,,,
3310,3,calcification,digitized,2,"[912, 1676, 2064, 2828]",1,REGIONAL,,./data/CBIS-DDSM/Calc-Training_P_00008_RIGHT_MLO/08-07-2016-DDSM-21704/1.000000-full mammogram images-32980/1-1.dcm,./data/CBIS-DDSM/Calc-Training_P_00008_RIGHT_MLO_3/09-06-2017-DDSM-88817/1.000000-ROI mask images-42689/1-2.dcm,MG,5,benign,P_00008,right,3,mlo,P_00008_RIGHT_MLO_calcification_3,,,
3482,1,calcification,digitized,2,"[328, 2928, 1480, 4080]",1,REGIONAL,,./data/CBIS-DDSM/Calc-Training_P_00008_RIGHT_MLO/08-07-2016-DDSM-21704/1.000000-full mammogram images-32980/1-1.dcm,./data/CBIS-DDSM/Calc-Training_P_00008_RIGHT_MLO_1/09-06-2017-DDSM-19553/1.000000-ROI mask images-35872/1-2.dcm,MG,5,benign,P_00008,right,3,mlo,P_00008_RIGHT_MLO_calcification_1,,,
1196,1,calcification,digitized,4,"[92, 1088, 1244, 2240]",4,CLUSTERED,PLEOMORPHIC,./data/CBIS-DDSM/Calc-Training_P_00014_LEFT_CC/08-07-2016-DDSM-71473/1.000000-full mammogram images-63410/1-1.dcm,./data/CBIS-DDSM/Calc-Training_P_00014_LEFT_CC_1/09-06-2017-DDSM-74536/1.000000-ROI mask images-96228/1-2.dcm,MG,1,malignant,P_00014,left,4,cc,P_00014_LEFT_CC_calcification_1,,,
3488,1,calcification,digitized,4,"[560, 1108, 1712, 2260]",4,CLUSTERED,PLEOMORPHIC,./data/CBIS-DDSM/Calc-Training_P_00014_LEFT_MLO/08-07-2016-DDSM-14335/1.000000-full mammogram images-03717/1-1.dcm,./data/CBIS-DDSM/Calc-Training_P_00014_LEFT_MLO_1/09-06-2017-DDSM-90613/1.000000-ROI mask images-33119/1-2.dcm,MG,1,malignant,P_00014,left,4,mlo,P_00014_LEFT_MLO_calcification_1,,,
1975,1,calcification,digitized,4,"[149, 1798, 1301, 2950]",4,CLUSTERED,PLEOMORPHIC,./data/CBIS-DDSM/Calc-Training_P_00031_LEFT_CC/08-07-2016-DDSM-07797/1.000000-full mammogram images-01522/1-1.dcm,./data/CBIS-DDSM/Calc-Training_P_00031_LEFT_CC_1/09-06-2017-DDSM-16975/1.000000-ROI mask images-24793/1-2.dcm,MG,1,malignant,P_00031,left,1,cc,P_00031_LEFT_CC_calcification_1,,,
1236,2,calcification,digitized,2,"[1496, 680, 2648, 1832]",1,,LUCENT_CENTER,./data/CBIS-DDSM/Calc-Test_P_00041_LEFT_CC/08-29-2017-DDSM-52275/1.000000-full mammogram images-92812/1-1.dcm,./data/CBIS-DDSM/Calc-Test_P_00041_LEFT_CC_2/08-29-2017-DDSM-12775/1.000000-ROI mask images-79220/1-2.dcm,MG,1,benign,P_00041,left,5,cc,P_00041_LEFT_CC_calcification_2,,,
3043,2,calcification,digitized,2,"[1628, 1852, 2780, 3004]",1,,LUCENT_CENTER,./data/CBIS-DDSM/Calc-Test_P_00041_LEFT_MLO/08-29-2017-DDSM-80130/1.000000-full mammogram images-81387/1-1.dcm,./data/CBIS-DDSM/Calc-Test_P_00041_LEFT_MLO_2/08-29-2017-DDSM-87987/1.000000-ROI mask images-37601/1-2.dcm,MG,1,benign,P_00041,left,5,mlo,P_00041_LEFT_MLO_calcification_2,,,
1370,1,calcification,digitized,4,"[1545, 2296, 2697, 3448]",3,SEGMENTAL,PLEOMORPHIC,./data/CBIS-DDSM/Calc-Training_P_00043_LEFT_MLO/08-07-2016-DDSM-89761/1.000000-full mammogram images-92769/1-1.dcm,./data/CBIS-DDSM/Calc-Training_P_00043_LEFT_MLO_1/09-06-2017-DDSM-49206/1.000000-ROI mask images-91366/1-2.dcm,MG,1,malignant,P_00043,left,3,mlo,P_00043_LEFT_MLO_calcification_1,,,
283,1,calcification,digitized,2,"[1052, 1904, 2203, 3056]",2,,ROUND_AND_REGULAR,./data/CBIS-DDSM/Calc-Test_P_00077_LEFT_CC/08-29-2017-DDSM-74428/1.000000-full mammogram images-40544/1-1.dcm,./data/CBIS-DDSM/Calc-Test_P_00077_LEFT_CC_1/08-29-2017-DDSM-51179/1.000000-ROI mask images-58061/1-2.dcm,MG,1,benign,P_00077,left,3,cc,P_00077_LEFT_CC_calcification_1,,,
3432,1,calcification,digitized,2,"[1252, 2636, 2404, 3788]",2,,ROUND_AND_REGULAR,./data/CBIS-DDSM/Calc-Test_P_00077_LEFT_MLO/08-29-2017-DDSM-02297/1.000000-full mammogram images-61951/1-1.dcm,./data/CBIS-DDSM/Calc-Test_P_00077_LEFT_MLO_1/08-29-2017-DDSM-30370/1.000000-ROI mask images-00810/1-2.dcm,MG,1,benign,P_00077,left,3,mlo,P_00077_LEFT_MLO_calcification_1,,,
1231,1,calcification,digitized,2,"[1328, 1852, 2480, 3004]",2,,PUNCTATE,./data/CBIS-DDSM/Calc-Test_P_00077_RIGHT_CC/08-29-2017-DDSM-38195/1.000000-full mammogram images-87486/1-1.dcm,./data/CBIS-DDSM/Calc-Test_P_00077_RIGHT_CC_1/08-29-2017-DDSM-71287/1.000000-ROI mask images-18790/1-2.dcm,MG,2,benign,P_00077,right,3,cc,P_00077_RIGHT_CC_calcification_1,,,
2247,2,calcification,digitized,2,"[1424, 2256, 2576, 3408]",2,,EGGSHELL,./data/CBIS-DDSM/Calc-Test_P_00077_RIGHT_CC/08-29-2017-DDSM-38195/1.000000-full mammogram images-87486/1-1.dcm,./data/CBIS-DDSM/Calc-Test_P_00077_RIGHT_CC_2/08-29-2017-DDSM-60570/1.000000-ROI mask images-45214/1-2.dcm,MG,2,benign,P_00077,right,4,cc,P_00077_RIGHT_CC_calcification_2,,,
422,1,calcification,digitized,2,"[976, 1564, 2128, 2716]",2,,EGGSHELL,./data/CBIS-DDSM/Calc-Test_P_00077_RIGHT_MLO/08-29-2017-DDSM-29026/1.000000-full mammogram images-34212/1-1.dcm,./data/CBIS-DDSM/Calc-Test_P_00077_RIGHT_MLO_1/08-29-2017-DDSM-53896/1.000000-ROI mask images-43735/1-2.dcm,MG,2,benign,P_00077,right,4,mlo,P_00077_RIGHT_MLO_calcification_1,,,
2502,2,calcification,digitized,2,"[676, 1392, 1828, 2544]",2,,PUNCTATE,./data/CBIS-DDSM/Calc-Test_P_00077_RIGHT_MLO/08-29-2017-DDSM-29026/1.000000-full mammogram images-34212/1-1.dcm,./data/CBIS-DDSM/Calc-Test_P_00077_RIGHT_MLO_2/08-29-2017-DDSM-69496/1.000000-ROI mask images-98617/1-2.dcm,MG,2,benign,P_00077,right,3,mlo,P_00077_RIGHT_MLO_calcification_2,,,
1861,1,calcification,digitized,3,"[1644, 2088, 2796, 3240]",2,CLUSTERED,PUNCTATE,./data/CBIS-DDSM/Calc-Training_P_00085_RIGHT_CC/08-07-2016-DDSM-72573/1.000000-full mammogram images-57000/1-1.dcm,./data/CBIS-DDSM/Calc-Training_P_00085_RIGHT_CC_1/09-06-2017-DDSM-86395/1.000000-ROI mask images-70232/1-2.dcm,MG,1,malignant,P_00085,right,2,cc,P_00085_RIGHT_CC_calcification_1,,,
110,1,calcification,digitized,3,"[1612, 2208, 2764, 3360]",2,CLUSTERED,PLEOMORPHIC,./data/CBIS-DDSM/Calc-Training_P_00085_RIGHT_MLO/08-07-2016-DDSM-66505/1.000000-full mammogram images-96992/1-1.dcm,./data/CBIS-DDSM/Calc-Training_P_00085_RIGHT_MLO_1/09-06-2017-DDSM-13975/1.000000-ROI mask images-63131/1-2.dcm,MG,1,malignant,P_00085,right,2,mlo,P_00085_RIGHT_MLO_calcification_1,,,
559,4,calcification,digitized,2,"[0, 1936, 960, 3088]",3,,ROUND_AND_REGULAR-EGGSHELL,./data/CBIS-DDSM/Calc-Training_P_00112_LEFT_CC/08-07-2016-DDSM-69583/1.000000-full mammogram images-44366/1-1.dcm,./data/CBIS-DDSM/Calc-Training_P_00112_LEFT_CC_4/09-06-2017-DDSM-01087/1.000000-ROI mask images-46211/1-2.dcm,MG,4,benign,P_00112,left,3,cc,P_00112_LEFT_CC_calcification_4,,,
2183,3,calcification,digitized,2,"[0, 2208, 1116, 3360]",3,,ROUND_AND_REGULAR-EGGSHELL,./data/CBIS-DDSM/Calc-Training_P_00112_LEFT_CC/08-07-2016-DDSM-69583/1.000000-full mammogram images-44366/1-1.dcm,./data/CBIS-DDSM/Calc-Training_P_00112_LEFT_CC_3/09-06-2017-DDSM-86156/1.000000-ROI mask images-05694/1-2.dcm,MG,4,benign,P_00112,left,3,cc,P_00112_LEFT_CC_calcification_3,,,
2535,2,calcification,digitized,2,"[76, 2384, 1228, 3536]",3,,ROUND_AND_REGULAR-EGGSHELL,./data/CBIS-DDSM/Calc-Training_P_00112_LEFT_CC/08-07-2016-DDSM-69583/1.000000-full mammogram images-44366/1-1.dcm,./data/CBIS-DDSM/Calc-Training_P_00112_LEFT_CC_2/09-06-2017-DDSM-93668/1.000000-ROI mask images-30510/1-2.dcm,MG,4,benign,P_00112,left,3,cc,P_00112_LEFT_CC_calcification_2,,,
2668,1,calcification,digitized,2,"[0, 2672, 1100, 3824]",3,,ROUND_AND_REGULAR-EGGSHELL,./data/CBIS-DDSM/Calc-Training_P_00112_LEFT_CC/08-07-2016-DDSM-69583/1.000000-full mammogram images-44366/1-1.dcm,./data/CBIS-DDSM/Calc-Training_P_00112_LEFT_CC_1/09-06-2017-DDSM-13720/1.000000-ROI mask images-70614/1-2.dcm,MG,4,benign,P_00112,left,3,cc,P_00112_LEFT_CC_calcification_1,,,
66,5,calcification,digitized,2,"[0, 1956, 976, 3108]",3,,ROUND_AND_REGULAR-EGGSHELL,./data/CBIS-DDSM/Calc-Training_P_00112_LEFT_MLO/08-07-2016-DDSM-92772/1.000000-full mammogram images-90747/1-1.dcm,./data/CBIS-DDSM/Calc-Training_P_00112_LEFT_MLO_5/09-06-2017-DDSM-23918/1.000000-ROI mask images-14725/1-2.dcm,MG,6,benign,P_00112,left,3,mlo,P_00112_LEFT_MLO_calcification_5,,,
148,1,calcification,digitized,2,"[484, 696, 1636, 1848]",3,,ROUND_AND_REGULAR-EGGSHELL,./data/CBIS-DDSM/Calc-Training_P_00112_LEFT_MLO/08-07-2016-DDSM-92772/1.000000-full mammogram images-90747/1-1.dcm,./data/CBIS-DDSM/Calc-Training_P_00112_LEFT_MLO_1/09-06-2017-DDSM-00504/1.000000-ROI mask images-70849/1-2.dcm,MG,6,benign,P_00112,left,3,mlo,P_00112_LEFT_MLO_calcification_1,,,
252,4,calcification,digitized,2,"[0, 1904, 868, 3056]",3,,ROUND_AND_REGULAR-EGGSHELL,./data/CBIS-DDSM/Calc-Training_P_00112_LEFT_MLO/08-07-2016-DDSM-92772/1.000000-full mammogram images-90747/1-1.dcm,./data/CBIS-DDSM/Calc-Training_P_00112_LEFT_MLO_4/09-06-2017-DDSM-69303/1.000000-ROI mask images-70297/1-2.dcm,MG,6,benign,P_00112,left,3,mlo,P_00112_LEFT_MLO_calcification_4,,,
698,2,calcification,digitized,2,"[132, 1472, 1284, 2623]",3,,ROUND_AND_REGULAR-EGGSHELL,./data/CBIS-DDSM/Calc-Training_P_00112_LEFT_MLO/08-07-2016-DDSM-92772/1.000000-full mammogram images-90747/1-1.dcm,./data/CBIS-DDSM/Calc-Training_P_00112_LEFT_MLO_2/09-06-2017-DDSM-47181/1.000000-ROI mask images-66922/1-2.dcm,MG,6,benign,P_00112,left,3,mlo,P_00112_LEFT_MLO_calcification_2,,,
1578,6,calcification,digitized,2,"[0, 2232, 1016, 3384]",3,,ROUND_AND_REGULAR-EGGSHELL,./data/CBIS-DDSM/Calc-Training_P_00112_LEFT_MLO/08-07-2016-DDSM-92772/1.000000-full mammogram images-90747/1-1.dcm,./data/CBIS-DDSM/Calc-Training_P_00112_LEFT_MLO_6/09-06-2017-DDSM-63187/1.000000-ROI mask images-05621/1-2.dcm,MG,6,benign,P_00112,left,3,mlo,P_00112_LEFT_MLO_calcification_6,,,
1769,3,calcification,digitized,2,"[676, 1152, 1828, 2304]",3,,ROUND_AND_REGULAR-EGGSHELL,./data/CBIS-DDSM/Calc-Training_P_00112_LEFT_MLO/08-07-2016-DDSM-92772/1.000000-full mammogram images-90747/1-1.dcm,./data/CBIS-DDSM/Calc-Training_P_00112_LEFT_MLO_3/09-06-2017-DDSM-38709/1.000000-ROI mask images-38193/1-2.dcm,MG,6,benign,P_00112,left,3,mlo,P_00112_LEFT_MLO_calcification_3,,,
688,5,calcification,digitized,2,"[2296, 2240, 3072, 3392]",3,,ROUND_AND_REGULAR-EGGSHELL,./data/CBIS-DDSM/Calc-Training_P_00112_RIGHT_CC/08-07-2016-DDSM-66027/1.000000-full mammogram images-85854/1-1.dcm,./data/CBIS-DDSM/Calc-Training_P_00112_RIGHT_CC_5/09-06-2017-DDSM-10070/1.000000-ROI mask images-08323/1-2.dcm,MG,6,benign,P_00112,right,3,cc,P_00112_RIGHT_CC_calcification_5,,,
1646,6,calcification,digitized,2,"[1696, 2404, 2848, 3556]",3,,ROUND_AND_REGULAR-EGGSHELL,./data/CBIS-DDSM/Calc-Training_P_00112_RIGHT_CC/08-07-2016-DDSM-66027/1.000000-full mammogram images-85854/1-1.dcm,./data/CBIS-DDSM/Calc-Training_P_00112_RIGHT_CC_6/09-06-2017-DDSM-38608/1.000000-ROI mask images-34542/1-2.dcm,MG,6,benign,P_00112,right,3,cc,P_00112_RIGHT_CC_calcification_6,,,
1816,2,calcification,digitized,2,"[1788, 1224, 2940, 2376]",3,,ROUND_AND_REGULAR-EGGSHELL,./data/CBIS-DDSM/Calc-Training_P_00112_RIGHT_CC/08-07-2016-DDSM-66027/1.000000-full mammogram images-85854/1-1.dcm,./data/CBIS-DDSM/Calc-Training_P_00112_RIGHT_CC_2/09-06-2017-DDSM-22243/1.000000-ROI mask images-29440/1-2.dcm,MG,6,benign,P_00112,right,3,cc,P_00112_RIGHT_CC_calcification_2,,,
2198,3,calcification,digitized,2,"[1924, 1236, 3072, 2388]",3,,ROUND_AND_REGULAR-EGGSHELL,./data/CBIS-DDSM/Calc-Training_P_00112_RIGHT_CC/08-07-2016-DDSM-66027/1.000000-full mammogram images-85854/1-1.dcm,./data/CBIS-DDSM/Calc-Training_P_00112_RIGHT_CC_3/09-06-2017-DDSM-62408/1.000000-ROI mask images-26141/1-2.dcm,MG,6,benign,P_00112,right,3,cc,P_00112_RIGHT_CC_calcification_3,,,
2209,4,calcification,digitized,2,"[2012, 1748, 3072, 2900]",3,,ROUND_AND_REGULAR-EGGSHELL,./data/CBIS-DDSM/Calc-Training_P_00112_RIGHT_CC/08-07-2016-DDSM-66027/1.000000-full mammogram images-85854/1-1.dcm,./data/CBIS-DDSM/Calc-Training_P_00112_RIGHT_CC_4/09-06-2017-DDSM-32056/1.000000-ROI mask images-56994/1-2.dcm,MG,6,benign,P_00112,right,3,cc,P_00112_RIGHT_CC_calcification_4,,,
2858,1,calcification,digitized,2,"[2008, 756, 3072, 1908]",3,,ROUND_AND_REGULAR-EGGSHELL,./data/CBIS-DDSM/Calc-Training_P_00112_RIGHT_CC/08-07-2016-DDSM-66027/1.000000-full mammogram images-85854/1-1.dcm,./data/CBIS-DDSM/Calc-Training_P_00112_RIGHT_CC_1/09-06-2017-DDSM-92767/1.000000-ROI mask images-76770/1-2.dcm,MG,6,benign,P_00112,right,3,cc,P_00112_RIGHT_CC_calcification_1,,,
82,4,calcification,digitized,2,"[1540, 2392, 2692, 3544]",3,,ROUND_AND_REGULAR-EGGSHELL,./data/CBIS-DDSM/Calc-Training_P_00112_RIGHT_MLO/08-07-2016-DDSM-57387/1.000000-full mammogram images-90063/1-1.dcm,./data/CBIS-DDSM/Calc-Training_P_00112_RIGHT_MLO_4/09-06-2017-DDSM-56957/1.000000-ROI mask images-85047/1-2.dcm,MG,7,benign,P_00112,right,3,mlo,P_00112_RIGHT_MLO_calcification_4,,,
1244,3,calcification,digitized,2,"[1140, 2104, 2292, 3256]",3,,ROUND_AND_REGULAR-EGGSHELL,./data/CBIS-DDSM/Calc-Training_P_00112_RIGHT_MLO/08-07-2016-DDSM-57387/1.000000-full mammogram images-90063/1-1.dcm,./data/CBIS-DDSM/Calc-Training_P_00112_RIGHT_MLO_3/09-06-2017-DDSM-54368/1.000000-ROI mask images-11714/1-2.dcm,MG,7,benign,P_00112,right,3,mlo,P_00112_RIGHT_MLO_calcification_3,,,
1414,2,calcification,digitized,2,"[1464, 1652, 2616, 2804]",3,,ROUND_AND_REGULAR-EGGSHELL,./data/CBIS-DDSM/Calc-Training_P_00112_RIGHT_MLO/08-07-2016-DDSM-57387/1.000000-full mammogram images-90063/1-1.dcm,./data/CBIS-DDSM/Calc-Training_P_00112_RIGHT_MLO_2/09-06-2017-DDSM-71670/1.000000-ROI mask images-73271/1-2.dcm,MG,7,benign,P_00112,right,3,mlo,P_00112_RIGHT_MLO_calcification_2,,,
1530,6,calcification,digitized,2,"[1896, 3252, 3040, 4404]",3,,ROUND_AND_REGULAR-EGGSHELL,./data/CBIS-DDSM/Calc-Training_P_00112_RIGHT_MLO/08-07-2016-DDSM-57387/1.000000-full mammogram images-90063/1-1.dcm,./data/CBIS-DDSM/Calc-Training_P_00112_RIGHT_MLO_6/09-06-2017-DDSM-98614/1.000000-ROI mask images-23876/1-2.dcm,MG,7,benign,P_00112,right,3,mlo,P_00112_RIGHT_MLO_calcification_6,,,
1753,5,calcification,digitized,2,"[1680, 2696, 2832, 3848]",3,,ROUND_AND_REGULAR-EGGSHELL,./data/CBIS-DDSM/Calc-Training_P_00112_RIGHT_MLO/08-07-2016-DDSM-57387/1.000000-full mammogram images-90063/1-1.dcm,./data/CBIS-DDSM/Calc-Training_P_00112_RIGHT_MLO_5/09-06-2017-DDSM-51505/1.000000-ROI mask images-56404/1-2.dcm,MG,7,benign,P_00112,right,3,mlo,P_00112_RIGHT_MLO_calcification_5,,,
2661,7,calcification,digitized,2,"[2224, 1832, 3040, 2984]",3,,ROUND_AND_REGULAR-EGGSHELL,./data/CBIS-DDSM/Calc-Training_P_00112_RIGHT_MLO/08-07-2016-DDSM-57387/1.000000-full mammogram images-90063/1-1.dcm,./data/CBIS-DDSM/Calc-Training_P_00112_RIGHT_MLO_7/09-06-2017-DDSM-78599/1.000000-ROI mask images-17385/1-2.dcm,MG,7,benign,P_00112,right,3,mlo,P_00112_RIGHT_MLO_calcification_7,,,
2770,1,calcification,digitized,2,"[1568, 1952, 2720, 3104]",3,,ROUND_AND_REGULAR-EGGSHELL,./data/CBIS-DDSM/Calc-Training_P_00112_RIGHT_MLO/08-07-2016-DDSM-57387/1.000000-full mammogram images-90063/1-1.dcm,./data/CBIS-DDSM/Calc-Training_P_00112_RIGHT_MLO_1/09-06-2017-DDSM-56509/1.000000-ROI mask images-26754/1-2.dcm,MG,7,benign,P_00112,right,3,mlo,P_00112_RIGHT_MLO_calcification_1,,,
3150,1,calcification,digitized,4,"[380, 2080, 1532, 3232]",2,CLUSTERED,PUNCTATE-PLEOMORPHIC,./data/CBIS-DDSM/Calc-Training_P_00121_LEFT_CC/08-07-2016-DDSM-41034/1.000000-full mammogram images-45401/1-1.dcm,./data/CBIS-DDSM/Calc-Training_P_00121_LEFT_CC_1/09-06-2017-DDSM-63531/1.000000-ROI mask images-74485/1-2.dcm,MG,1,malignant,P_00121,left,3,cc,P_00121_LEFT_CC_calcification_1,,,
288,1,calcification,digitized,4,"[476, 2300, 1628, 3452]",2,CLUSTERED,PUNCTATE-PLEOMORPHIC,./data/CBIS-DDSM/Calc-Training_P_00121_LEFT_MLO/08-07-2016-DDSM-43396/1.000000-full mammogram images-38149/1-1.dcm,./data/CBIS-DDSM/Calc-Training_P_00121_LEFT_MLO_1/09-06-2017-DDSM-38545/1.000000-ROI mask images-17326/1-2.dcm,MG,1,malignant,P_00121,left,3,mlo,P_00121_LEFT_MLO_calcification_1,,,
350,1,calcification,digitized,2,"[816, 1632, 1968, 2784]",2,,PUNCTATE,./data/CBIS-DDSM/Calc-Test_P_00140_LEFT_CC/08-29-2017-DDSM-42407/1.000000-full mammogram images-54926/1-1.dcm,./data/CBIS-DDSM/Calc-Test_P_00140_LEFT_CC_1/08-29-2017-DDSM-24559/1.000000-ROI mask images-04856/1-2.dcm,MG,2,benign,P_00140,left,5,cc,P_00140_LEFT_CC_calcification_1,,,
3565,2,calcification,digitized,2,"[84, 960, 1236, 2112]",2,,PUNCTATE,./data/CBIS-DDSM/Calc-Test_P_00140_LEFT_CC/08-29-2017-DDSM-42407/1.000000-full mammogram images-54926/1-1.dcm,./data/CBIS-DDSM/Calc-Test_P_00140_LEFT_CC_2/08-29-2017-DDSM-15716/1.000000-ROI mask images-53633/1-2.dcm,MG,2,benign,P_00140,left,5,cc,P_00140_LEFT_CC_calcification_2,,,
750,1,calcification,digitized,2,"[456, 2040, 1608, 3192]",2,,PUNCTATE,./data/CBIS-DDSM/Calc-Test_P_00140_LEFT_MLO/08-29-2017-DDSM-73345/1.000000-full mammogram images-41357/1-1.dcm,./data/CBIS-DDSM/Calc-Test_P_00140_LEFT_MLO_1/08-29-2017-DDSM-87649/1.000000-ROI mask images-86260/1-2.dcm,MG,2,benign,P_00140,left,5,mlo,P_00140_LEFT_MLO_calcification_1,,,
2705,2,calcification,digitized,2,"[1100, 2320, 2252, 3472]",2,,PUNCTATE,./data/CBIS-DDSM/Calc-Test_P_00140_LEFT_MLO/08-29-2017-DDSM-73345/1.000000-full mammogram images-41357/1-1.dcm,./data/CBIS-DDSM/Calc-Test_P_00140_LEFT_MLO_2/08-29-2017-DDSM-49722/1.000000-ROI mask images-96951/1-2.dcm,MG,2,benign,P_00140,left,5,mlo,P_00140_LEFT_MLO_calcification_2,,,
1018,2,calcification,digitized,2,"[1764, 1360, 2916, 2512]",2,,PUNCTATE,./data/CBIS-DDSM/Calc-Test_P_00140_RIGHT_CC/08-29-2017-DDSM-07513/1.000000-full mammogram images-74491/1-1.dcm,./data/CBIS-DDSM/Calc-Test_P_00140_RIGHT_CC_2/08-29-2017-DDSM-35287/1.000000-ROI mask images-81816/1-2.dcm,MG,2,benign,P_00140,right,5,cc,P_00140_RIGHT_CC_calcification_2,,,
1734,1,calcification,digitized,2,"[1368, 1520, 2520, 2672]",2,,PUNCTATE,./data/CBIS-DDSM/Calc-Test_P_00140_RIGHT_CC/08-29-2017-DDSM-07513/1.000000-full mammogram images-74491/1-1.dcm,./data/CBIS-DDSM/Calc-Test_P_00140_RIGHT_CC_1/08-29-2017-DDSM-49488/1.000000-ROI mask images-12247/1-2.dcm,MG,2,benign,P_00140,right,5,cc,P_00140_RIGHT_CC_calcification_1,,,
871,1,calcification,digitized,2,"[1892, 2756, 3000, 3908]",2,,PUNCTATE,./data/CBIS-DDSM/Calc-Test_P_00140_RIGHT_MLO/08-29-2017-DDSM-60040/1.000000-full mammogram images-90565/1-1.dcm,./data/CBIS-DDSM/Calc-Test_P_00140_RIGHT_MLO_1/08-29-2017-DDSM-57275/1.000000-ROI mask images-65269/1-2.dcm,MG,2,benign,P_00140,right,5,mlo,P_00140_RIGHT_MLO_calcification_1,,,
1862,2,calcification,digitized,2,"[1192, 2120, 2344, 3271]",2,,PUNCTATE,./data/CBIS-DDSM/Calc-Test_P_00140_RIGHT_MLO/08-29-2017-DDSM-60040/1.000000-full mammogram images-90565/1-1.dcm,./data/CBIS-DDSM/Calc-Test_P_00140_RIGHT_MLO_2/08-29-2017-DDSM-45774/1.000000-ROI mask images-92392/1-2.dcm,MG,2,benign,P_00140,right,5,mlo,P_00140_RIGHT_MLO_calcification_2,,,
1792,1,calcification,digitized,4,"[1011, 1873, 2163, 3025]",1,CLUSTERED,AMORPHOUS,./data/CBIS-DDSM/Calc-Test_P_00141_LEFT_CC/08-29-2017-DDSM-18449/1.000000-full mammogram images-23357/1-1.dcm,./data/CBIS-DDSM/Calc-Test_P_00141_LEFT_CC_1/08-29-2017-DDSM-31788/1.000000-ROI mask images-59427/1-2.dcm,MG,1,benign,P_00141,left,2,cc,P_00141_LEFT_CC_calcification_1,,,
2818,1,calcification,digitized,4,"[1335, 3656, 2487, 4808]",1,CLUSTERED,AMORPHOUS,./data/CBIS-DDSM/Calc-Test_P_00141_LEFT_MLO/08-29-2017-DDSM-86420/1.000000-full mammogram images-58669/1-1.dcm,./data/CBIS-DDSM/Calc-Test_P_00141_LEFT_MLO_1/08-29-2017-DDSM-47614/1.000000-ROI mask images-10901/1-2.dcm,MG,1,benign,P_00141,left,2,mlo,P_00141_LEFT_MLO_calcification_1,,,
697,2,calcification,digitized,4,"[0, 1876, 1108, 3028]",3,CLUSTERED,PLEOMORPHIC-FINE_LINEAR_BRANCHING,./data/CBIS-DDSM/Calc-Training_P_00157_LEFT_CC/08-07-2016-DDSM-49721/1.000000-full mammogram images-42941/1-1.dcm,./data/CBIS-DDSM/Calc-Training_P_00157_LEFT_CC_2/09-06-2017-DDSM-86785/1.000000-ROI mask images-84725/1-2.dcm,MG,2,malignant,P_00157,left,3,cc,P_00157_LEFT_CC_calcification_2,,,
2226,1,calcification,digitized,4,"[84, 1360, 1236, 2512]",3,CLUSTERED,PLEOMORPHIC-FINE_LINEAR_BRANCHING,./data/CBIS-DDSM/Calc-Training_P_00157_LEFT_CC/08-07-2016-DDSM-49721/1.000000-full mammogram images-42941/1-1.dcm,./data/CBIS-DDSM/Calc-Training_P_00157_LEFT_CC_1/09-06-2017-DDSM-16608/1.000000-ROI mask images-14652/1-2.dcm,MG,2,malignant,P_00157,left,3,cc,P_00157_LEFT_CC_calcification_1,,,
916,2,calcification,digitized,4,"[680, 1148, 1832, 2300]",3,CLUSTERED,PLEOMORPHIC-FINE_LINEAR_BRANCHING,./data/CBIS-DDSM/Calc-Training_P_00157_LEFT_MLO/08-07-2016-DDSM-71220/1.000000-full mammogram images-74106/1-1.dcm,./data/CBIS-DDSM/Calc-Training_P_00157_LEFT_MLO_2/09-06-2017-DDSM-28009/1.000000-ROI mask images-25209/1-2.dcm,MG,3,malignant,P_00157,left,3,mlo,P_00157_LEFT_MLO_calcification_2,,,
1085,3,calcification,digitized,4,"[632, 1288, 1784, 2440]",3,CLUSTERED,PLEOMORPHIC-FINE_LINEAR_BRANCHING,./data/CBIS-DDSM/Calc-Training_P_00157_LEFT_MLO/08-07-2016-DDSM-71220/1.000000-full mammogram images-74106/1-1.dcm,./data/CBIS-DDSM/Calc-Training_P_00157_LEFT_MLO_3/09-06-2017-DDSM-73943/1.000000-ROI mask images-67083/1-2.dcm,MG,3,malignant,P_00157,left,3,mlo,P_00157_LEFT_MLO_calcification_3,,,
3171,1,calcification,digitized,4,"[492, 1408, 1644, 2560]",3,CLUSTERED,PLEOMORPHIC-FINE_LINEAR_BRANCHING,./data/CBIS-DDSM/Calc-Training_P_00157_LEFT_MLO/08-07-2016-DDSM-71220/1.000000-full mammogram images-74106/1-1.dcm,./data/CBIS-DDSM/Calc-Training_P_00157_LEFT_MLO_1/09-06-2017-DDSM-90537/1.000000-ROI mask images-85753/1-2.dcm,MG,3,malignant,P_00157,left,3,mlo,P_00157_LEFT_MLO_calcification_1,,,
2342,1,calcification,digitized,2,"[1010, 1283, 2162, 2435]",4,SEGMENTAL,AMORPHOUS,./data/CBIS-DDSM/Calc-Test_P_00180_LEFT_CC/08-29-2017-DDSM-31108/1.000000-full mammogram images-34705/1-1.dcm,./data/CBIS-DDSM/Calc-Test_P_00180_LEFT_CC_1/08-29-2017-DDSM-95655/1.000000-ROI mask images-02749/1-2.dcm,MG,1,benign,P_00180,left,3,cc,P_00180_LEFT_CC_calcification_1,,,
476,1,calcification,digitized,2,"[923, 1916, 2075, 3068]",4,SEGMENTAL,AMORPHOUS,./data/CBIS-DDSM/Calc-Test_P_00180_LEFT_MLO/08-29-2017-DDSM-70785/1.000000-full mammogram images-24673/1-1.dcm,./data/CBIS-DDSM/Calc-Test_P_00180_LEFT_MLO_1/08-29-2017-DDSM-99314/1.000000-ROI mask images-77834/1-2.dcm,MG,1,benign,P_00180,left,3,mlo,P_00180_LEFT_MLO_calcification_1,,,
3074,1,calcification,digitized,4,"[0, 1514, 836, 2666]",4,CLUSTERED,PLEOMORPHIC,./data/CBIS-DDSM/Calc-Training_P_00181_RIGHT_CC/08-07-2016-DDSM-45595/1.000000-full mammogram images-27301/1-1.dcm,./data/CBIS-DDSM/Calc-Training_P_00181_RIGHT_CC_1/09-06-2017-DDSM-88272/1.000000-ROI mask images-56138/1-2.dcm,MG,1,benign,P_00181,right,1,cc,P_00181_RIGHT_CC_calcification_1,,,
175,1,calcification,digitized,4,"[16, 3180, 1168, 4332]",4,CLUSTERED,PLEOMORPHIC,./data/CBIS-DDSM/Calc-Training_P_00181_RIGHT_MLO/08-07-2016-DDSM-41378/1.000000-full mammogram images-66844/1-1.dcm,./data/CBIS-DDSM/Calc-Training_P_00181_RIGHT_MLO_1/09-06-2017-DDSM-92286/1.000000-ROI mask images-74633/1-2.dcm,MG,1,benign,P_00181,right,1,mlo,P_00181_RIGHT_MLO_calcification_1,,,
1423,1,calcification,digitized,5,"[296, 931, 1448, 2083]",3,CLUSTERED,FINE_LINEAR_BRANCHING,./data/CBIS-DDSM/Calc-Training_P_00188_RIGHT_MLO/08-07-2016-DDSM-53121/1.000000-full mammogram images-23604/1-1.dcm,./data/CBIS-DDSM/Calc-Training_P_00188_RIGHT_MLO_1/09-06-2017-DDSM-29428/1.000000-ROI mask images-88222/1-2.dcm,MG,1,malignant,P_00188,right,5,mlo,P_00188_RIGHT_MLO_calcification_1,,,
534,1,calcification,digitized,2,"[1208, 1820, 2360, 2972]",1,,LUCENT_CENTER,./data/CBIS-DDSM/Calc-Test_P_00214_LEFT_CC/08-29-2017-DDSM-20683/1.000000-full mammogram images-32884/1-1.dcm,./data/CBIS-DDSM/Calc-Test_P_00214_LEFT_CC_1/08-29-2017-DDSM-31256/1.000000-ROI mask images-92366/1-2.dcm,MG,2,benign,P_00214,left,4,cc,P_00214_LEFT_CC_calcification_1,,,
2657,2,calcification,digitized,2,"[0, 1336, 896, 2488]",1,,LUCENT_CENTER,./data/CBIS-DDSM/Calc-Test_P_00214_LEFT_CC/08-29-2017-DDSM-20683/1.000000-full mammogram images-32884/1-1.dcm,./data/CBIS-DDSM/Calc-Test_P_00214_LEFT_CC_2/08-29-2017-DDSM-82280/1.000000-ROI mask images-20929/1-2.dcm,MG,2,benign,P_00214,left,4,cc,P_00214_LEFT_CC_calcification_2,,,
2513,2,calcification,digitized,2,"[164, 292, 1316, 1444]",1,,LUCENT_CENTER,./data/CBIS-DDSM/Calc-Test_P_00214_LEFT_MLO/08-29-2017-DDSM-01690/1.000000-full mammogram images-48892/1-1.dcm,./data/CBIS-DDSM/Calc-Test_P_00214_LEFT_MLO_2/08-29-2017-DDSM-15688/1.000000-ROI mask images-02715/1-2.dcm,MG,2,benign,P_00214,left,4,mlo,P_00214_LEFT_MLO_calcification_2,,,
3124,1,calcification,digitized,2,"[1420, 1644, 2572, 2796]",1,,LUCENT_CENTER,./data/CBIS-DDSM/Calc-Test_P_00214_LEFT_MLO/08-29-2017-DDSM-01690/1.000000-full mammogram images-48892/1-1.dcm,./data/CBIS-DDSM/Calc-Test_P_00214_LEFT_MLO_1/08-29-2017-DDSM-47608/1.000000-ROI mask images-73321/1-2.dcm,MG,2,benign,P_00214,left,4,mlo,P_00214_LEFT_MLO_calcification_1,,,
1944,1,calcification,digitized,2,"[2236, 488, 3032, 1640]",1,,LUCENT_CENTER,./data/CBIS-DDSM/Calc-Test_P_00214_RIGHT_MLO/08-29-2017-DDSM-78748/1.000000-full mammogram images-68842/1-1.dcm,./data/CBIS-DDSM/Calc-Test_P_00214_RIGHT_MLO_1/08-29-2017-DDSM-08062/1.000000-ROI mask images-17118/1-2.dcm,MG,1,benign,P_00214,right,3,mlo,P_00214_RIGHT_MLO_calcification_1,,,
161,1,calcification,digitized,4,"[1719, 2728, 2341, 3880]",4,CLUSTERED,PLEOMORPHIC,./data/CBIS-DDSM/Calc-Training_P_00250_LEFT_MLO/08-07-2016-DDSM-75523/1.000000-full mammogram images-10833/1-1.dcm,./data/CBIS-DDSM/Calc-Training_P_00250_LEFT_MLO_1/09-06-2017-DDSM-37197/1.000000-ROI mask images-65311/1-2.dcm,MG,1,benign,P_00250,left,2,mlo,P_00250_LEFT_MLO_calcification_1,,,
2903,1,calcification,digitized,4,"[1457, 1117, 2609, 2269]",4,SEGMENTAL,PUNCTATE,./data/CBIS-DDSM/Calc-Training_P_00270_LEFT_CC/08-07-2016-DDSM-34117/1.000000-full mammogram images-18995/1-1.dcm,./data/CBIS-DDSM/Calc-Training_P_00270_LEFT_CC_1/09-06-2017-DDSM-95830/1.000000-ROI mask images-28207/1-2.dcm,MG,1,benign,P_00270,left,2,cc,P_00270_LEFT_CC_calcification_1,,,
2131,1,calcification,digitized,4,"[1532, 2872, 2684, 4024]",4,SEGMENTAL,PUNCTATE,./data/CBIS-DDSM/Calc-Training_P_00270_LEFT_MLO/08-07-2016-DDSM-14199/1.000000-full mammogram images-87628/1-1.dcm,./data/CBIS-DDSM/Calc-Training_P_00270_LEFT_MLO_1/09-06-2017-DDSM-06902/1.000000-ROI mask images-31339/1-2.dcm,MG,1,benign,P_00270,left,2,mlo,P_00270_LEFT_MLO_calcification_1,,,
2845,1,calcification,digitized,4,"[560, 3044, 1712, 4196]",2,CLUSTERED,PLEOMORPHIC,./data/CBIS-DDSM/Calc-Training_P_00297_RIGHT_CC/08-07-2016-DDSM-98355/1.000000-full mammogram images-29710/1-1.dcm,./data/CBIS-DDSM/Calc-Training_P_00297_RIGHT_CC_1/09-06-2017-DDSM-46426/1.000000-ROI mask images-84268/1-2.dcm,MG,1,benign,P_00297,right,3,cc,P_00297_RIGHT_CC_calcification_1,,,
717,1,calcification,digitized,4,"[1024, 3140, 2176, 4292]",2,CLUSTERED,PLEOMORPHIC,./data/CBIS-DDSM/Calc-Training_P_00297_RIGHT_MLO/08-07-2016-DDSM-11148/1.000000-full mammogram images-77736/1-1.dcm,./data/CBIS-DDSM/Calc-Training_P_00297_RIGHT_MLO_1/09-06-2017-DDSM-82585/1.000000-ROI mask images-47639/1-2.dcm,MG,1,benign,P_00297,right,3,mlo,P_00297_RIGHT_MLO_calcification_1,,,
1412,1,calcification,digitized,4,"[380, 1300, 1532, 2452]",2,CLUSTERED,AMORPHOUS,./data/CBIS-DDSM/Calc-Training_P_00302_LEFT_CC/08-07-2016-DDSM-38530/1.000000-full mammogram images-85069/1-1.dcm,./data/CBIS-DDSM/Calc-Training_P_00302_LEFT_CC_1/09-06-2017-DDSM-77408/1.000000-ROI mask images-15836/1-2.dcm,MG,2,benign,P_00302,left,5,cc,P_00302_LEFT_CC_calcification_1,,,
3486,2,calcification,digitized,4,"[32, 2420, 1184, 3572]",2,CLUSTERED,PLEOMORPHIC,./data/CBIS-DDSM/Calc-Training_P_00302_LEFT_CC/08-07-2016-DDSM-38530/1.000000-full mammogram images-85069/1-1.dcm,./data/CBIS-DDSM/Calc-Training_P_00302_LEFT_CC_2/09-06-2017-DDSM-32667/1.000000-ROI mask images-85833/1-2.dcm,MG,2,benign,P_00302,left,5,cc,P_00302_LEFT_CC_calcification_2,,,
2236,2,calcification,digitized,4,"[0, 3560, 976, 4712]",2,CLUSTERED,PLEOMORPHIC,./data/CBIS-DDSM/Calc-Training_P_00302_LEFT_MLO/08-07-2016-DDSM-43355/1.000000-full mammogram images-57671/1-1.dcm,./data/CBIS-DDSM/Calc-Training_P_00302_LEFT_MLO_2/09-06-2017-DDSM-94389/1.000000-ROI mask images-49165/1-2.dcm,MG,2,benign,P_00302,left,5,mlo,P_00302_LEFT_MLO_calcification_2,,,
2624,1,calcification,digitized,4,"[788, 2440, 1940, 3592]",2,CLUSTERED,PLEOMORPHIC,./data/CBIS-DDSM/Calc-Training_P_00302_LEFT_MLO/08-07-2016-DDSM-43355/1.000000-full mammogram images-57671/1-1.dcm,./data/CBIS-DDSM/Calc-Training_P_00302_LEFT_MLO_1/09-06-2017-DDSM-15439/1.000000-ROI mask images-97407/1-2.dcm,MG,2,benign,P_00302,left,5,mlo,P_00302_LEFT_MLO_calcification_1,,,
2908,1,calcification,digitized,4,"[2616, 756, 3768, 1908]",2,SEGMENTAL,PUNCTATE,./data/CBIS-DDSM/Calc-Training_P_00302_RIGHT_CC/08-07-2016-DDSM-12546/1.000000-full mammogram images-67713/1-1.dcm,./data/CBIS-DDSM/Calc-Training_P_00302_RIGHT_CC_1/09-06-2017-DDSM-85787/1.000000-ROI mask images-43736/1-2.dcm,MG,1,benign,P_00302,right,2,cc,P_00302_RIGHT_CC_calcification_1,,,
2806,1,calcification,digitized,4,"[2164, 2604, 3316, 3756]",2,SEGMENTAL,PUNCTATE,./data/CBIS-DDSM/Calc-Training_P_00302_RIGHT_MLO/08-07-2016-DDSM-80239/1.000000-full mammogram images-32765/1-1.dcm,./data/CBIS-DDSM/Calc-Training_P_00302_RIGHT_MLO_1/09-06-2017-DDSM-46939/1.000000-ROI mask images-82374/1-2.dcm,MG,1,benign,P_00302,right,2,mlo,P_00302_RIGHT_MLO_calcification_1,,,
2581,1,calcification,digitized,4,"[228, 3200, 1380, 4352]",4,CLUSTERED,PLEOMORPHIC,./data/CBIS-DDSM/Calc-Training_P_00312_RIGHT_MLO/08-07-2016-DDSM-33258/1.000000-full mammogram images-51242/1-1.dcm,./data/CBIS-DDSM/Calc-Training_P_00312_RIGHT_MLO_1/09-06-2017-DDSM-55405/1.000000-ROI mask images-32238/1-2.dcm,MG,1,benign,P_00312,right,2,mlo,P_00312_RIGHT_MLO_calcification_1,,,
2172,1,calcification,digitized,4,"[1012, 2764, 2164, 3916]",4,CLUSTERED,PLEOMORPHIC,./data/CBIS-DDSM/Calc-Test_P_00325_RIGHT_MLO/08-29-2017-DDSM-31681/1.000000-full mammogram images-43296/1-1.dcm,./data/CBIS-DDSM/Calc-Test_P_00325_RIGHT_MLO_1/08-29-2017-DDSM-73563/1.000000-ROI mask images-67155/1-2.dcm,MG,1,benign,P_00325,right,3,mlo,P_00325_RIGHT_MLO_calcification_1,,,
1082,1,calcification,digitized,4,"[511, 1482, 1663, 2634]",4,CLUSTERED,PLEOMORPHIC,./data/CBIS-DDSM/Calc-Training_P_00337_LEFT_CC/08-07-2016-DDSM-55000/1.000000-full mammogram images-36034/1-1.dcm,./data/CBIS-DDSM/Calc-Training_P_00337_LEFT_CC_1/09-06-2017-DDSM-61330/1.000000-ROI mask images-03735/1-2.dcm,MG,1,benign,P_00337,left,2,cc,P_00337_LEFT_CC_calcification_1,,,
3280,1,calcification,digitized,4,"[498, 1964, 1650, 3116]",4,CLUSTERED,PLEOMORPHIC,./data/CBIS-DDSM/Calc-Training_P_00337_LEFT_MLO/08-07-2016-DDSM-39949/1.000000-full mammogram images-85759/1-1.dcm,./data/CBIS-DDSM/Calc-Training_P_00337_LEFT_MLO_1/09-06-2017-DDSM-52037/1.000000-ROI mask images-26449/1-2.dcm,MG,1,benign,P_00337,left,2,mlo,P_00337_LEFT_MLO_calcification_1,,,
3419,1,calcification,digitized,4,"[0, 748, 916, 1900]",4,CLUSTERED,PLEOMORPHIC,./data/CBIS-DDSM/Calc-Test_P_00344_LEFT_CC/08-29-2017-DDSM-23843/1.000000-full mammogram images-91172/1-1.dcm,./data/CBIS-DDSM/Calc-Test_P_00344_LEFT_CC_1/08-29-2017-DDSM-81272/1.000000-ROI mask images-11488/1-2.dcm,MG,1,benign,P_00344,left,5,cc,P_00344_LEFT_CC_calcification_1,,,
1575,1,calcification,digitized,4,"[0, 1276, 1100, 2428]",4,CLUSTERED,PLEOMORPHIC,./data/CBIS-DDSM/Calc-Test_P_00344_LEFT_MLO/08-29-2017-DDSM-86499/1.000000-full mammogram images-42263/1-1.dcm,./data/CBIS-DDSM/Calc-Test_P_00344_LEFT_MLO_1/08-29-2017-DDSM-02728/1.000000-ROI mask images-87753/1-2.dcm,MG,1,benign,P_00344,left,5,mlo,P_00344_LEFT_MLO_calcification_1,,,
3181,1,calcification,digitized,4,"[1956, 616, 2824, 1768]",3,CLUSTERED,AMORPHOUS-PLEOMORPHIC,./data/CBIS-DDSM/Calc-Training_P_00346_RIGHT_CC/08-07-2016-DDSM-52158/1.000000-full mammogram images-34363/1-1.dcm,./data/CBIS-DDSM/Calc-Training_P_00346_RIGHT_CC_1/09-06-2017-DDSM-47837/1.000000-ROI mask images-81178/1-2.dcm,MG,1,benign,P_00346,right,3,cc,P_00346_RIGHT_CC_calcification_1,,,
3412,1,calcification,digitized,3,"[1712, 1308, 2864, 2460]",3,CLUSTERED,AMORPHOUS,./data/CBIS-DDSM/Calc-Training_P_00346_RIGHT_MLO/08-07-2016-DDSM-71082/1.000000-full mammogram images-87734/1-1.dcm,./data/CBIS-DDSM/Calc-Training_P_00346_RIGHT_MLO_1/09-06-2017-DDSM-23812/1.000000-ROI mask images-49005/1-2.dcm,MG,1,benign,P_00346,right,3,mlo,P_00346_RIGHT_MLO_calcification_1,,,
3301,1,calcification,digitized,5,"[144, 1749, 1296, 2901]",1,SEGMENTAL,PLEOMORPHIC,./data/CBIS-DDSM/Calc-Training_P_00355_LEFT_CC/08-07-2016-DDSM-11863/1.000000-full mammogram images-27791/1-1.dcm,./data/CBIS-DDSM/Calc-Training_P_00355_LEFT_CC_1/09-06-2017-DDSM-46177/1.000000-ROI mask images-92207/1-2.dcm,MG,1,benign,P_00355,left,5,cc,P_00355_LEFT_CC_calcification_1,,,
3543,1,calcification,digitized,5,"[0, 3574, 1070, 4726]",1,SEGMENTAL,PLEOMORPHIC,./data/CBIS-DDSM/Calc-Training_P_00355_LEFT_MLO/08-07-2016-DDSM-32278/1.000000-full mammogram images-71803/1-1.dcm,./data/CBIS-DDSM/Calc-Training_P_00355_LEFT_MLO_1/09-06-2017-DDSM-63671/1.000000-ROI mask images-65345/1-2.dcm,MG,1,benign,P_00355,left,5,mlo,P_00355_LEFT_MLO_calcification_1,,,
403,1,calcification,digitized,5,"[1904, 692, 3056, 1844]",2,LINEAR,,./data/CBIS-DDSM/Calc-Test_P_00403_RIGHT_CC/08-29-2017-DDSM-69818/1.000000-full mammogram images-25433/1-1.dcm,./data/CBIS-DDSM/Calc-Test_P_00403_RIGHT_CC_1/08-29-2017-DDSM-64808/1.000000-ROI mask images-84260/1-2.dcm,MG,1,malignant,P_00403,right,5,cc,P_00403_RIGHT_CC_calcification_1,,,
3417,1,calcification,digitized,5,"[1268, 1088, 2420, 2240]",2,LINEAR,,./data/CBIS-DDSM/Calc-Test_P_00403_RIGHT_MLO/08-29-2017-DDSM-23219/1.000000-full mammogram images-15072/1-1.dcm,./data/CBIS-DDSM/Calc-Test_P_00403_RIGHT_MLO_1/08-29-2017-DDSM-24271/1.000000-ROI mask images-60541/1-2.dcm,MG,1,malignant,P_00403,right,5,mlo,P_00403_RIGHT_MLO_calcification_1,,,
594,1,calcification,digitized,4,"[306, 4419, 1458, 5570]",2,CLUSTERED,ROUND_AND_REGULAR,./data/CBIS-DDSM/Calc-Training_P_00404_RIGHT_MLO/08-07-2016-DDSM-41275/1.000000-full mammogram images-79686/1-1.dcm,./data/CBIS-DDSM/Calc-Training_P_00404_RIGHT_MLO_1/09-06-2017-DDSM-41758/1.000000-ROI mask images-34553/1-2.dcm,MG,1,malignant,P_00404,right,4,mlo,P_00404_RIGHT_MLO_calcification_1,,,
3523,1,calcification,digitized,2,"[2676, 1736, 3828, 2888]",1,CLUSTERED,COARSE-PLEOMORPHIC,./data/CBIS-DDSM/Calc-Training_P_00425_RIGHT_CC/08-07-2016-DDSM-48756/1.000000-full mammogram images-19134/1-1.dcm,./data/CBIS-DDSM/Calc-Training_P_00425_RIGHT_CC_1/09-06-2017-DDSM-77079/1.000000-ROI mask images-01634/1-2.dcm,MG,1,benign,P_00425,right,5,cc,P_00425_RIGHT_CC_calcification_1,,,
3496,1,calcification,digitized,2,"[1780, 1524, 2932, 2676]",1,CLUSTERED,COARSE-PLEOMORPHIC,./data/CBIS-DDSM/Calc-Training_P_00425_RIGHT_MLO/08-07-2016-DDSM-70130/1.000000-full mammogram images-08017/1-1.dcm,./data/CBIS-DDSM/Calc-Training_P_00425_RIGHT_MLO_1/09-06-2017-DDSM-66063/1.000000-ROI mask images-89582/1-2.dcm,MG,1,benign,P_00425,right,5,mlo,P_00425_RIGHT_MLO_calcification_1,,,
2348,1,calcification,digitized,4,"[0, 2184, 924, 3336]",4,REGIONAL,PLEOMORPHIC,./data/CBIS-DDSM/Calc-Training_P_00438_LEFT_CC/08-07-2016-DDSM-71248/1.000000-full mammogram images-26133/1-1.dcm,./data/CBIS-DDSM/Calc-Training_P_00438_LEFT_CC_1/09-06-2017-DDSM-70698/1.000000-ROI mask images-65772/1-2.dcm,MG,1,malignant,P_00438,left,2,cc,P_00438_LEFT_CC_calcification_1,,,
1937,1,calcification,digitized,4,"[0, 2536, 824, 3688]",4,CLUSTERED,PLEOMORPHIC,./data/CBIS-DDSM/Calc-Training_P_00438_LEFT_MLO/08-07-2016-DDSM-73421/1.000000-full mammogram images-64040/1-1.dcm,./data/CBIS-DDSM/Calc-Training_P_00438_LEFT_MLO_1/09-06-2017-DDSM-03806/1.000000-ROI mask images-86871/1-2.dcm,MG,1,malignant,P_00438,left,2,mlo,P_00438_LEFT_MLO_calcification_1,,,
1583,1,calcification,digitized,4,"[2076, 2152, 3208, 3304]",3,CLUSTERED,AMORPHOUS,./data/CBIS-DDSM/Calc-Training_P_00447_RIGHT_CC/08-07-2016-DDSM-34367/1.000000-full mammogram images-92578/1-1.dcm,./data/CBIS-DDSM/Calc-Training_P_00447_RIGHT_CC_1/09-06-2017-DDSM-74997/1.000000-ROI mask images-52119/1-2.dcm,MG,1,benign,P_00447,right,2,cc,P_00447_RIGHT_CC_calcification_1,,,
1373,1,calcification,digitized,4,"[1616, 2456, 2768, 3608]",3,CLUSTERED,AMORPHOUS,./data/CBIS-DDSM/Calc-Training_P_00447_RIGHT_MLO/08-07-2016-DDSM-90960/1.000000-full mammogram images-66862/1-1.dcm,./data/CBIS-DDSM/Calc-Training_P_00447_RIGHT_MLO_1/09-06-2017-DDSM-67593/1.000000-ROI mask images-88137/1-2.dcm,MG,1,benign,P_00447,right,2,mlo,P_00447_RIGHT_MLO_calcification_1,,,
3176,1,calcification,digitized,4,"[1113, 1653, 2265, 2805]",3,SEGMENTAL,PLEOMORPHIC,./data/CBIS-DDSM/Calc-Test_P_00497_LEFT_CC/08-29-2017-DDSM-60238/1.000000-full mammogram images-31576/1-1.dcm,./data/CBIS-DDSM/Calc-Test_P_00497_LEFT_CC_1/08-29-2017-DDSM-67213/1.000000-ROI mask images-94480/1-2.dcm,MG,1,malignant,P_00497,left,3,cc,P_00497_LEFT_CC_calcification_1,,,
3210,1,calcification,digitized,4,"[1402, 3356, 2554, 4508]",3,SEGMENTAL,PLEOMORPHIC,./data/CBIS-DDSM/Calc-Test_P_00497_LEFT_MLO/08-29-2017-DDSM-91480/1.000000-full mammogram images-73389/1-1.dcm,./data/CBIS-DDSM/Calc-Test_P_00497_LEFT_MLO_1/08-29-2017-DDSM-76983/1.000000-ROI mask images-00030/1-2.dcm,MG,1,malignant,P_00497,left,3,mlo,P_00497_LEFT_MLO_calcification_1,,,
2920,1,calcification,digitized,4,"[2204, 3659, 3355, 4810]",4,LINEAR,PLEOMORPHIC,./data/CBIS-DDSM/Calc-Training_P_00502_LEFT_CC/08-07-2016-DDSM-61005/1.000000-full mammogram images-09694/1-1.dcm,./data/CBIS-DDSM/Calc-Training_P_00502_LEFT_CC_1/09-06-2017-DDSM-46468/1.000000-ROI mask images-14217/1-2.dcm,MG,1,malignant,P_00502,left,1,cc,P_00502_LEFT_CC_calcification_1,,,
3089,1,calcification,digitized,4,"[2264, 4476, 3415, 5628]",4,LINEAR,PLEOMORPHIC,./data/CBIS-DDSM/Calc-Training_P_00502_LEFT_MLO/08-07-2016-DDSM-90253/1.000000-full mammogram images-66263/1-1.dcm,./data/CBIS-DDSM/Calc-Training_P_00502_LEFT_MLO_1/09-06-2017-DDSM-11073/1.000000-ROI mask images-24889/1-2.dcm,MG,1,malignant,P_00502,left,1,mlo,P_00502_LEFT_MLO_calcification_1,,,
1685,1,calcification,digitized,5,"[1400, 868, 2544, 2020]",2,CLUSTERED,PLEOMORPHIC,./data/CBIS-DDSM/Calc-Training_P_00523_RIGHT_CC/08-07-2016-DDSM-46267/1.000000-full mammogram images-09796/1-1.dcm,./data/CBIS-DDSM/Calc-Training_P_00523_RIGHT_CC_1/09-06-2017-DDSM-57801/1.000000-ROI mask images-53435/1-2.dcm,MG,1,malignant,P_00523,right,4,cc,P_00523_RIGHT_CC_calcification_1,,,
2347,1,calcification,digitized,5,"[1320, 1284, 2472, 2436]",2,CLUSTERED,PLEOMORPHIC,./data/CBIS-DDSM/Calc-Training_P_00523_RIGHT_MLO/08-07-2016-DDSM-87701/1.000000-full mammogram images-77752/1-1.dcm,./data/CBIS-DDSM/Calc-Training_P_00523_RIGHT_MLO_1/09-06-2017-DDSM-08839/1.000000-ROI mask images-27501/1-2.dcm,MG,1,malignant,P_00523,right,5,mlo,P_00523_RIGHT_MLO_calcification_1,,,
237,1,calcification,digitized,4,"[0, 1352, 928, 2504]",2,CLUSTERED,PLEOMORPHIC,./data/CBIS-DDSM/Calc-Training_P_00557_LEFT_CC/08-07-2016-DDSM-69470/1.000000-full mammogram images-56909/1-1.dcm,./data/CBIS-DDSM/Calc-Training_P_00557_LEFT_CC_1/09-06-2017-DDSM-66614/1.000000-ROI mask images-34100/1-2.dcm,MG,1,benign,P_00557,left,3,cc,P_00557_LEFT_CC_calcification_1,,,
2573,1,calcification,digitized,4,"[248, 1672, 1400, 2824]",2,CLUSTERED,PLEOMORPHIC,./data/CBIS-DDSM/Calc-Training_P_00557_LEFT_MLO/08-07-2016-DDSM-02322/1.000000-full mammogram images-91182/1-1.dcm,./data/CBIS-DDSM/Calc-Training_P_00557_LEFT_MLO_1/09-06-2017-DDSM-29160/1.000000-ROI mask images-94084/1-2.dcm,MG,1,benign,P_00557,left,3,mlo,P_00557_LEFT_MLO_calcification_1,,,
602,2,calcification,digitized,2,"[1692, 2408, 2844, 3560]",2,CLUSTERED,PLEOMORPHIC,./data/CBIS-DDSM/Calc-Training_P_00557_RIGHT_CC/08-07-2016-DDSM-56297/1.000000-full mammogram images-18409/1-1.dcm,./data/CBIS-DDSM/Calc-Training_P_00557_RIGHT_CC_2/09-06-2017-DDSM-55402/1.000000-ROI mask images-40675/1-2.dcm,MG,4,benign,P_00557,right,4,cc,P_00557_RIGHT_CC_calcification_2,,,
876,4,calcification,digitized,2,"[1660, 1184, 2812, 2335]",2,CLUSTERED,PLEOMORPHIC,./data/CBIS-DDSM/Calc-Training_P_00557_RIGHT_CC/08-07-2016-DDSM-56297/1.000000-full mammogram images-18409/1-1.dcm,./data/CBIS-DDSM/Calc-Training_P_00557_RIGHT_CC_4/09-06-2017-DDSM-07123/1.000000-ROI mask images-24275/1-2.dcm,MG,4,benign,P_00557,right,4,cc,P_00557_RIGHT_CC_calcification_4,,,
2850,3,calcification,digitized,2,"[1400, 1616, 2552, 2768]",2,CLUSTERED,PLEOMORPHIC,./data/CBIS-DDSM/Calc-Training_P_00557_RIGHT_CC/08-07-2016-DDSM-56297/1.000000-full mammogram images-18409/1-1.dcm,./data/CBIS-DDSM/Calc-Training_P_00557_RIGHT_CC_3/09-06-2017-DDSM-69297/1.000000-ROI mask images-59420/1-2.dcm,MG,4,benign,P_00557,right,4,cc,P_00557_RIGHT_CC_calcification_3,,,
3137,1,calcification,digitized,2,"[2140, 2396, 3032, 3548]",2,CLUSTERED,PLEOMORPHIC,./data/CBIS-DDSM/Calc-Training_P_00557_RIGHT_CC/08-07-2016-DDSM-56297/1.000000-full mammogram images-18409/1-1.dcm,./data/CBIS-DDSM/Calc-Training_P_00557_RIGHT_CC_1/09-06-2017-DDSM-76736/1.000000-ROI mask images-61214/1-2.dcm,MG,4,benign,P_00557,right,4,cc,P_00557_RIGHT_CC_calcification_1,,,
133,2,calcification,digitized,2,"[1444, 2252, 2596, 3404]",2,CLUSTERED,PLEOMORPHIC,./data/CBIS-DDSM/Calc-Training_P_00557_RIGHT_MLO/08-07-2016-DDSM-41060/1.000000-full mammogram images-43240/1-1.dcm,./data/CBIS-DDSM/Calc-Training_P_00557_RIGHT_MLO_2/09-06-2017-DDSM-43669/1.000000-ROI mask images-53819/1-2.dcm,MG,3,benign,P_00557,right,4,mlo,P_00557_RIGHT_MLO_calcification_2,,,
318,3,calcification,digitized,2,"[1428, 1848, 2580, 3000]",2,CLUSTERED,PLEOMORPHIC,./data/CBIS-DDSM/Calc-Training_P_00557_RIGHT_MLO/08-07-2016-DDSM-41060/1.000000-full mammogram images-43240/1-1.dcm,./data/CBIS-DDSM/Calc-Training_P_00557_RIGHT_MLO_3/09-06-2017-DDSM-63915/1.000000-ROI mask images-95210/1-2.dcm,MG,3,benign,P_00557,right,4,mlo,P_00557_RIGHT_MLO_calcification_3,,,
3403,1,calcification,digitized,2,"[1808, 2584, 2960, 3736]",2,CLUSTERED,PLEOMORPHIC,./data/CBIS-DDSM/Calc-Training_P_00557_RIGHT_MLO/08-07-2016-DDSM-41060/1.000000-full mammogram images-43240/1-1.dcm,./data/CBIS-DDSM/Calc-Training_P_00557_RIGHT_MLO_1/09-06-2017-DDSM-85693/1.000000-ROI mask images-76037/1-2.dcm,MG,3,benign,P_00557,right,4,mlo,P_00557_RIGHT_MLO_calcification_1,,,
2578,1,calcification,digitized,4,"[2084, 2408, 2960, 3560]",4,,PUNCTATE-PLEOMORPHIC,./data/CBIS-DDSM/Calc-Training_P_00558_RIGHT_CC/08-07-2016-DDSM-58175/1.000000-full mammogram images-60212/1-1.dcm,./data/CBIS-DDSM/Calc-Training_P_00558_RIGHT_CC_1/09-06-2017-DDSM-35176/1.000000-ROI mask images-97598/1-2.dcm,MG,1,benign,P_00558,right,3,cc,P_00558_RIGHT_CC_calcification_1,,,
319,1,calcification,digitized,4,"[2128, 1800, 2992, 2952]",4,CLUSTERED,PUNCTATE-PLEOMORPHIC,./data/CBIS-DDSM/Calc-Training_P_00558_RIGHT_MLO/08-07-2016-DDSM-53323/1.000000-full mammogram images-62151/1-1.dcm,./data/CBIS-DDSM/Calc-Training_P_00558_RIGHT_MLO_1/09-06-2017-DDSM-82333/1.000000-ROI mask images-70264/1-2.dcm,MG,2,benign,P_00558,right,3,mlo,P_00558_RIGHT_MLO_calcification_1,,,
3059,2,calcification,digitized,4,"[2264, 2080, 2992, 3232]",4,CLUSTERED,PUNCTATE-PLEOMORPHIC,./data/CBIS-DDSM/Calc-Training_P_00558_RIGHT_MLO/08-07-2016-DDSM-53323/1.000000-full mammogram images-62151/1-1.dcm,./data/CBIS-DDSM/Calc-Training_P_00558_RIGHT_MLO_2/09-06-2017-DDSM-94818/1.000000-ROI mask images-68858/1-2.dcm,MG,2,benign,P_00558,right,3,mlo,P_00558_RIGHT_MLO_calcification_2,,,
2338,1,calcification,digitized,4,"[2100, 1520, 2936, 2672]",2,CLUSTERED,AMORPHOUS,./data/CBIS-DDSM/Calc-Training_P_00571_RIGHT_CC/08-07-2016-DDSM-19903/1.000000-full mammogram images-00710/1-1.dcm,./data/CBIS-DDSM/Calc-Training_P_00571_RIGHT_CC_1/09-06-2017-DDSM-59900/1.000000-ROI mask images-03565/1-2.dcm,MG,1,benign,P_00571,right,2,cc,P_00571_RIGHT_CC_calcification_1,,,
146,1,calcification,digitized,4,"[2136, 2860, 2912, 4012]",2,CLUSTERED,AMORPHOUS,./data/CBIS-DDSM/Calc-Training_P_00571_RIGHT_MLO/08-07-2016-DDSM-81937/1.000000-full mammogram images-00794/1-1.dcm,./data/CBIS-DDSM/Calc-Training_P_00571_RIGHT_MLO_1/09-06-2017-DDSM-39963/1.000000-ROI mask images-69310/1-2.dcm,MG,1,benign,P_00571,right,2,mlo,P_00571_RIGHT_MLO_calcification_1,,,
262,1,calcification,digitized,5,"[1668, 1304, 2760, 2456]",1,CLUSTERED,AMORPHOUS,./data/CBIS-DDSM/Calc-Training_P_00573_RIGHT_CC/08-07-2016-DDSM-70279/1.000000-full mammogram images-02584/1-1.dcm,./data/CBIS-DDSM/Calc-Training_P_00573_RIGHT_CC_1/09-06-2017-DDSM-29680/1.000000-ROI mask images-51281/1-2.dcm,MG,1,malignant,P_00573,right,5,cc,P_00573_RIGHT_CC_calcification_1,,,
1044,3,calcification,digitized,5,"[1544, 1832, 2696, 2984]",1,CLUSTERED,AMORPHOUS,./data/CBIS-DDSM/Calc-Training_P_00573_RIGHT_MLO/08-07-2016-DDSM-87528/1.000000-full mammogram images-45614/1-1.dcm,./data/CBIS-DDSM/Calc-Training_P_00573_RIGHT_MLO_3/09-06-2017-DDSM-24692/1.000000-ROI mask images-37432/1-2.dcm,MG,1,malignant,P_00573,right,5,mlo,P_00573_RIGHT_MLO_calcification_3,,,
405,1,calcification,digitized,5,"[1780, 996, 2784, 2148]",3,SEGMENTAL,PLEOMORPHIC,./data/CBIS-DDSM/Calc-Training_P_00582_RIGHT_MLO/08-07-2016-DDSM-97901/1.000000-full mammogram images-43281/1-1.dcm,./data/CBIS-DDSM/Calc-Training_P_00582_RIGHT_MLO_1/09-06-2017-DDSM-21950/1.000000-ROI mask images-42711/1-2.dcm,MG,1,malignant,P_00582,right,5,mlo,P_00582_RIGHT_MLO_calcification_1,,,
1221,1,calcification,digitized,4,"[0, 2304, 936, 3456]",3,CLUSTERED,PLEOMORPHIC,./data/CBIS-DDSM/Calc-Training_P_00621_LEFT_CC/08-07-2016-DDSM-50961/1.000000-full mammogram images-41146/1-1.dcm,./data/CBIS-DDSM/Calc-Training_P_00621_LEFT_CC_1/09-06-2017-DDSM-26138/1.000000-ROI mask images-31270/1-2.dcm,MG,1,benign,P_00621,left,3,cc,P_00621_LEFT_CC_calcification_1,,,
3450,1,calcification,digitized,4,"[160, 2692, 1312, 3844]",3,CLUSTERED,PLEOMORPHIC,./data/CBIS-DDSM/Calc-Training_P_00621_LEFT_MLO/08-07-2016-DDSM-39675/1.000000-full mammogram images-65839/1-1.dcm,./data/CBIS-DDSM/Calc-Training_P_00621_LEFT_MLO_1/09-06-2017-DDSM-68299/1.000000-ROI mask images-35851/1-2.dcm,MG,1,benign,P_00621,left,3,mlo,P_00621_LEFT_MLO_calcification_1,,,
820,1,calcification,digitized,4,"[1330, 2141, 2482, 3293]",3,SEGMENTAL,PLEOMORPHIC,./data/CBIS-DDSM/Calc-Training_P_00638_LEFT_CC/08-07-2016-DDSM-67528/1.000000-full mammogram images-66703/1-1.dcm,./data/CBIS-DDSM/Calc-Training_P_00638_LEFT_CC_1/09-06-2017-DDSM-96412/1.000000-ROI mask images-20926/1-2.dcm,MG,1,malignant,P_00638,left,3,cc,P_00638_LEFT_CC_calcification_1,,,
2555,1,calcification,digitized,4,"[1399, 2168, 2551, 3320]",3,SEGMENTAL,PLEOMORPHIC,./data/CBIS-DDSM/Calc-Training_P_00638_LEFT_MLO/08-07-2016-DDSM-28685/1.000000-full mammogram images-71978/1-1.dcm,./data/CBIS-DDSM/Calc-Training_P_00638_LEFT_MLO_1/09-06-2017-DDSM-96545/1.000000-ROI mask images-16260/1-2.dcm,MG,1,malignant,P_00638,left,3,mlo,P_00638_LEFT_MLO_calcification_1,,,
1662,1,calcification,digitized,4,"[1097, 2116, 2249, 3267]",3,LINEAR,PLEOMORPHIC,./data/CBIS-DDSM/Calc-Training_P_00645_RIGHT_MLO/08-07-2016-DDSM-18754/1.000000-full mammogram images-51175/1-1.dcm,./data/CBIS-DDSM/Calc-Training_P_00645_RIGHT_MLO_1/09-06-2017-DDSM-64685/1.000000-ROI mask images-54978/1-2.dcm,MG,1,benign,P_00645,right,2,mlo,P_00645_RIGHT_MLO_calcification_1,,,
287,1,calcification,digitized,5,"[1076, 2080, 2228, 3232]",3,LINEAR,PLEOMORPHIC,./data/CBIS-DDSM/Calc-Training_P_00654_RIGHT_CC/08-07-2016-DDSM-27821/1.000000-full mammogram images-75926/1-1.dcm,./data/CBIS-DDSM/Calc-Training_P_00654_RIGHT_CC_1/09-06-2017-DDSM-39566/1.000000-ROI mask images-39668/1-2.dcm,MG,1,malignant,P_00654,right,3,cc,P_00654_RIGHT_CC_calcification_1,,,
760,1,calcification,digitized,4,"[888, 1872, 2040, 3024]",3,LINEAR,PLEOMORPHIC,./data/CBIS-DDSM/Calc-Training_P_00654_RIGHT_MLO/08-07-2016-DDSM-53570/1.000000-full mammogram images-81695/1-1.dcm,./data/CBIS-DDSM/Calc-Training_P_00654_RIGHT_MLO_1/09-06-2017-DDSM-46242/1.000000-ROI mask images-67948/1-2.dcm,MG,1,malignant,P_00654,right,3,mlo,P_00654_RIGHT_MLO_calcification_1,,,
642,1,calcification,digitized,4,"[1932, 1544, 2848, 2696]",4,CLUSTERED,PUNCTATE,./data/CBIS-DDSM/Calc-Training_P_00667_RIGHT_CC/08-07-2016-DDSM-03903/1.000000-full mammogram images-93518/1-1.dcm,./data/CBIS-DDSM/Calc-Training_P_00667_RIGHT_CC_1/09-06-2017-DDSM-38129/1.000000-ROI mask images-89064/1-2.dcm,MG,1,malignant,P_00667,right,4,cc,P_00667_RIGHT_CC_calcification_1,,,
1119,1,calcification,digitized,4,"[1484, 1488, 2636, 2640]",4,CLUSTERED,PUNCTATE,./data/CBIS-DDSM/Calc-Training_P_00667_RIGHT_MLO/08-07-2016-DDSM-83255/1.000000-full mammogram images-16730/1-1.dcm,./data/CBIS-DDSM/Calc-Training_P_00667_RIGHT_MLO_1/09-06-2017-DDSM-02263/1.000000-ROI mask images-02641/1-2.dcm,MG,1,malignant,P_00667,right,4,mlo,P_00667_RIGHT_MLO_calcification_1,,,
1096,1,calcification,digitized,2,"[112, 4, 1264, 1156]",1,,VASCULAR,./data/CBIS-DDSM/Calc-Training_P_00673_LEFT_MLO/08-07-2016-DDSM-86186/1.000000-full mammogram images-21221/1-1.dcm,./data/CBIS-DDSM/Calc-Training_P_00673_LEFT_MLO_1/09-06-2017-DDSM-18814/1.000000-ROI mask images-45593/1-2.dcm,MG,1,benign,P_00673,left,4,mlo,P_00673_LEFT_MLO_calcification_1,,,
2430,2,calcification,digitized,2,"[2496, 1104, 3648, 2256]",1,,COARSE,./data/CBIS-DDSM/Calc-Training_P_00673_RIGHT_MLO/08-07-2016-DDSM-95112/1.000000-full mammogram images-35008/1-1.dcm,./data/CBIS-DDSM/Calc-Training_P_00673_RIGHT_MLO_2/09-06-2017-DDSM-42765/1.000000-ROI mask images-28814/1-2.dcm,MG,1,benign,P_00673,right,4,mlo,P_00673_RIGHT_MLO_calcification_2,,,
320,1,calcification,digitized,4,"[1104, 1796, 2256, 2948]",4,CLUSTERED,PLEOMORPHIC,./data/CBIS-DDSM/Calc-Training_P_00682_RIGHT_CC/08-07-2016-DDSM-27862/1.000000-full mammogram images-92044/1-1.dcm,./data/CBIS-DDSM/Calc-Training_P_00682_RIGHT_CC_1/09-06-2017-DDSM-50830/1.000000-ROI mask images-86629/1-2.dcm,MG,1,benign,P_00682,right,3,cc,P_00682_RIGHT_CC_calcification_1,,,
3309,1,calcification,digitized,4,"[1288, 3176, 2440, 4328]",4,CLUSTERED,PLEOMORPHIC,./data/CBIS-DDSM/Calc-Training_P_00682_RIGHT_MLO/08-07-2016-DDSM-67591/1.000000-full mammogram images-32040/1-1.dcm,./data/CBIS-DDSM/Calc-Training_P_00682_RIGHT_MLO_1/09-06-2017-DDSM-70989/1.000000-ROI mask images-92427/1-2.dcm,MG,1,benign,P_00682,right,3,mlo,P_00682_RIGHT_MLO_calcification_1,,,
690,1,calcification,digitized,4,"[0, 1092, 1004, 2244]",3,CLUSTERED,PLEOMORPHIC,./data/CBIS-DDSM/Calc-Training_P_00701_LEFT_CC/08-07-2016-DDSM-86207/1.000000-full mammogram images-49370/1-1.dcm,./data/CBIS-DDSM/Calc-Training_P_00701_LEFT_CC_1/09-06-2017-DDSM-19782/1.000000-ROI mask images-20957/1-2.dcm,MG,1,benign,P_00701,left,5,cc,P_00701_LEFT_CC_calcification_1,,,
1418,1,calcification,digitized,4,"[652, 1112, 1804, 2264]",3,CLUSTERED,PLEOMORPHIC,./data/CBIS-DDSM/Calc-Training_P_00701_LEFT_MLO/08-07-2016-DDSM-06271/1.000000-full mammogram images-35655/1-1.dcm,./data/CBIS-DDSM/Calc-Training_P_00701_LEFT_MLO_1/09-06-2017-DDSM-98611/1.000000-ROI mask images-27687/1-2.dcm,MG,1,benign,P_00701,left,5,mlo,P_00701_LEFT_MLO_calcification_1,,,
52,3,calcification,digitized,3,"[332, 2012, 1484, 3164]",2,CLUSTERED,PLEOMORPHIC,./data/CBIS-DDSM/Calc-Test_P_00723_LEFT_MLO/08-29-2017-DDSM-17298/1.000000-full mammogram images-81452/1-1.dcm,./data/CBIS-DDSM/Calc-Test_P_00723_LEFT_MLO_3/08-29-2017-DDSM-60340/1.000000-ROI mask images-82805/1-2.dcm,MG,3,benign,P_00723,left,5,mlo,P_00723_LEFT_MLO_calcification_3,,,
583,2,calcification,digitized,4,"[232, 1672, 1384, 2824]",2,CLUSTERED,PLEOMORPHIC,./data/CBIS-DDSM/Calc-Test_P_00723_LEFT_MLO/08-29-2017-DDSM-17298/1.000000-full mammogram images-81452/1-1.dcm,./data/CBIS-DDSM/Calc-Test_P_00723_LEFT_MLO_2/08-29-2017-DDSM-19242/1.000000-ROI mask images-77977/1-2.dcm,MG,3,benign,P_00723,left,5,mlo,P_00723_LEFT_MLO_calcification_2,,,
3314,4,calcification,digitized,4,"[1072, 2016, 2224, 3168]",2,CLUSTERED,AMORPHOUS,./data/CBIS-DDSM/Calc-Test_P_00723_LEFT_MLO/08-29-2017-DDSM-17298/1.000000-full mammogram images-81452/1-1.dcm,./data/CBIS-DDSM/Calc-Test_P_00723_LEFT_MLO_4/08-29-2017-DDSM-90234/1.000000-ROI mask images-02538/1-2.dcm,MG,3,benign,P_00723,left,3,mlo,P_00723_LEFT_MLO_calcification_4,,,
475,1,calcification,digitized,4,"[1393, 1384, 2251, 2536]",4,CLUSTERED,PLEOMORPHIC,./data/CBIS-DDSM/Calc-Training_P_00759_LEFT_CC/08-07-2016-DDSM-43620/1.000000-full mammogram images-29922/1-1.dcm,./data/CBIS-DDSM/Calc-Training_P_00759_LEFT_CC_1/09-06-2017-DDSM-40540/1.000000-ROI mask images-47550/1-2.dcm,MG,2,malignant,P_00759,left,3,cc,P_00759_LEFT_CC_calcification_1,,,
2194,2,calcification,digitized,4,"[1493, 1728, 2251, 2880]",4,CLUSTERED,PLEOMORPHIC,./data/CBIS-DDSM/Calc-Training_P_00759_LEFT_CC/08-07-2016-DDSM-43620/1.000000-full mammogram images-29922/1-1.dcm,./data/CBIS-DDSM/Calc-Training_P_00759_LEFT_CC_2/09-06-2017-DDSM-70557/1.000000-ROI mask images-81763/1-2.dcm,MG,2,malignant,P_00759,left,3,cc,P_00759_LEFT_CC_calcification_2,,,
22,2,calcification,digitized,4,"[1103, 1684, 2255, 2836]",4,CLUSTERED,PLEOMORPHIC,./data/CBIS-DDSM/Calc-Training_P_00759_LEFT_MLO/08-07-2016-DDSM-96219/1.000000-full mammogram images-85632/1-1.dcm,./data/CBIS-DDSM/Calc-Training_P_00759_LEFT_MLO_2/09-06-2017-DDSM-58388/1.000000-ROI mask images-94082/1-2.dcm,MG,2,malignant,P_00759,left,3,mlo,P_00759_LEFT_MLO_calcification_2,,,
3526,1,calcification,digitized,4,"[1612, 3012, 2281, 4164]",4,CLUSTERED,PLEOMORPHIC,./data/CBIS-DDSM/Calc-Training_P_00759_LEFT_MLO/08-07-2016-DDSM-96219/1.000000-full mammogram images-85632/1-1.dcm,./data/CBIS-DDSM/Calc-Training_P_00759_LEFT_MLO_1/09-06-2017-DDSM-30846/1.000000-ROI mask images-52258/1-2.dcm,MG,2,malignant,P_00759,left,3,mlo,P_00759_LEFT_MLO_calcification_1,,,
3500,1,calcification,digitized,4,"[436, 864, 1588, 2016]",2,CLUSTERED,PLEOMORPHIC,./data/CBIS-DDSM/Calc-Training_P_00768_LEFT_CC/08-07-2016-DDSM-96066/1.000000-full mammogram images-41415/1-1.dcm,./data/CBIS-DDSM/Calc-Training_P_00768_LEFT_CC_1/09-06-2017-DDSM-21141/1.000000-ROI mask images-82737/1-2.dcm,MG,1,benign,P_00768,left,5,cc,P_00768_LEFT_CC_calcification_1,,,
3065,1,calcification,digitized,4,"[1208, 1896, 2360, 3048]",2,CLUSTERED,PLEOMORPHIC,./data/CBIS-DDSM/Calc-Training_P_00768_LEFT_MLO/08-07-2016-DDSM-65111/1.000000-full mammogram images-80058/1-1.dcm,./data/CBIS-DDSM/Calc-Training_P_00768_LEFT_MLO_1/09-06-2017-DDSM-88396/1.000000-ROI mask images-87357/1-2.dcm,MG,1,benign,P_00768,left,5,mlo,P_00768_LEFT_MLO_calcification_1,,,
2898,1,calcification,digitized,4,"[1406, 974, 2491, 2125]",3,CLUSTERED,PLEOMORPHIC,./data/CBIS-DDSM/Calc-Training_P_00787_LEFT_CC/08-07-2016-DDSM-40969/1.000000-full mammogram images-90043/1-1.dcm,./data/CBIS-DDSM/Calc-Training_P_00787_LEFT_CC_1/09-06-2017-DDSM-59726/1.000000-ROI mask images-59372/1-2.dcm,MG,1,malignant,P_00787,left,4,cc,P_00787_LEFT_CC_calcification_1,,,
226,1,calcification,digitized,4,"[656, 2079, 1808, 3230]",3,CLUSTERED,PLEOMORPHIC,./data/CBIS-DDSM/Calc-Training_P_00787_LEFT_MLO/08-07-2016-DDSM-35524/1.000000-full mammogram images-67023/1-1.dcm,./data/CBIS-DDSM/Calc-Training_P_00787_LEFT_MLO_1/09-06-2017-DDSM-14279/1.000000-ROI mask images-15986/1-2.dcm,MG,1,malignant,P_00787,left,4,mlo,P_00787_LEFT_MLO_calcification_1,,,
3145,1,calcification,digitized,4,"[1866, 2804, 2836, 3956]",4,DIFFUSELY_SCATTERED,AMORPHOUS,./data/CBIS-DDSM/Calc-Test_P_00789_LEFT_MLO/08-29-2017-DDSM-26682/1.000000-full mammogram images-06809/1-1.dcm,./data/CBIS-DDSM/Calc-Test_P_00789_LEFT_MLO_1/08-29-2017-DDSM-64293/1.000000-ROI mask images-35438/1-2.dcm,MG,1,benign,P_00789,left,1,mlo,P_00789_LEFT_MLO_calcification_1,,,
1118,1,calcification,digitized,4,"[2140, 832, 2904, 1984]",3,CLUSTERED,PLEOMORPHIC,./data/CBIS-DDSM/Calc-Test_P_00790_RIGHT_CC/08-29-2017-DDSM-68675/1.000000-full mammogram images-55805/1-1.dcm,./data/CBIS-DDSM/Calc-Test_P_00790_RIGHT_CC_1/08-29-2017-DDSM-39440/1.000000-ROI mask images-54018/1-2.dcm,MG,1,benign,P_00790,right,4,cc,P_00790_RIGHT_CC_calcification_1,,,
1504,1,calcification,digitized,4,"[1680, 1948, 2832, 3100]",3,CLUSTERED,PLEOMORPHIC,./data/CBIS-DDSM/Calc-Test_P_00790_RIGHT_MLO/08-29-2017-DDSM-64424/1.000000-full mammogram images-66231/1-1.dcm,./data/CBIS-DDSM/Calc-Test_P_00790_RIGHT_MLO_1/08-29-2017-DDSM-78212/1.000000-ROI mask images-85089/1-2.dcm,MG,1,benign,P_00790,right,4,mlo,P_00790_RIGHT_MLO_calcification_1,,,
703,1,calcification,digitized,4,"[0, 1848, 928, 3000]",2,CLUSTERED,AMORPHOUS,./data/CBIS-DDSM/Calc-Training_P_00792_LEFT_CC/08-07-2016-DDSM-24690/1.000000-full mammogram images-73727/1-1.dcm,./data/CBIS-DDSM/Calc-Training_P_00792_LEFT_CC_1/09-06-2017-DDSM-48224/1.000000-ROI mask images-43568/1-2.dcm,MG,1,benign,P_00792,left,2,cc,P_00792_LEFT_CC_calcification_1,,,
3504,1,calcification,digitized,4,"[28, 1876, 1180, 3028]",2,CLUSTERED,AMORPHOUS,./data/CBIS-DDSM/Calc-Training_P_00792_LEFT_MLO/08-07-2016-DDSM-47324/1.000000-full mammogram images-71276/1-1.dcm,./data/CBIS-DDSM/Calc-Training_P_00792_LEFT_MLO_1/09-06-2017-DDSM-38071/1.000000-ROI mask images-30048/1-2.dcm,MG,1,benign,P_00792,left,2,mlo,P_00792_LEFT_MLO_calcification_1,,,
618,1,calcification,digitized,4,"[0, 1752, 916, 2904]",4,SEGMENTAL,AMORPHOUS,./data/CBIS-DDSM/Calc-Training_P_00793_LEFT_CC/08-07-2016-DDSM-50801/1.000000-full mammogram images-12696/1-1.dcm,./data/CBIS-DDSM/Calc-Training_P_00793_LEFT_CC_1/09-06-2017-DDSM-89979/1.000000-ROI mask images-26820/1-2.dcm,MG,1,benign,P_00793,left,2,cc,P_00793_LEFT_CC_calcification_1,,,
2710,1,calcification,digitized,4,"[276, 1344, 1428, 2496]",4,SEGMENTAL,AMORPHOUS,./data/CBIS-DDSM/Calc-Training_P_00793_LEFT_MLO/08-07-2016-DDSM-98147/1.000000-full mammogram images-65267/1-1.dcm,./data/CBIS-DDSM/Calc-Training_P_00793_LEFT_MLO_1/09-06-2017-DDSM-06963/1.000000-ROI mask images-73620/1-2.dcm,MG,1,benign,P_00793,left,2,mlo,P_00793_LEFT_MLO_calcification_1,,,
3352,1,calcification,digitized,4,"[2031, 2007, 2866, 3158]",4,CLUSTERED,PLEOMORPHIC,./data/CBIS-DDSM/Calc-Training_P_00808_LEFT_MLO/08-07-2016-DDSM-49137/1.000000-full mammogram images-50739/1-1.dcm,./data/CBIS-DDSM/Calc-Training_P_00808_LEFT_MLO_1/09-06-2017-DDSM-51091/1.000000-ROI mask images-19501/1-2.dcm,MG,1,benign,P_00808,left,4,mlo,P_00808_LEFT_MLO_calcification_1,,,
660,1,calcification,digitized,4,"[0, 496, 1116, 1648]",2,CLUSTERED,AMORPHOUS,./data/CBIS-DDSM/Calc-Training_P_00809_LEFT_CC/08-07-2016-DDSM-74959/1.000000-full mammogram images-60021/1-1.dcm,./data/CBIS-DDSM/Calc-Training_P_00809_LEFT_CC_1/09-06-2017-DDSM-93573/1.000000-ROI mask images-18711/1-2.dcm,MG,1,malignant,P_00809,left,2,cc,P_00809_LEFT_CC_calcification_1,,,
191,1,calcification,digitized,4,"[856, 1632, 2008, 2784]",2,CLUSTERED,AMORPHOUS,./data/CBIS-DDSM/Calc-Training_P_00809_LEFT_MLO/08-07-2016-DDSM-94339/1.000000-full mammogram images-51556/1-1.dcm,./data/CBIS-DDSM/Calc-Training_P_00809_LEFT_MLO_1/09-06-2017-DDSM-20733/1.000000-ROI mask images-28917/1-2.dcm,MG,1,malignant,P_00809,left,2,mlo,P_00809_LEFT_MLO_calcification_1,,,
635,1,calcification,digitized,2,"[36, 328, 1188, 1480]",2,,VASCULAR,./data/CBIS-DDSM/Calc-Training_P_00812_LEFT_CC/08-07-2016-DDSM-62191/1.000000-full mammogram images-37878/1-1.dcm,./data/CBIS-DDSM/Calc-Training_P_00812_LEFT_CC_1/09-06-2017-DDSM-24044/1.000000-ROI mask images-47684/1-2.dcm,MG,1,benign,P_00812,left,4,cc,P_00812_LEFT_CC_calcification_1,,,
2910,1,calcification,digitized,2,"[260, 1008, 1412, 2160]",2,,VASCULAR,./data/CBIS-DDSM/Calc-Training_P_00812_LEFT_MLO/08-07-2016-DDSM-95046/1.000000-full mammogram images-78225/1-1.dcm,./data/CBIS-DDSM/Calc-Training_P_00812_LEFT_MLO_1/09-06-2017-DDSM-02065/1.000000-ROI mask images-92822/1-2.dcm,MG,1,benign,P_00812,left,4,mlo,P_00812_LEFT_MLO_calcification_1,,,
1912,1,calcification,digitized,4,"[0, 1755, 848, 2907]",4,CLUSTERED,PUNCTATE,./data/CBIS-DDSM/Calc-Training_P_00854_RIGHT_CC/08-07-2016-DDSM-65865/1.000000-full mammogram images-88603/1-1.dcm,./data/CBIS-DDSM/Calc-Training_P_00854_RIGHT_CC_1/09-06-2017-DDSM-72143/1.000000-ROI mask images-78165/1-2.dcm,MG,1,benign,P_00854,right,1,cc,P_00854_RIGHT_CC_calcification_1,,,
520,1,calcification,digitized,4,"[112, 2260, 1264, 3412]",4,CLUSTERED,PUNCTATE,./data/CBIS-DDSM/Calc-Training_P_00854_RIGHT_MLO/08-07-2016-DDSM-01758/1.000000-full mammogram images-62025/1-1.dcm,./data/CBIS-DDSM/Calc-Training_P_00854_RIGHT_MLO_1/09-06-2017-DDSM-04326/1.000000-ROI mask images-79630/1-2.dcm,MG,1,benign,P_00854,right,1,mlo,P_00854_RIGHT_MLO_calcification_1,,,
792,1,calcification,digitized,2,"[408, 2764, 1560, 3916]",3,,LUCENT_CENTERED,./data/CBIS-DDSM/Calc-Training_P_00858_LEFT_CC/08-07-2016-DDSM-74871/1.000000-full mammogram images-79082/1-1.dcm,./data/CBIS-DDSM/Calc-Training_P_00858_LEFT_CC_1/09-06-2017-DDSM-28975/1.000000-ROI mask images-70502/1-2.dcm,MG,1,benign,P_00858,left,5,cc,P_00858_LEFT_CC_calcification_1,,,
1494,1,calcification,digitized,2,"[544, 2140, 1696, 3292]",3,,LUCENT_CENTERED,./data/CBIS-DDSM/Calc-Training_P_00858_LEFT_MLO/08-07-2016-DDSM-04126/1.000000-full mammogram images-09609/1-1.dcm,./data/CBIS-DDSM/Calc-Training_P_00858_LEFT_MLO_1/09-06-2017-DDSM-68696/1.000000-ROI mask images-29281/1-2.dcm,MG,1,benign,P_00858,left,5,mlo,P_00858_LEFT_MLO_calcification_1,,,
188,1,calcification,digitized,4,"[1768, 984, 2832, 2136]",3,CLUSTERED,PLEOMORPHIC,./data/CBIS-DDSM/Calc-Training_P_00858_RIGHT_CC/08-07-2016-DDSM-77905/1.000000-full mammogram images-51215/1-1.dcm,./data/CBIS-DDSM/Calc-Training_P_00858_RIGHT_CC_1/09-06-2017-DDSM-42805/1.000000-ROI mask images-78650/1-2.dcm,MG,2,benign,P_00858,right,4,cc,P_00858_RIGHT_CC_calcification_1,,,
2312,2,calcification,digitized,3,"[2112, 2396, 2832, 3548]",3,CLUSTERED,PUNCTATE,./data/CBIS-DDSM/Calc-Training_P_00858_RIGHT_CC/08-07-2016-DDSM-77905/1.000000-full mammogram images-51215/1-1.dcm,./data/CBIS-DDSM/Calc-Training_P_00858_RIGHT_CC_2/09-06-2017-DDSM-11868/1.000000-ROI mask images-77723/1-2.dcm,MG,2,benign,P_00858,right,4,cc,P_00858_RIGHT_CC_calcification_2,,,
2324,2,calcification,digitized,4,"[2072, 1936, 2760, 3088]",3,CLUSTERED,PLEOMORPHIC,./data/CBIS-DDSM/Calc-Training_P_00858_RIGHT_MLO/08-07-2016-DDSM-93340/1.000000-full mammogram images-12427/1-1.dcm,./data/CBIS-DDSM/Calc-Training_P_00858_RIGHT_MLO_2/09-06-2017-DDSM-93002/1.000000-ROI mask images-27135/1-2.dcm,MG,2,benign,P_00858,right,4,mlo,P_00858_RIGHT_MLO_calcification_2,,,
2591,1,calcification,digitized,3,"[1700, 2192, 2760, 3344]",3,CLUSTERED,PUNCTATE,./data/CBIS-DDSM/Calc-Training_P_00858_RIGHT_MLO/08-07-2016-DDSM-93340/1.000000-full mammogram images-12427/1-1.dcm,./data/CBIS-DDSM/Calc-Training_P_00858_RIGHT_MLO_1/09-06-2017-DDSM-41335/1.000000-ROI mask images-23755/1-2.dcm,MG,2,benign,P_00858,right,4,mlo,P_00858_RIGHT_MLO_calcification_1,,,
2136,1,calcification,digitized,5,"[1364, 844, 2516, 1996]",3,REGIONAL,PLEOMORPHIC,./data/CBIS-DDSM/Calc-Training_P_00883_RIGHT_CC/08-07-2016-DDSM-54033/1.000000-full mammogram images-82500/1-1.dcm,./data/CBIS-DDSM/Calc-Training_P_00883_RIGHT_CC_1/09-06-2017-DDSM-12775/1.000000-ROI mask images-17340/1-2.dcm,MG,1,malignant,P_00883,right,5,cc,P_00883_RIGHT_CC_calcification_1,,,
1000,1,calcification,digitized,5,"[1044, 1632, 2196, 2784]",3,REGIONAL,PLEOMORPHIC,./data/CBIS-DDSM/Calc-Training_P_00883_RIGHT_MLO/08-07-2016-DDSM-21524/1.000000-full mammogram images-97418/1-1.dcm,./data/CBIS-DDSM/Calc-Training_P_00883_RIGHT_MLO_1/09-06-2017-DDSM-33170/1.000000-ROI mask images-70494/1-2.dcm,MG,1,malignant,P_00883,right,5,mlo,P_00883_RIGHT_MLO_calcification_1,,,
310,1,calcification,digitized,4,"[472, 1684, 1624, 2836]",2,CLUSTERED,PLEOMORPHIC,./data/CBIS-DDSM/Calc-Training_P_00890_RIGHT_MLO/08-07-2016-DDSM-13999/1.000000-full mammogram images-54434/1-1.dcm,./data/CBIS-DDSM/Calc-Training_P_00890_RIGHT_MLO_1/09-06-2017-DDSM-64640/1.000000-ROI mask images-60091/1-2.dcm,MG,1,malignant,P_00890,right,2,mlo,P_00890_RIGHT_MLO_calcification_1,,,
3312,1,calcification,digitized,2,"[1164, 1760, 2316, 2912]",2,,LUCENT_CENTER,./data/CBIS-DDSM/Calc-Training_P_00895_RIGHT_CC/08-07-2016-DDSM-90190/1.000000-full mammogram images-22272/1-1.dcm,./data/CBIS-DDSM/Calc-Training_P_00895_RIGHT_CC_1/09-06-2017-DDSM-85054/1.000000-ROI mask images-33825/1-2.dcm,MG,1,benign,P_00895,right,5,cc,P_00895_RIGHT_CC_calcification_1,,,
3458,1,calcification,digitized,2,"[1144, 2656, 2296, 3808]",2,,LUCENT_CENTER,./data/CBIS-DDSM/Calc-Training_P_00895_RIGHT_MLO/08-07-2016-DDSM-52849/1.000000-full mammogram images-95480/1-1.dcm,./data/CBIS-DDSM/Calc-Training_P_00895_RIGHT_MLO_1/09-06-2017-DDSM-42799/1.000000-ROI mask images-13619/1-2.dcm,MG,1,benign,P_00895,right,5,mlo,P_00895_RIGHT_MLO_calcification_1,,,
2798,1,calcification,digitized,4,"[1235, 1104, 2387, 2256]",4,CLUSTERED,PLEOMORPHIC,./data/CBIS-DDSM/Calc-Training_P_00897_LEFT_CC/08-07-2016-DDSM-70451/1.000000-full mammogram images-59072/1-1.dcm,./data/CBIS-DDSM/Calc-Training_P_00897_LEFT_CC_1/09-06-2017-DDSM-81161/1.000000-ROI mask images-77410/1-2.dcm,MG,1,benign,P_00897,left,3,cc,P_00897_LEFT_CC_calcification_1,,,
1844,1,calcification,digitized,4,"[1117, 2244, 2269, 3396]",4,CLUSTERED,PLEOMORPHIC,./data/CBIS-DDSM/Calc-Training_P_00897_LEFT_MLO/08-07-2016-DDSM-63795/1.000000-full mammogram images-87256/1-1.dcm,./data/CBIS-DDSM/Calc-Training_P_00897_LEFT_MLO_1/09-06-2017-DDSM-06642/1.000000-ROI mask images-03226/1-2.dcm,MG,1,benign,P_00897,left,3,mlo,P_00897_LEFT_MLO_calcification_1,,,
1387,1,calcification,digitized,3,"[1200, 3060, 2352, 4212]",4,CLUSTERED,PUNCTATE,./data/CBIS-DDSM/Calc-Training_P_00916_RIGHT_MLO/08-07-2016-DDSM-58184/1.000000-full mammogram images-68368/1-1.dcm,./data/CBIS-DDSM/Calc-Training_P_00916_RIGHT_MLO_1/09-06-2017-DDSM-03334/1.000000-ROI mask images-78047/1-2.dcm,MG,1,malignant,P_00916,right,1,mlo,P_00916_RIGHT_MLO_calcification_1,,,
2126,1,calcification,digitized,2,"[0, 2416, 1084, 3568]",1,,SKIN-PUNCTATE,./data/CBIS-DDSM/Calc-Training_P_00924_LEFT_CC/08-07-2016-DDSM-72916/1.000000-full mammogram images-97680/1-1.dcm,./data/CBIS-DDSM/Calc-Training_P_00924_LEFT_CC_1/09-06-2017-DDSM-47711/1.000000-ROI mask images-19188/1-2.dcm,MG,1,benign,P_00924,left,3,cc,P_00924_LEFT_CC_calcification_1,,,
80,2,calcification,digitized,2,"[96, 2128, 1248, 3280]",1,,SKIN-PUNCTATE,./data/CBIS-DDSM/Calc-Training_P_00924_LEFT_MLO/08-07-2016-DDSM-34208/1.000000-full mammogram images-09973/1-1.dcm,./data/CBIS-DDSM/Calc-Training_P_00924_LEFT_MLO_2/09-06-2017-DDSM-24993/1.000000-ROI mask images-60318/1-2.dcm,MG,3,benign,P_00924,left,3,mlo,P_00924_LEFT_MLO_calcification_2,,,
395,1,calcification,digitized,2,"[0, 2516, 640, 3668]",1,,SKIN-PUNCTATE,./data/CBIS-DDSM/Calc-Training_P_00924_LEFT_MLO/08-07-2016-DDSM-34208/1.000000-full mammogram images-09973/1-1.dcm,./data/CBIS-DDSM/Calc-Training_P_00924_LEFT_MLO_1/09-06-2017-DDSM-09789/1.000000-ROI mask images-23627/1-2.dcm,MG,3,benign,P_00924,left,3,mlo,P_00924_LEFT_MLO_calcification_1,,,
2791,3,calcification,digitized,2,"[4, 1360, 1156, 2512]",1,,SKIN-PUNCTATE,./data/CBIS-DDSM/Calc-Training_P_00924_LEFT_MLO/08-07-2016-DDSM-34208/1.000000-full mammogram images-09973/1-1.dcm,./data/CBIS-DDSM/Calc-Training_P_00924_LEFT_MLO_3/09-06-2017-DDSM-68287/1.000000-ROI mask images-56524/1-2.dcm,MG,3,benign,P_00924,left,3,mlo,P_00924_LEFT_MLO_calcification_3,,,
1735,2,calcification,digitized,2,"[1984, 1804, 3104, 2956]",1,,SKIN-PUNCTATE-ROUND_AND_REGULAR,./data/CBIS-DDSM/Calc-Training_P_00924_RIGHT_CC/08-07-2016-DDSM-31697/1.000000-full mammogram images-45670/1-1.dcm,./data/CBIS-DDSM/Calc-Training_P_00924_RIGHT_CC_2/09-06-2017-DDSM-94516/1.000000-ROI mask images-01329/1-2.dcm,MG,1,benign,P_00924,right,3,cc,P_00924_RIGHT_CC_calcification_2,,,
796,4,calcification,digitized,2,"[1720, 3224, 2872, 4376]",1,,SKIN-PUNCTATE-ROUND_AND_REGULAR,./data/CBIS-DDSM/Calc-Training_P_00924_RIGHT_MLO/08-07-2016-DDSM-09222/1.000000-full mammogram images-92511/1-1.dcm,./data/CBIS-DDSM/Calc-Training_P_00924_RIGHT_MLO_4/09-06-2017-DDSM-62179/1.000000-ROI mask images-11190/1-2.dcm,MG,3,benign,P_00924,right,3,mlo,P_00924_RIGHT_MLO_calcification_4,,,
1989,2,calcification,digitized,2,"[1404, 1916, 2556, 3068]",1,,SKIN-PUNCTATE-ROUND_AND_REGULAR,./data/CBIS-DDSM/Calc-Training_P_00924_RIGHT_MLO/08-07-2016-DDSM-09222/1.000000-full mammogram images-92511/1-1.dcm,./data/CBIS-DDSM/Calc-Training_P_00924_RIGHT_MLO_2/09-06-2017-DDSM-34280/1.000000-ROI mask images-29601/1-2.dcm,MG,3,benign,P_00924,right,3,mlo,P_00924_RIGHT_MLO_calcification_2,,,
2142,3,calcification,digitized,2,"[1032, 2728, 2184, 3880]",1,,SKIN-PUNCTATE-ROUND_AND_REGULAR,./data/CBIS-DDSM/Calc-Training_P_00924_RIGHT_MLO/08-07-2016-DDSM-09222/1.000000-full mammogram images-92511/1-1.dcm,./data/CBIS-DDSM/Calc-Training_P_00924_RIGHT_MLO_3/09-06-2017-DDSM-16664/1.000000-ROI mask images-71241/1-2.dcm,MG,3,benign,P_00924,right,3,mlo,P_00924_RIGHT_MLO_calcification_3,,,
1890,1,calcification,digitized,3,"[744, 2176, 1896, 3328]",1,CLUSTERED,PLEOMORPHIC,./data/CBIS-DDSM/Calc-Training_P_00944_LEFT_CC/08-07-2016-DDSM-23469/1.000000-full mammogram images-07906/1-1.dcm,./data/CBIS-DDSM/Calc-Training_P_00944_LEFT_CC_1/09-06-2017-DDSM-44707/1.000000-ROI mask images-74808/1-2.dcm,MG,1,benign,P_00944,left,3,cc,P_00944_LEFT_CC_calcification_1,,,
2447,1,calcification,digitized,3,"[628, 3212, 1780, 4364]",1,CLUSTERED,PLEOMORPHIC,./data/CBIS-DDSM/Calc-Training_P_00944_LEFT_MLO/08-07-2016-DDSM-21203/1.000000-full mammogram images-14557/1-1.dcm,./data/CBIS-DDSM/Calc-Training_P_00944_LEFT_MLO_1/09-06-2017-DDSM-73633/1.000000-ROI mask images-09285/1-2.dcm,MG,1,benign,P_00944,left,3,mlo,P_00944_LEFT_MLO_calcification_1,,,
245,1,calcification,digitized,5,"[44, 1724, 1196, 2876]",4,CLUSTERED,PLEOMORPHIC,./data/CBIS-DDSM/Calc-Training_P_00954_RIGHT_CC/08-07-2016-DDSM-15281/1.000000-full mammogram images-50659/1-1.dcm,./data/CBIS-DDSM/Calc-Training_P_00954_RIGHT_CC_1/09-06-2017-DDSM-17444/1.000000-ROI mask images-64238/1-2.dcm,MG,1,malignant,P_00954,right,3,cc,P_00954_RIGHT_CC_calcification_1,,,
1014,1,calcification,digitized,5,"[72, 2488, 1224, 3640]",4,CLUSTERED,PLEOMORPHIC,./data/CBIS-DDSM/Calc-Training_P_00954_RIGHT_MLO/08-07-2016-DDSM-79459/1.000000-full mammogram images-21771/1-1.dcm,./data/CBIS-DDSM/Calc-Training_P_00954_RIGHT_MLO_1/09-06-2017-DDSM-36557/1.000000-ROI mask images-94749/1-2.dcm,MG,1,malignant,P_00954,right,3,mlo,P_00954_RIGHT_MLO_calcification_1,,,
370,1,calcification,digitized,5,"[2392, 2260, 3544, 3412]",2,CLUSTERED,PLEOMORPHIC,./data/CBIS-DDSM/Calc-Training_P_00967_RIGHT_CC/08-07-2016-DDSM-83191/1.000000-full mammogram images-99717/1-1.dcm,./data/CBIS-DDSM/Calc-Training_P_00967_RIGHT_CC_1/09-06-2017-DDSM-66527/1.000000-ROI mask images-96005/1-2.dcm,MG,1,malignant,P_00967,right,5,cc,P_00967_RIGHT_CC_calcification_1,,,
2268,1,calcification,digitized,5,"[1480, 1384, 2632, 2536]",2,SEGMENTAL,PLEOMORPHIC,./data/CBIS-DDSM/Calc-Training_P_00967_RIGHT_MLO/08-07-2016-DDSM-06345/1.000000-full mammogram images-56822/1-1.dcm,./data/CBIS-DDSM/Calc-Training_P_00967_RIGHT_MLO_1/09-06-2017-DDSM-68045/1.000000-ROI mask images-05979/1-2.dcm,MG,1,malignant,P_00967,right,5,mlo,P_00967_RIGHT_MLO_calcification_1,,,
1115,1,calcification,digitized,4,"[1062, 3464, 2214, 4616]",4,CLUSTERED,AMORPHOUS,./data/CBIS-DDSM/Calc-Training_P_00977_LEFT_MLO/08-07-2016-DDSM-78278/1.000000-full mammogram images-15083/1-1.dcm,./data/CBIS-DDSM/Calc-Training_P_00977_LEFT_MLO_1/09-06-2017-DDSM-50010/1.000000-ROI mask images-99457/1-2.dcm,MG,1,benign,P_00977,left,2,mlo,P_00977_LEFT_MLO_calcification_1,,,
1460,1,calcification,digitized,4,"[1648, 1144, 2626, 2296]",3,SEGMENTAL,PLEOMORPHIC,./data/CBIS-DDSM/Calc-Training_P_00983_LEFT_CC/08-07-2016-DDSM-15985/1.000000-full mammogram images-45919/1-1.dcm,./data/CBIS-DDSM/Calc-Training_P_00983_LEFT_CC_1/09-06-2017-DDSM-08559/1.000000-ROI mask images-33857/1-2.dcm,MG,1,malignant,P_00983,left,2,cc,P_00983_LEFT_CC_calcification_1,,,
195,2,calcification,digitized,4,"[424, 2668, 1576, 3820]",2,CLUSTERED,PUNCTATE-PLEOMORPHIC,./data/CBIS-DDSM/Calc-Test_P_01004_LEFT_CC/08-29-2017-DDSM-08662/1.000000-full mammogram images-51162/1-1.dcm,./data/CBIS-DDSM/Calc-Test_P_01004_LEFT_CC_2/08-29-2017-DDSM-89746/1.000000-ROI mask images-09797/1-2.dcm,MG,2,benign,P_01004,left,3,cc,P_01004_LEFT_CC_calcification_2,,,
3320,1,calcification,digitized,4,"[272, 1088, 1424, 2240]",2,CLUSTERED,PUNCTATE-PLEOMORPHIC,./data/CBIS-DDSM/Calc-Test_P_01004_LEFT_CC/08-29-2017-DDSM-08662/1.000000-full mammogram images-51162/1-1.dcm,./data/CBIS-DDSM/Calc-Test_P_01004_LEFT_CC_1/08-29-2017-DDSM-99048/1.000000-ROI mask images-83267/1-2.dcm,MG,2,benign,P_01004,left,3,cc,P_01004_LEFT_CC_calcification_1,,,
1529,2,calcification,digitized,4,"[292, 3604, 1444, 4756]",2,CLUSTERED,PUNCTATE-PLEOMORPHIC,./data/CBIS-DDSM/Calc-Test_P_01004_LEFT_MLO/08-29-2017-DDSM-72169/1.000000-full mammogram images-50457/1-1.dcm,./data/CBIS-DDSM/Calc-Test_P_01004_LEFT_MLO_2/08-29-2017-DDSM-30449/1.000000-ROI mask images-98147/1-2.dcm,MG,2,benign,P_01004,left,3,mlo,P_01004_LEFT_MLO_calcification_2,,,
1931,1,calcification,digitized,4,"[412, 2608, 1564, 3760]",2,CLUSTERED,PUNCTATE-PLEOMORPHIC,./data/CBIS-DDSM/Calc-Test_P_01004_LEFT_MLO/08-29-2017-DDSM-72169/1.000000-full mammogram images-50457/1-1.dcm,./data/CBIS-DDSM/Calc-Test_P_01004_LEFT_MLO_1/08-29-2017-DDSM-89570/1.000000-ROI mask images-17726/1-2.dcm,MG,2,benign,P_01004,left,3,mlo,P_01004_LEFT_MLO_calcification_1,,,
2872,1,calcification,digitized,4,"[0, 1097, 802, 2249]",2,LINEAR,PLEOMORPHIC,./data/CBIS-DDSM/Calc-Training_P_01045_RIGHT_CC/08-07-2016-DDSM-01794/1.000000-full mammogram images-61059/1-1.dcm,./data/CBIS-DDSM/Calc-Training_P_01045_RIGHT_CC_1/09-06-2017-DDSM-33734/1.000000-ROI mask images-31615/1-2.dcm,MG,1,malignant,P_01045,right,2,cc,P_01045_RIGHT_CC_calcification_1,,,
3055,1,calcification,digitized,4,"[0, 890, 1063, 2041]",2,LINEAR,PLEOMORPHIC,./data/CBIS-DDSM/Calc-Training_P_01045_RIGHT_MLO/08-07-2016-DDSM-47026/1.000000-full mammogram images-05533/1-1.dcm,./data/CBIS-DDSM/Calc-Training_P_01045_RIGHT_MLO_1/09-06-2017-DDSM-48302/1.000000-ROI mask images-62254/1-2.dcm,MG,1,malignant,P_01045,right,2,mlo,P_01045_RIGHT_MLO_calcification_1,,,
1070,1,calcification,digitized,2,"[1076, 2636, 2228, 3788]",3,,LUCENT_CENTER,./data/CBIS-DDSM/Calc-Training_P_01049_LEFT_CC/08-07-2016-DDSM-60204/1.000000-full mammogram images-52035/1-1.dcm,./data/CBIS-DDSM/Calc-Training_P_01049_LEFT_CC_1/09-06-2017-DDSM-58977/1.000000-ROI mask images-12012/1-2.dcm,MG,1,benign,P_01049,left,3,cc,P_01049_LEFT_CC_calcification_1,,,
247,1,calcification,digitized,2,"[1008, 3624, 2160, 4776]",3,,LUCENT_CENTER,./data/CBIS-DDSM/Calc-Training_P_01049_LEFT_MLO/08-07-2016-DDSM-45861/1.000000-full mammogram images-41460/1-1.dcm,./data/CBIS-DDSM/Calc-Training_P_01049_LEFT_MLO_1/09-06-2017-DDSM-66166/1.000000-ROI mask images-38359/1-2.dcm,MG,1,benign,P_01049,left,3,mlo,P_01049_LEFT_MLO_calcification_1,,,
2230,1,calcification,digitized,5,"[1163, 2796, 2314, 3948]",4,SEGMENTAL,FINE_LINEAR_BRANCHING,./data/CBIS-DDSM/Calc-Test_P_01050_LEFT_MLO/08-29-2017-DDSM-73191/1.000000-full mammogram images-87668/1-1.dcm,./data/CBIS-DDSM/Calc-Test_P_01050_LEFT_MLO_1/08-29-2017-DDSM-72663/1.000000-ROI mask images-50384/1-2.dcm,MG,1,malignant,P_01050,left,4,mlo,P_01050_LEFT_MLO_calcification_1,,,
3562,1,calcification,digitized,4,"[1136, 2624, 2288, 3776]",4,CLUSTERED,PUNCTATE,./data/CBIS-DDSM/Calc-Training_P_01063_RIGHT_MLO/08-07-2016-DDSM-91524/1.000000-full mammogram images-98730/1-1.dcm,./data/CBIS-DDSM/Calc-Training_P_01063_RIGHT_MLO_1/09-06-2017-DDSM-71790/1.000000-ROI mask images-25414/1-2.dcm,MG,1,benign,P_01063,right,1,mlo,P_01063_RIGHT_MLO_calcification_1,,,
1168,1,calcification,digitized,4,"[666, 2949, 1818, 4100]",2,CLUSTERED,PLEOMORPHIC,./data/CBIS-DDSM/Calc-Training_P_01064_LEFT_MLO/08-07-2016-DDSM-90800/1.000000-full mammogram images-12831/1-1.dcm,./data/CBIS-DDSM/Calc-Training_P_01064_LEFT_MLO_1/09-06-2017-DDSM-93565/1.000000-ROI mask images-63244/1-2.dcm,MG,1,malignant,P_01064,left,3,mlo,P_01064_LEFT_MLO_calcification_1,,,
1815,1,calcification,digitized,4,"[1927, 1267, 3079, 2419]",3,CLUSTERED,PLEOMORPHIC,./data/CBIS-DDSM/Calc-Training_P_01072_LEFT_CC/08-07-2016-DDSM-22119/1.000000-full mammogram images-06160/1-1.dcm,./data/CBIS-DDSM/Calc-Training_P_01072_LEFT_CC_1/09-06-2017-DDSM-83562/1.000000-ROI mask images-78126/1-2.dcm,MG,1,malignant,P_01072,left,3,cc,P_01072_LEFT_CC_calcification_1,,,
1791,1,calcification,digitized,4,"[1596, 2920, 2748, 4072]",3,CLUSTERED,PLEOMORPHIC,./data/CBIS-DDSM/Calc-Training_P_01072_LEFT_MLO/08-07-2016-DDSM-63120/1.000000-full mammogram images-02492/1-1.dcm,./data/CBIS-DDSM/Calc-Training_P_01072_LEFT_MLO_1/09-06-2017-DDSM-90316/1.000000-ROI mask images-20307/1-2.dcm,MG,1,malignant,P_01072,left,3,mlo,P_01072_LEFT_MLO_calcification_1,,,
2382,1,calcification,digitized,4,"[204, 1068, 1356, 2220]",3,CLUSTERED,PLEOMORPHIC,./data/CBIS-DDSM/Calc-Training_P_01095_LEFT_CC/08-07-2016-DDSM-28867/1.000000-full mammogram images-09735/1-1.dcm,./data/CBIS-DDSM/Calc-Training_P_01095_LEFT_CC_1/09-06-2017-DDSM-57785/1.000000-ROI mask images-35683/1-2.dcm,MG,1,benign,P_01095,left,2,cc,P_01095_LEFT_CC_calcification_1,,,
3025,1,calcification,digitized,4,"[1108, 1376, 2260, 2528]",3,CLUSTERED,PLEOMORPHIC,./data/CBIS-DDSM/Calc-Training_P_01095_LEFT_MLO/08-07-2016-DDSM-67150/1.000000-full mammogram images-82092/1-1.dcm,./data/CBIS-DDSM/Calc-Training_P_01095_LEFT_MLO_1/09-06-2017-DDSM-57160/1.000000-ROI mask images-32934/1-2.dcm,MG,1,benign,P_01095,left,2,mlo,P_01095_LEFT_MLO_calcification_1,,,
2587,1,calcification,digitized,4,"[607, 2724, 1758, 3876]",4,CLUSTERED,PLEOMORPHIC,./data/CBIS-DDSM/Calc-Test_P_01148_RIGHT_MLO/08-29-2017-DDSM-48191/1.000000-full mammogram images-77460/1-1.dcm,./data/CBIS-DDSM/Calc-Test_P_01148_RIGHT_MLO_1/08-29-2017-DDSM-47153/1.000000-ROI mask images-90605/1-2.dcm,MG,1,malignant,P_01148,right,3,mlo,P_01148_RIGHT_MLO_calcification_1,,,
2249,1,calcification,digitized,4,"[1793, 976, 2911, 2128]",4,SEGMENTAL,PLEOMORPHIC,./data/CBIS-DDSM/Calc-Test_P_01154_LEFT_CC/08-29-2017-DDSM-91853/1.000000-full mammogram images-41826/1-1.dcm,./data/CBIS-DDSM/Calc-Test_P_01154_LEFT_CC_1/08-29-2017-DDSM-65051/1.000000-ROI mask images-35897/1-2.dcm,MG,1,malignant,P_01154,left,3,cc,P_01154_LEFT_CC_calcification_1,,,
824,1,calcification,digitized,4,"[1642, 2000, 2794, 3152]",4,SEGMENTAL,PLEOMORPHIC,./data/CBIS-DDSM/Calc-Test_P_01154_LEFT_MLO/08-29-2017-DDSM-53940/1.000000-full mammogram images-01339/1-1.dcm,./data/CBIS-DDSM/Calc-Test_P_01154_LEFT_MLO_1/08-29-2017-DDSM-36820/1.000000-ROI mask images-47646/1-2.dcm,MG,1,malignant,P_01154,left,3,mlo,P_01154_LEFT_MLO_calcification_1,,,
2999,1,calcification,digitized,4,"[8, 2530, 1160, 3682]",3,LINEAR,PLEOMORPHIC,./data/CBIS-DDSM/Calc-Test_P_01157_RIGHT_CC/08-29-2017-DDSM-26469/1.000000-full mammogram images-68418/1-1.dcm,./data/CBIS-DDSM/Calc-Test_P_01157_RIGHT_CC_1/08-29-2017-DDSM-49139/1.000000-ROI mask images-59504/1-2.dcm,MG,1,malignant,P_01157,right,3,cc,P_01157_RIGHT_CC_calcification_1,,,
2562,1,calcification,digitized,4,"[188, 2792, 1340, 3944]",3,LINEAR,PLEOMORPHIC,./data/CBIS-DDSM/Calc-Test_P_01157_RIGHT_MLO/08-29-2017-DDSM-33800/1.000000-full mammogram images-73226/1-1.dcm,./data/CBIS-DDSM/Calc-Test_P_01157_RIGHT_MLO_1/08-29-2017-DDSM-38096/1.000000-ROI mask images-00528/1-2.dcm,MG,1,malignant,P_01157,right,3,mlo,P_01157_RIGHT_MLO_calcification_1,,,
2134,1,calcification,digitized,5,"[1856, 1892, 2624, 3044]",2,CLUSTERED,PLEOMORPHIC,./data/CBIS-DDSM/Calc-Training_P_01198_RIGHT_CC/08-07-2016-DDSM-91492/1.000000-full mammogram images-36980/1-1.dcm,./data/CBIS-DDSM/Calc-Training_P_01198_RIGHT_CC_1/09-06-2017-DDSM-01965/1.000000-ROI mask images-40007/1-2.dcm,MG,1,malignant,P_01198,right,4,cc,P_01198_RIGHT_CC_calcification_1,,,
2545,1,calcification,digitized,5,"[1324, 1860, 2456, 3012]",2,CLUSTERED,PLEOMORPHIC,./data/CBIS-DDSM/Calc-Training_P_01198_RIGHT_MLO/08-07-2016-DDSM-68595/1.000000-full mammogram images-90965/1-1.dcm,./data/CBIS-DDSM/Calc-Training_P_01198_RIGHT_MLO_1/09-06-2017-DDSM-00079/1.000000-ROI mask images-94469/1-2.dcm,MG,1,malignant,P_01198,right,5,mlo,P_01198_RIGHT_MLO_calcification_1,,,
1230,1,calcification,digitized,4,"[592, 2420, 1744, 3572]",2,CLUSTERED,PLEOMORPHIC,./data/CBIS-DDSM/Calc-Training_P_01219_LEFT_CC/08-07-2016-DDSM-67605/1.000000-full mammogram images-17811/1-1.dcm,./data/CBIS-DDSM/Calc-Training_P_01219_LEFT_CC_1/09-06-2017-DDSM-23817/1.000000-ROI mask images-88772/1-2.dcm,MG,1,benign,P_01219,left,3,cc,P_01219_LEFT_CC_calcification_1,,,
19,1,calcification,digitized,4,"[580, 1944, 1732, 3096]",2,CLUSTERED,PLEOMORPHIC,./data/CBIS-DDSM/Calc-Training_P_01219_LEFT_MLO/08-07-2016-DDSM-20311/1.000000-full mammogram images-22952/1-1.dcm,./data/CBIS-DDSM/Calc-Training_P_01219_LEFT_MLO_1/09-06-2017-DDSM-53832/1.000000-ROI mask images-28203/1-2.dcm,MG,1,benign,P_01219,left,3,mlo,P_01219_LEFT_MLO_calcification_1,,,
2983,1,calcification,digitized,4,"[54, 1701, 1205, 2853]",4,CLUSTERED,PLEOMORPHIC,./data/CBIS-DDSM/Calc-Training_P_01220_RIGHT_CC/08-07-2016-DDSM-49131/1.000000-full mammogram images-23553/1-1.dcm,./data/CBIS-DDSM/Calc-Training_P_01220_RIGHT_CC_1/09-06-2017-DDSM-05581/1.000000-ROI mask images-71619/1-2.dcm,MG,1,malignant,P_01220,right,1,cc,P_01220_RIGHT_CC_calcification_1,,,
3494,1,calcification,digitized,4,"[556, 2354, 1708, 3505]",4,CLUSTERED,PLEOMORPHIC,./data/CBIS-DDSM/Calc-Training_P_01220_RIGHT_MLO/08-07-2016-DDSM-42743/1.000000-full mammogram images-45323/1-1.dcm,./data/CBIS-DDSM/Calc-Training_P_01220_RIGHT_MLO_1/09-06-2017-DDSM-96906/1.000000-ROI mask images-56663/1-2.dcm,MG,1,malignant,P_01220,right,1,mlo,P_01220_RIGHT_MLO_calcification_1,,,
3276,1,calcification,digitized,2,"[1336, 1432, 2488, 2584]",2,LINEAR,,./data/CBIS-DDSM/Calc-Test_P_01224_RIGHT_CC/08-29-2017-DDSM-19861/1.000000-full mammogram images-42413/1-1.dcm,./data/CBIS-DDSM/Calc-Test_P_01224_RIGHT_CC_1/08-29-2017-DDSM-14193/1.000000-ROI mask images-99177/1-2.dcm,MG,1,benign,P_01224,right,5,cc,P_01224_RIGHT_CC_calcification_1,,,
3337,1,calcification,digitized,2,"[1100, 2096, 2252, 3248]",2,LINEAR,,./data/CBIS-DDSM/Calc-Test_P_01224_RIGHT_MLO/08-29-2017-DDSM-74705/1.000000-full mammogram images-04227/1-1.dcm,./data/CBIS-DDSM/Calc-Test_P_01224_RIGHT_MLO_1/08-29-2017-DDSM-93759/1.000000-ROI mask images-92598/1-2.dcm,MG,1,benign,P_01224,right,5,mlo,P_01224_RIGHT_MLO_calcification_1,,,
3269,1,calcification,digitized,2,"[672, 2428, 1824, 3580]",3,SEGMENTAL,DYSTROPHIC,./data/CBIS-DDSM/Calc-Training_P_01276_LEFT_CC/08-07-2016-DDSM-75226/1.000000-full mammogram images-79691/1-1.dcm,./data/CBIS-DDSM/Calc-Training_P_01276_LEFT_CC_1/09-06-2017-DDSM-45737/1.000000-ROI mask images-52009/1-2.dcm,MG,1,benign,P_01276,left,5,cc,P_01276_LEFT_CC_calcification_1,,,
763,1,calcification,digitized,2,"[720, 2216, 1872, 3368]",3,SEGMENTAL,DYSTROPHIC,./data/CBIS-DDSM/Calc-Training_P_01276_LEFT_MLO/08-07-2016-DDSM-89432/1.000000-full mammogram images-00436/1-1.dcm,./data/CBIS-DDSM/Calc-Training_P_01276_LEFT_MLO_1/09-06-2017-DDSM-32848/1.000000-ROI mask images-98535/1-2.dcm,MG,1,benign,P_01276,left,5,mlo,P_01276_LEFT_MLO_calcification_1,,,
1234,2,calcification,digitized,3,"[2116, 1676, 2936, 2828]",3,SEGMENTAL,PLEOMORPHIC,./data/CBIS-DDSM/Calc-Training_P_01276_RIGHT_CC/08-07-2016-DDSM-11483/1.000000-full mammogram images-55735/1-1.dcm,./data/CBIS-DDSM/Calc-Training_P_01276_RIGHT_CC_2/09-06-2017-DDSM-12704/1.000000-ROI mask images-63152/1-2.dcm,MG,2,benign,P_01276,right,3,cc,P_01276_RIGHT_CC_calcification_2,,,
2266,1,calcification,digitized,4,"[1992, 3072, 2936, 4224]",3,CLUSTERED,AMORPHOUS,./data/CBIS-DDSM/Calc-Training_P_01276_RIGHT_CC/08-07-2016-DDSM-11483/1.000000-full mammogram images-55735/1-1.dcm,./data/CBIS-DDSM/Calc-Training_P_01276_RIGHT_CC_1/09-06-2017-DDSM-06628/1.000000-ROI mask images-79319/1-2.dcm,MG,2,benign,P_01276,right,3,cc,P_01276_RIGHT_CC_calcification_1,,,
215,1,calcification,digitized,4,"[2120, 2384, 2920, 3536]",3,CLUSTERED,AMORPHOUS,./data/CBIS-DDSM/Calc-Training_P_01276_RIGHT_MLO/08-07-2016-DDSM-99462/1.000000-full mammogram images-64944/1-1.dcm,./data/CBIS-DDSM/Calc-Training_P_01276_RIGHT_MLO_1/09-06-2017-DDSM-88227/1.000000-ROI mask images-64123/1-2.dcm,MG,2,benign,P_01276,right,3,mlo,P_01276_RIGHT_MLO_calcification_1,,,
1383,2,calcification,digitized,3,"[2052, 2768, 2920, 3920]",3,SEGMENTAL,PLEOMORPHIC,./data/CBIS-DDSM/Calc-Training_P_01276_RIGHT_MLO/08-07-2016-DDSM-99462/1.000000-full mammogram images-64944/1-1.dcm,./data/CBIS-DDSM/Calc-Training_P_01276_RIGHT_MLO_2/09-06-2017-DDSM-03193/1.000000-ROI mask images-75626/1-2.dcm,MG,2,benign,P_01276,right,3,mlo,P_01276_RIGHT_MLO_calcification_2,,,
27,1,calcification,digitized,4,"[420, 1736, 1572, 2888]",2,REGIONAL,AMORPHOUS,./data/CBIS-DDSM/Calc-Training_P_01313_LEFT_CC/08-07-2016-DDSM-14939/1.000000-full mammogram images-44475/1-1.dcm,./data/CBIS-DDSM/Calc-Training_P_01313_LEFT_CC_1/09-06-2017-DDSM-01561/1.000000-ROI mask images-99131/1-2.dcm,MG,1,malignant,P_01313,left,3,cc,P_01313_LEFT_CC_calcification_1,,,
2887,1,calcification,digitized,4,"[936, 2260, 2088, 3412]",2,REGIONAL,AMORPHOUS,./data/CBIS-DDSM/Calc-Training_P_01313_LEFT_MLO/08-07-2016-DDSM-52059/1.000000-full mammogram images-39592/1-1.dcm,./data/CBIS-DDSM/Calc-Training_P_01313_LEFT_MLO_1/09-06-2017-DDSM-84533/1.000000-ROI mask images-61495/1-2.dcm,MG,1,malignant,P_01313,left,3,mlo,P_01313_LEFT_MLO_calcification_1,,,
306,1,calcification,digitized,4,"[1302, 1396, 2416, 2548]",4,SEGMENTAL,AMORPHOUS,./data/CBIS-DDSM/Calc-Test_P_01353_LEFT_CC/08-29-2017-DDSM-65176/1.000000-full mammogram images-92776/1-1.dcm,./data/CBIS-DDSM/Calc-Test_P_01353_LEFT_CC_1/08-29-2017-DDSM-59563/1.000000-ROI mask images-40774/1-2.dcm,MG,1,benign,P_01353,left,3,cc,P_01353_LEFT_CC_calcification_1,,,
383,1,calcification,digitized,4,"[1217, 1936, 2369, 3088]",4,SEGMENTAL,AMORPHOUS,./data/CBIS-DDSM/Calc-Test_P_01353_LEFT_MLO/08-29-2017-DDSM-24509/1.000000-full mammogram images-26817/1-1.dcm,./data/CBIS-DDSM/Calc-Test_P_01353_LEFT_MLO_1/08-29-2017-DDSM-43689/1.000000-ROI mask images-20141/1-2.dcm,MG,1,benign,P_01353,left,3,mlo,P_01353_LEFT_MLO_calcification_1,,,
2713,1,calcification,digitized,4,"[693, 2192, 1845, 3344]",4,CLUSTERED,AMORPHOUS,./data/CBIS-DDSM/Calc-Training_P_01387_LEFT_CC/08-07-2016-DDSM-18198/1.000000-full mammogram images-09803/1-1.dcm,./data/CBIS-DDSM/Calc-Training_P_01387_LEFT_CC_1/09-06-2017-DDSM-39986/1.000000-ROI mask images-15790/1-2.dcm,MG,1,benign,P_01387,left,2,cc,P_01387_LEFT_CC_calcification_1,,,
2075,1,calcification,digitized,4,"[1015, 3652, 2167, 4804]",4,CLUSTERED,AMORPHOUS,./data/CBIS-DDSM/Calc-Training_P_01387_LEFT_MLO/08-07-2016-DDSM-19325/1.000000-full mammogram images-26193/1-1.dcm,./data/CBIS-DDSM/Calc-Training_P_01387_LEFT_MLO_1/09-06-2017-DDSM-64396/1.000000-ROI mask images-21657/1-2.dcm,MG,1,benign,P_01387,left,2,mlo,P_01387_LEFT_MLO_calcification_1,,,
3332,1,calcification,digitized,4,"[596, 1400, 1748, 2552]",4,CLUSTERED,PLEOMORPHIC,./data/CBIS-DDSM/Calc-Test_P_01414_RIGHT_CC/08-29-2017-DDSM-62051/1.000000-full mammogram images-93404/1-1.dcm,./data/CBIS-DDSM/Calc-Test_P_01414_RIGHT_CC_1/08-29-2017-DDSM-40350/1.000000-ROI mask images-67640/1-2.dcm,MG,1,benign,P_01414,right,4,cc,P_01414_RIGHT_CC_calcification_1,,,
455,1,calcification,digitized,4,"[528, 2756, 1680, 3908]",4,CLUSTERED,PLEOMORPHIC,./data/CBIS-DDSM/Calc-Test_P_01414_RIGHT_MLO/08-29-2017-DDSM-51282/1.000000-full mammogram images-78720/1-1.dcm,./data/CBIS-DDSM/Calc-Test_P_01414_RIGHT_MLO_1/08-29-2017-DDSM-70962/1.000000-ROI mask images-98763/1-2.dcm,MG,1,benign,P_01414,right,4,mlo,P_01414_RIGHT_MLO_calcification_1,,,
2380,1,calcification,digitized,4,"[399, 5522, 1551, 6673]",3,CLUSTERED,PLEOMORPHIC,./data/CBIS-DDSM/Calc-Test_P_01415_RIGHT_MLO/08-29-2017-DDSM-49236/1.000000-full mammogram images-73468/1-1.dcm,./data/CBIS-DDSM/Calc-Test_P_01415_RIGHT_MLO_1/08-29-2017-DDSM-54558/1.000000-ROI mask images-17086/1-2.dcm,MG,1,benign,P_01415,right,3,mlo,P_01415_RIGHT_MLO_calcification_1,,,
1001,1,calcification,digitized,2,"[200, 496, 1352, 1648]",4,DIFFUSELY_SCATTERED,ROUND_AND_REGULAR-LUCENT_CENTER-PUNCTATE,./data/CBIS-DDSM/Calc-Training_P_01437_LEFT_CC/08-07-2016-DDSM-06269/1.000000-full mammogram images-26717/1-1.dcm,./data/CBIS-DDSM/Calc-Training_P_01437_LEFT_CC_1/09-06-2017-DDSM-30776/1.000000-ROI mask images-59186/1-2.dcm,MG,6,benign,P_01437,left,5,cc,P_01437_LEFT_CC_calcification_1,,,
1086,5,calcification,digitized,2,"[0, 1732, 1140, 2884]",4,DIFFUSELY_SCATTERED,ROUND_AND_REGULAR-LUCENT_CENTER-PUNCTATE,./data/CBIS-DDSM/Calc-Training_P_01437_LEFT_CC/08-07-2016-DDSM-06269/1.000000-full mammogram images-26717/1-1.dcm,./data/CBIS-DDSM/Calc-Training_P_01437_LEFT_CC_5/09-06-2017-DDSM-29585/1.000000-ROI mask images-24051/1-2.dcm,MG,6,benign,P_01437,left,5,cc,P_01437_LEFT_CC_calcification_5,,,
1483,4,calcification,digitized,2,"[0, 1464, 1020, 2616]",4,DIFFUSELY_SCATTERED,ROUND_AND_REGULAR-LUCENT_CENTER-PUNCTATE,./data/CBIS-DDSM/Calc-Training_P_01437_LEFT_CC/08-07-2016-DDSM-06269/1.000000-full mammogram images-26717/1-1.dcm,./data/CBIS-DDSM/Calc-Training_P_01437_LEFT_CC_4/09-06-2017-DDSM-05486/1.000000-ROI mask images-61893/1-2.dcm,MG,6,benign,P_01437,left,5,cc,P_01437_LEFT_CC_calcification_4,,,
1610,6,calcification,digitized,2,"[424, 1868, 1576, 3020]",4,DIFFUSELY_SCATTERED,ROUND_AND_REGULAR-LUCENT_CENTER-PUNCTATE,./data/CBIS-DDSM/Calc-Training_P_01437_LEFT_CC/08-07-2016-DDSM-06269/1.000000-full mammogram images-26717/1-1.dcm,./data/CBIS-DDSM/Calc-Training_P_01437_LEFT_CC_6/09-06-2017-DDSM-05920/1.000000-ROI mask images-21311/1-2.dcm,MG,6,benign,P_01437,left,5,cc,P_01437_LEFT_CC_calcification_6,,,
3037,2,calcification,digitized,2,"[120, 716, 1272, 1868]",4,DIFFUSELY_SCATTERED,ROUND_AND_REGULAR-LUCENT_CENTER-PUNCTATE,./data/CBIS-DDSM/Calc-Training_P_01437_LEFT_CC/08-07-2016-DDSM-06269/1.000000-full mammogram images-26717/1-1.dcm,./data/CBIS-DDSM/Calc-Training_P_01437_LEFT_CC_2/09-06-2017-DDSM-95450/1.000000-ROI mask images-78625/1-2.dcm,MG,6,benign,P_01437,left,5,cc,P_01437_LEFT_CC_calcification_2,,,
3453,3,calcification,digitized,2,"[0, 1136, 940, 2288]",4,DIFFUSELY_SCATTERED,ROUND_AND_REGULAR-LUCENT_CENTER-PUNCTATE,./data/CBIS-DDSM/Calc-Training_P_01437_LEFT_CC/08-07-2016-DDSM-06269/1.000000-full mammogram images-26717/1-1.dcm,./data/CBIS-DDSM/Calc-Training_P_01437_LEFT_CC_3/09-06-2017-DDSM-40188/1.000000-ROI mask images-71745/1-2.dcm,MG,6,benign,P_01437,left,5,cc,P_01437_LEFT_CC_calcification_3,,,
426,5,calcification,digitized,2,"[160, 2100, 1312, 3252]",4,DIFFUSELY_SCATTERED,ROUND_AND_REGULAR-LUCENT_CENTER-PUNCTATE,./data/CBIS-DDSM/Calc-Training_P_01437_LEFT_MLO/08-07-2016-DDSM-11227/1.000000-full mammogram images-99995/1-1.dcm,./data/CBIS-DDSM/Calc-Training_P_01437_LEFT_MLO_5/09-06-2017-DDSM-24379/1.000000-ROI mask images-77481/1-2.dcm,MG,6,benign,P_01437,left,5,mlo,P_01437_LEFT_MLO_calcification_5,,,
799,4,calcification,digitized,2,"[216, 1808, 1368, 2960]",4,DIFFUSELY_SCATTERED,ROUND_AND_REGULAR-LUCENT_CENTER-PUNCTATE,./data/CBIS-DDSM/Calc-Training_P_01437_LEFT_MLO/08-07-2016-DDSM-11227/1.000000-full mammogram images-99995/1-1.dcm,./data/CBIS-DDSM/Calc-Training_P_01437_LEFT_MLO_4/09-06-2017-DDSM-79504/1.000000-ROI mask images-65316/1-2.dcm,MG,6,benign,P_01437,left,5,mlo,P_01437_LEFT_MLO_calcification_4,,,
1390,3,calcification,digitized,2,"[224, 1424, 1376, 2576]",4,DIFFUSELY_SCATTERED,ROUND_AND_REGULAR-LUCENT_CENTER-PUNCTATE,./data/CBIS-DDSM/Calc-Training_P_01437_LEFT_MLO/08-07-2016-DDSM-11227/1.000000-full mammogram images-99995/1-1.dcm,./data/CBIS-DDSM/Calc-Training_P_01437_LEFT_MLO_3/09-06-2017-DDSM-16605/1.000000-ROI mask images-34543/1-2.dcm,MG,6,benign,P_01437,left,5,mlo,P_01437_LEFT_MLO_calcification_3,,,
1552,2,calcification,digitized,2,"[332, 1388, 1484, 2540]",4,DIFFUSELY_SCATTERED,ROUND_AND_REGULAR-LUCENT_CENTER-PUNCTATE,./data/CBIS-DDSM/Calc-Training_P_01437_LEFT_MLO/08-07-2016-DDSM-11227/1.000000-full mammogram images-99995/1-1.dcm,./data/CBIS-DDSM/Calc-Training_P_01437_LEFT_MLO_2/09-06-2017-DDSM-27347/1.000000-ROI mask images-13565/1-2.dcm,MG,6,benign,P_01437,left,5,mlo,P_01437_LEFT_MLO_calcification_2,,,
2037,1,calcification,digitized,2,"[1272, 1052, 2424, 2204]",4,DIFFUSELY_SCATTERED,ROUND_AND_REGULAR-LUCENT_CENTER-PUNCTATE,./data/CBIS-DDSM/Calc-Training_P_01437_LEFT_MLO/08-07-2016-DDSM-11227/1.000000-full mammogram images-99995/1-1.dcm,./data/CBIS-DDSM/Calc-Training_P_01437_LEFT_MLO_1/09-06-2017-DDSM-57079/1.000000-ROI mask images-23485/1-2.dcm,MG,6,benign,P_01437,left,5,mlo,P_01437_LEFT_MLO_calcification_1,,,
3547,6,calcification,digitized,2,"[296, 2404, 1448, 3556]",4,DIFFUSELY_SCATTERED,ROUND_AND_REGULAR-LUCENT_CENTER-PUNCTATE,./data/CBIS-DDSM/Calc-Training_P_01437_LEFT_MLO/08-07-2016-DDSM-11227/1.000000-full mammogram images-99995/1-1.dcm,./data/CBIS-DDSM/Calc-Training_P_01437_LEFT_MLO_6/09-06-2017-DDSM-78012/1.000000-ROI mask images-25806/1-2.dcm,MG,6,benign,P_01437,left,5,mlo,P_01437_LEFT_MLO_calcification_6,,,
93,1,calcification,digitized,2,"[736, 1120, 1888, 2272]",4,DIFFUSELY_SCATTERED,ROUND_AND_REGULAR-LUCENT_CENTER-PUNCTATE,./data/CBIS-DDSM/Calc-Training_P_01437_RIGHT_CC/08-07-2016-DDSM-44708/1.000000-full mammogram images-22364/1-1.dcm,./data/CBIS-DDSM/Calc-Training_P_01437_RIGHT_CC_1/09-06-2017-DDSM-63435/1.000000-ROI mask images-62102/1-2.dcm,MG,6,benign,P_01437,right,5,cc,P_01437_RIGHT_CC_calcification_1,,,
349,2,calcification,digitized,2,"[776, 1328, 1928, 2480]",4,DIFFUSELY_SCATTERED,ROUND_AND_REGULAR-LUCENT_CENTER-PUNCTATE,./data/CBIS-DDSM/Calc-Training_P_01437_RIGHT_CC/08-07-2016-DDSM-44708/1.000000-full mammogram images-22364/1-1.dcm,./data/CBIS-DDSM/Calc-Training_P_01437_RIGHT_CC_2/09-06-2017-DDSM-20632/1.000000-ROI mask images-29367/1-2.dcm,MG,6,benign,P_01437,right,5,cc,P_01437_RIGHT_CC_calcification_2,,,
1152,4,calcification,digitized,2,"[1980, 756, 3008, 1907]",4,DIFFUSELY_SCATTERED,ROUND_AND_REGULAR-LUCENT_CENTER-PUNCTATE,./data/CBIS-DDSM/Calc-Training_P_01437_RIGHT_CC/08-07-2016-DDSM-44708/1.000000-full mammogram images-22364/1-1.dcm,./data/CBIS-DDSM/Calc-Training_P_01437_RIGHT_CC_4/09-06-2017-DDSM-56474/1.000000-ROI mask images-38567/1-2.dcm,MG,6,benign,P_01437,right,5,cc,P_01437_RIGHT_CC_calcification_4,,,
2371,5,calcification,digitized,2,"[1040, 1932, 2192, 3084]",4,DIFFUSELY_SCATTERED,ROUND_AND_REGULAR-LUCENT_CENTER-PUNCTATE,./data/CBIS-DDSM/Calc-Training_P_01437_RIGHT_CC/08-07-2016-DDSM-44708/1.000000-full mammogram images-22364/1-1.dcm,./data/CBIS-DDSM/Calc-Training_P_01437_RIGHT_CC_5/09-06-2017-DDSM-92944/1.000000-ROI mask images-08265/1-2.dcm,MG,6,benign,P_01437,right,5,cc,P_01437_RIGHT_CC_calcification_5,,,
2724,3,calcification,digitized,2,"[1476, 1532, 2628, 2684]",4,DIFFUSELY_SCATTERED,ROUND_AND_REGULAR-LUCENT_CENTER-PUNCTATE,./data/CBIS-DDSM/Calc-Training_P_01437_RIGHT_CC/08-07-2016-DDSM-44708/1.000000-full mammogram images-22364/1-1.dcm,./data/CBIS-DDSM/Calc-Training_P_01437_RIGHT_CC_3/09-06-2017-DDSM-09023/1.000000-ROI mask images-30975/1-2.dcm,MG,6,benign,P_01437,right,5,cc,P_01437_RIGHT_CC_calcification_3,,,
3157,6,calcification,digitized,2,"[840, 2300, 1992, 3452]",4,DIFFUSELY_SCATTERED,ROUND_AND_REGULAR-LUCENT_CENTER-PUNCTATE,./data/CBIS-DDSM/Calc-Training_P_01437_RIGHT_CC/08-07-2016-DDSM-44708/1.000000-full mammogram images-22364/1-1.dcm,./data/CBIS-DDSM/Calc-Training_P_01437_RIGHT_CC_6/09-06-2017-DDSM-98956/1.000000-ROI mask images-16266/1-2.dcm,MG,6,benign,P_01437,right,5,cc,P_01437_RIGHT_CC_calcification_6,,,
1165,2,calcification,digitized,2,"[720, 1748, 1872, 2900]",4,DIFFUSELY_SCATTERED,ROUND_AND_REGULAR-LUCENT_CENTER-PUNCTATE,./data/CBIS-DDSM/Calc-Training_P_01437_RIGHT_MLO/08-07-2016-DDSM-90845/1.000000-full mammogram images-35502/1-1.dcm,./data/CBIS-DDSM/Calc-Training_P_01437_RIGHT_MLO_2/09-06-2017-DDSM-52819/1.000000-ROI mask images-57612/1-2.dcm,MG,6,benign,P_01437,right,5,mlo,P_01437_RIGHT_MLO_calcification_2,,,
1443,3,calcification,digitized,2,"[588, 1756, 1740, 2908]",4,DIFFUSELY_SCATTERED,ROUND_AND_REGULAR-LUCENT_CENTER-PUNCTATE,./data/CBIS-DDSM/Calc-Training_P_01437_RIGHT_MLO/08-07-2016-DDSM-90845/1.000000-full mammogram images-35502/1-1.dcm,./data/CBIS-DDSM/Calc-Training_P_01437_RIGHT_MLO_3/09-06-2017-DDSM-33628/1.000000-ROI mask images-09459/1-2.dcm,MG,6,benign,P_01437,right,5,mlo,P_01437_RIGHT_MLO_calcification_3,,,
2558,1,calcification,digitized,2,"[1368, 396, 2520, 1548]",4,DIFFUSELY_SCATTERED,ROUND_AND_REGULAR-LUCENT_CENTER-PUNCTATE,./data/CBIS-DDSM/Calc-Training_P_01437_RIGHT_MLO/08-07-2016-DDSM-90845/1.000000-full mammogram images-35502/1-1.dcm,./data/CBIS-DDSM/Calc-Training_P_01437_RIGHT_MLO_1/09-06-2017-DDSM-43010/1.000000-ROI mask images-27149/1-2.dcm,MG,6,benign,P_01437,right,5,mlo,P_01437_RIGHT_MLO_calcification_1,,,
3041,4,calcification,digitized,2,"[1192, 1712, 2344, 2864]",4,DIFFUSELY_SCATTERED,ROUND_AND_REGULAR-LUCENT_CENTER-PUNCTATE,./data/CBIS-DDSM/Calc-Training_P_01437_RIGHT_MLO/08-07-2016-DDSM-90845/1.000000-full mammogram images-35502/1-1.dcm,./data/CBIS-DDSM/Calc-Training_P_01437_RIGHT_MLO_4/09-06-2017-DDSM-70183/1.000000-ROI mask images-03309/1-2.dcm,MG,6,benign,P_01437,right,5,mlo,P_01437_RIGHT_MLO_calcification_4,,,
3273,5,calcification,digitized,2,"[832, 2164, 1984, 3316]",4,DIFFUSELY_SCATTERED,ROUND_AND_REGULAR-LUCENT_CENTER-PUNCTATE,./data/CBIS-DDSM/Calc-Training_P_01437_RIGHT_MLO/08-07-2016-DDSM-90845/1.000000-full mammogram images-35502/1-1.dcm,./data/CBIS-DDSM/Calc-Training_P_01437_RIGHT_MLO_5/09-06-2017-DDSM-48553/1.000000-ROI mask images-71694/1-2.dcm,MG,6,benign,P_01437,right,5,mlo,P_01437_RIGHT_MLO_calcification_5,,,
3382,6,calcification,digitized,2,"[664, 2388, 1816, 3540]",4,DIFFUSELY_SCATTERED,ROUND_AND_REGULAR-LUCENT_CENTER-PUNCTATE,./data/CBIS-DDSM/Calc-Training_P_01437_RIGHT_MLO/08-07-2016-DDSM-90845/1.000000-full mammogram images-35502/1-1.dcm,./data/CBIS-DDSM/Calc-Training_P_01437_RIGHT_MLO_6/09-06-2017-DDSM-08541/1.000000-ROI mask images-07581/1-2.dcm,MG,6,benign,P_01437,right,5,mlo,P_01437_RIGHT_MLO_calcification_6,,,
812,1,calcification,digitized,2,"[1008, 1724, 2160, 2876]",3,,COARSE-LUCENT_CENTER,./data/CBIS-DDSM/Calc-Training_P_01440_LEFT_CC/08-07-2016-DDSM-35636/1.000000-full mammogram images-66129/1-1.dcm,./data/CBIS-DDSM/Calc-Training_P_01440_LEFT_CC_1/09-06-2017-DDSM-47630/1.000000-ROI mask images-57774/1-2.dcm,MG,1,benign,P_01440,left,3,cc,P_01440_LEFT_CC_calcification_1,,,
1260,1,calcification,digitized,2,"[1088, 2368, 2240, 3520]",3,,COARSE-LUCENT_CENTER,./data/CBIS-DDSM/Calc-Training_P_01440_LEFT_MLO/08-07-2016-DDSM-75636/1.000000-full mammogram images-09710/1-1.dcm,./data/CBIS-DDSM/Calc-Training_P_01440_LEFT_MLO_1/09-06-2017-DDSM-68606/1.000000-ROI mask images-50289/1-2.dcm,MG,1,benign,P_01440,left,3,mlo,P_01440_LEFT_MLO_calcification_1,,,
1461,2,calcification,digitized,2,"[1052, 2284, 2204, 3436]",3,,COARSE,./data/CBIS-DDSM/Calc-Training_P_01440_RIGHT_CC/08-07-2016-DDSM-56151/1.000000-full mammogram images-58141/1-1.dcm,./data/CBIS-DDSM/Calc-Training_P_01440_RIGHT_CC_2/09-06-2017-DDSM-65758/1.000000-ROI mask images-66985/1-2.dcm,MG,2,benign,P_01440,right,5,cc,P_01440_RIGHT_CC_calcification_2,,,
2255,1,calcification,digitized,2,"[884, 2252, 2036, 3404]",3,,COARSE,./data/CBIS-DDSM/Calc-Training_P_01440_RIGHT_CC/08-07-2016-DDSM-56151/1.000000-full mammogram images-58141/1-1.dcm,./data/CBIS-DDSM/Calc-Training_P_01440_RIGHT_CC_1/09-06-2017-DDSM-25119/1.000000-ROI mask images-79777/1-2.dcm,MG,2,benign,P_01440,right,5,cc,P_01440_RIGHT_CC_calcification_1,,,
181,2,calcification,digitized,2,"[924, 2880, 2076, 4032]",3,,COARSE,./data/CBIS-DDSM/Calc-Training_P_01440_RIGHT_MLO/08-07-2016-DDSM-53761/1.000000-full mammogram images-32363/1-1.dcm,./data/CBIS-DDSM/Calc-Training_P_01440_RIGHT_MLO_2/09-06-2017-DDSM-07910/1.000000-ROI mask images-02226/1-2.dcm,MG,2,benign,P_01440,right,4,mlo,P_01440_RIGHT_MLO_calcification_2,,,
218,1,calcification,digitized,2,"[656, 2692, 1808, 3844]",3,,COARSE,./data/CBIS-DDSM/Calc-Training_P_01440_RIGHT_MLO/08-07-2016-DDSM-53761/1.000000-full mammogram images-32363/1-1.dcm,./data/CBIS-DDSM/Calc-Training_P_01440_RIGHT_MLO_1/09-06-2017-DDSM-27832/1.000000-ROI mask images-71679/1-2.dcm,MG,2,benign,P_01440,right,4,mlo,P_01440_RIGHT_MLO_calcification_1,,,
240,1,calcification,digitized,4,"[968, 2832, 2120, 3984]",1,CLUSTERED,PLEOMORPHIC,./data/CBIS-DDSM/Calc-Training_P_01451_RIGHT_CC/08-07-2016-DDSM-51026/1.000000-full mammogram images-48361/1-1.dcm,./data/CBIS-DDSM/Calc-Training_P_01451_RIGHT_CC_1/09-06-2017-DDSM-89332/1.000000-ROI mask images-88292/1-2.dcm,MG,1,benign,P_01451,right,4,cc,P_01451_RIGHT_CC_calcification_1,,,
767,1,calcification,digitized,4,"[2268, 2696, 3420, 3848]",1,CLUSTERED,PLEOMORPHIC,./data/CBIS-DDSM/Calc-Training_P_01451_RIGHT_MLO/08-07-2016-DDSM-82006/1.000000-full mammogram images-45813/1-1.dcm,./data/CBIS-DDSM/Calc-Training_P_01451_RIGHT_MLO_1/09-06-2017-DDSM-33478/1.000000-ROI mask images-95438/1-2.dcm,MG,1,benign,P_01451,right,4,mlo,P_01451_RIGHT_MLO_calcification_1,,,
2808,1,calcification,digitized,3,"[252, 1592, 1404, 2744]",3,CLUSTERED,DYSTROPHIC,./data/CBIS-DDSM/Calc-Training_P_01458_LEFT_CC/08-07-2016-DDSM-32558/1.000000-full mammogram images-32474/1-1.dcm,./data/CBIS-DDSM/Calc-Training_P_01458_LEFT_CC_1/09-06-2017-DDSM-80170/1.000000-ROI mask images-72967/1-2.dcm,MG,1,benign,P_01458,left,5,cc,P_01458_LEFT_CC_calcification_1,,,
1840,1,calcification,digitized,3,"[484, 1992, 1636, 3144]",3,CLUSTERED,DYSTROPHIC,./data/CBIS-DDSM/Calc-Training_P_01458_LEFT_MLO/08-07-2016-DDSM-15234/1.000000-full mammogram images-46188/1-1.dcm,./data/CBIS-DDSM/Calc-Training_P_01458_LEFT_MLO_1/09-06-2017-DDSM-22252/1.000000-ROI mask images-12369/1-2.dcm,MG,1,benign,P_01458,left,5,mlo,P_01458_LEFT_MLO_calcification_1,,,
1475,1,calcification,digitized,5,"[576, 2284, 1727, 3436]",3,CLUSTERED,PLEOMORPHIC,./data/CBIS-DDSM/Calc-Training_P_01545_RIGHT_CC/08-07-2016-DDSM-12427/1.000000-full mammogram images-77430/1-1.dcm,./data/CBIS-DDSM/Calc-Training_P_01545_RIGHT_CC_1/09-06-2017-DDSM-94148/1.000000-ROI mask images-81604/1-2.dcm,MG,1,malignant,P_01545,right,4,cc,P_01545_RIGHT_CC_calcification_1,,,
154,1,calcification,digitized,5,"[421, 4010, 1573, 5162]",3,CLUSTERED,PLEOMORPHIC,./data/CBIS-DDSM/Calc-Training_P_01545_RIGHT_MLO/08-07-2016-DDSM-17946/1.000000-full mammogram images-40058/1-1.dcm,./data/CBIS-DDSM/Calc-Training_P_01545_RIGHT_MLO_1/09-06-2017-DDSM-26790/1.000000-ROI mask images-98396/1-2.dcm,MG,1,malignant,P_01545,right,4,mlo,P_01545_RIGHT_MLO_calcification_1,,,
851,1,calcification,digitized,4,"[856, 1392, 2008, 2544]",3,CLUSTERED,PUNCTATE-PLEOMORPHIC,./data/CBIS-DDSM/Calc-Training_P_01566_LEFT_CC/08-07-2016-DDSM-39541/1.000000-full mammogram images-01798/1-1.dcm,./data/CBIS-DDSM/Calc-Training_P_01566_LEFT_CC_1/09-06-2017-DDSM-57797/1.000000-ROI mask images-29728/1-2.dcm,MG,1,benign,P_01566,left,3,cc,P_01566_LEFT_CC_calcification_1,,,
562,1,calcification,digitized,4,"[1032, 1900, 2184, 3052]",3,CLUSTERED,PLEOMORPHIC,./data/CBIS-DDSM/Calc-Training_P_01566_LEFT_MLO/08-07-2016-DDSM-40854/1.000000-full mammogram images-57483/1-1.dcm,./data/CBIS-DDSM/Calc-Training_P_01566_LEFT_MLO_1/09-06-2017-DDSM-32320/1.000000-ROI mask images-91007/1-2.dcm,MG,1,benign,P_01566,left,3,mlo,P_01566_LEFT_MLO_calcification_1,,,
1339,1,calcification,digitized,4,"[1084, 2852, 2236, 4004]",2,LINEAR,PLEOMORPHIC,./data/CBIS-DDSM/Calc-Training_P_01596_LEFT_CC/08-07-2016-DDSM-44180/1.000000-full mammogram images-44331/1-1.dcm,./data/CBIS-DDSM/Calc-Training_P_01596_LEFT_CC_1/09-06-2017-DDSM-37041/1.000000-ROI mask images-32186/1-2.dcm,MG,1,malignant,P_01596,left,4,cc,P_01596_LEFT_CC_calcification_1,,,
1007,1,calcification,digitized,4,"[878, 2960, 2030, 4112]",2,LINEAR,PLEOMORPHIC,./data/CBIS-DDSM/Calc-Training_P_01596_LEFT_MLO/08-07-2016-DDSM-61354/1.000000-full mammogram images-59410/1-1.dcm,./data/CBIS-DDSM/Calc-Training_P_01596_LEFT_MLO_1/09-06-2017-DDSM-03324/1.000000-ROI mask images-69885/1-2.dcm,MG,1,malignant,P_01596,left,4,mlo,P_01596_LEFT_MLO_calcification_1,,,
1507,1,calcification,digitized,4,"[243, 1870, 1395, 3022]",4,CLUSTERED,PLEOMORPHIC,./data/CBIS-DDSM/Calc-Training_P_01609_LEFT_CC/08-07-2016-DDSM-13230/1.000000-full mammogram images-65580/1-1.dcm,./data/CBIS-DDSM/Calc-Training_P_01609_LEFT_CC_1/09-06-2017-DDSM-95314/1.000000-ROI mask images-42253/1-2.dcm,MG,1,benign,P_01609,left,1,cc,P_01609_LEFT_CC_calcification_1,,,
1811,1,calcification,digitized,4,"[506, 2340, 1658, 3492]",4,CLUSTERED,PLEOMORPHIC,./data/CBIS-DDSM/Calc-Training_P_01609_LEFT_MLO/08-07-2016-DDSM-16286/1.000000-full mammogram images-94966/1-1.dcm,./data/CBIS-DDSM/Calc-Training_P_01609_LEFT_MLO_1/09-06-2017-DDSM-94098/1.000000-ROI mask images-82547/1-2.dcm,MG,1,benign,P_01609,left,1,mlo,P_01609_LEFT_MLO_calcification_1,,,
3342,1,calcification,digitized,4,"[768, 1713, 1920, 2865]",4,SEGMENTAL,AMORPHOUS,./data/CBIS-DDSM/Calc-Training_P_01616_RIGHT_CC/08-07-2016-DDSM-51455/1.000000-full mammogram images-63546/1-1.dcm,./data/CBIS-DDSM/Calc-Training_P_01616_RIGHT_CC_1/09-06-2017-DDSM-97515/1.000000-ROI mask images-54407/1-2.dcm,MG,1,benign,P_01616,right,3,cc,P_01616_RIGHT_CC_calcification_1,,,
1872,1,calcification,digitized,4,"[1156, 2744, 2308, 3896]",4,SEGMENTAL,AMORPHOUS,./data/CBIS-DDSM/Calc-Training_P_01616_RIGHT_MLO/08-07-2016-DDSM-32172/1.000000-full mammogram images-13327/1-1.dcm,./data/CBIS-DDSM/Calc-Training_P_01616_RIGHT_MLO_1/09-06-2017-DDSM-84588/1.000000-ROI mask images-82625/1-2.dcm,MG,1,benign,P_01616,right,3,mlo,P_01616_RIGHT_MLO_calcification_1,,,
2090,1,calcification,digitized,4,"[0, 1840, 964, 2992]",3,CLUSTERED-LINEAR,PUNCTATE-AMORPHOUS,./data/CBIS-DDSM/Calc-Training_P_01629_LEFT_CC/08-07-2016-DDSM-49899/1.000000-full mammogram images-90234/1-1.dcm,./data/CBIS-DDSM/Calc-Training_P_01629_LEFT_CC_1/09-06-2017-DDSM-24445/1.000000-ROI mask images-60089/1-2.dcm,MG,1,benign,P_01629,left,3,cc,P_01629_LEFT_CC_calcification_1,,,
371,1,calcification,digitized,4,"[0, 2132, 1116, 3284]",3,CLUSTERED,PUNCTATE-AMORPHOUS,./data/CBIS-DDSM/Calc-Training_P_01629_LEFT_MLO/08-07-2016-DDSM-83514/1.000000-full mammogram images-25688/1-1.dcm,./data/CBIS-DDSM/Calc-Training_P_01629_LEFT_MLO_1/09-06-2017-DDSM-14741/1.000000-ROI mask images-07560/1-2.dcm,MG,1,benign,P_01629,left,3,mlo,P_01629_LEFT_MLO_calcification_1,,,
1350,1,calcification,digitized,4,"[596, 1564, 1748, 2716]",3,CLUSTERED,PLEOMORPHIC,./data/CBIS-DDSM/Calc-Training_P_01655_RIGHT_CC/08-07-2016-DDSM-55740/1.000000-full mammogram images-54000/1-1.dcm,./data/CBIS-DDSM/Calc-Training_P_01655_RIGHT_CC_1/09-06-2017-DDSM-01799/1.000000-ROI mask images-69762/1-2.dcm,MG,1,malignant,P_01655,right,1,cc,P_01655_RIGHT_CC_calcification_1,,,
2213,1,calcification,digitized,4,"[872, 2804, 2024, 3956]",3,CLUSTERED,PLEOMORPHIC,./data/CBIS-DDSM/Calc-Training_P_01655_RIGHT_MLO/08-07-2016-DDSM-75820/1.000000-full mammogram images-77858/1-1.dcm,./data/CBIS-DDSM/Calc-Training_P_01655_RIGHT_MLO_1/09-06-2017-DDSM-42063/1.000000-ROI mask images-91576/1-2.dcm,MG,1,malignant,P_01655,right,1,mlo,P_01655_RIGHT_MLO_calcification_1,,,
1550,1,calcification,digitized,4,"[956, 2148, 2108, 3300]",4,SEGMENTAL,PUNCTATE,./data/CBIS-DDSM/Calc-Training_P_01659_LEFT_CC/08-07-2016-DDSM-24757/1.000000-full mammogram images-00390/1-1.dcm,./data/CBIS-DDSM/Calc-Training_P_01659_LEFT_CC_1/09-06-2017-DDSM-80577/1.000000-ROI mask images-90853/1-2.dcm,MG,1,malignant,P_01659,left,2,cc,P_01659_LEFT_CC_calcification_1,,,
748,1,calcification,digitized,4,"[753, 2240, 1905, 3392]",4,SEGMENTAL,PUNCTATE,./data/CBIS-DDSM/Calc-Training_P_01659_LEFT_MLO/08-07-2016-DDSM-51364/1.000000-full mammogram images-58297/1-1.dcm,./data/CBIS-DDSM/Calc-Training_P_01659_LEFT_MLO_1/09-06-2017-DDSM-00614/1.000000-ROI mask images-94073/1-2.dcm,MG,1,malignant,P_01659,left,2,mlo,P_01659_LEFT_MLO_calcification_1,,,
1517,1,calcification,digitized,4,"[1744, 3168, 2896, 4320]",4,CLUSTERED,DYSTROPHIC,./data/CBIS-DDSM/Calc-Training_P_01678_RIGHT_CC/08-07-2016-DDSM-63063/1.000000-full mammogram images-39590/1-1.dcm,./data/CBIS-DDSM/Calc-Training_P_01678_RIGHT_CC_1/09-06-2017-DDSM-78147/1.000000-ROI mask images-13582/1-2.dcm,MG,1,benign,P_01678,right,5,cc,P_01678_RIGHT_CC_calcification_1,,,
464,1,calcification,digitized,4,"[1960, 3564, 3112, 4716]",4,CLUSTERED,DYSTROPHIC,./data/CBIS-DDSM/Calc-Training_P_01678_RIGHT_MLO/08-07-2016-DDSM-33342/1.000000-full mammogram images-59283/1-1.dcm,./data/CBIS-DDSM/Calc-Training_P_01678_RIGHT_MLO_1/09-06-2017-DDSM-42726/1.000000-ROI mask images-43063/1-2.dcm,MG,1,benign,P_01678,right,5,mlo,P_01678_RIGHT_MLO_calcification_1,,,
3274,1,calcification,digitized,4,"[239, 1684, 1390, 2835]",3,LINEAR,PLEOMORPHIC,./data/CBIS-DDSM/Calc-Training_P_01679_RIGHT_CC/08-07-2016-DDSM-38169/1.000000-full mammogram images-74323/1-1.dcm,./data/CBIS-DDSM/Calc-Training_P_01679_RIGHT_CC_1/09-06-2017-DDSM-22617/1.000000-ROI mask images-11657/1-2.dcm,MG,1,malignant,P_01679,right,1,cc,P_01679_RIGHT_CC_calcification_1,,,
3291,1,calcification,digitized,4,"[851, 2161, 2003, 3313]",3,LINEAR,PLEOMORPHIC,./data/CBIS-DDSM/Calc-Training_P_01679_RIGHT_MLO/08-07-2016-DDSM-21719/1.000000-full mammogram images-34545/1-1.dcm,./data/CBIS-DDSM/Calc-Training_P_01679_RIGHT_MLO_1/09-06-2017-DDSM-36156/1.000000-ROI mask images-80497/1-2.dcm,MG,1,malignant,P_01679,right,1,mlo,P_01679_RIGHT_MLO_calcification_1,,,
1028,1,calcification,digitized,4,"[0, 1518, 1064, 2670]",4,CLUSTERED,AMORPHOUS,./data/CBIS-DDSM/Calc-Test_P_01713_RIGHT_MLO/08-29-2017-DDSM-11404/1.000000-full mammogram images-70372/1-1.dcm,./data/CBIS-DDSM/Calc-Test_P_01713_RIGHT_MLO_1/08-29-2017-DDSM-71032/1.000000-ROI mask images-28974/1-2.dcm,MG,1,benign,P_01713,right,2,mlo,P_01713_RIGHT_MLO_calcification_1,,,
1066,1,calcification,digitized,4,"[331, 1926, 1483, 3078]",4,CLUSTERED,PLEOMORPHIC,./data/CBIS-DDSM/Calc-Training_P_01718_RIGHT_MLO/08-07-2016-DDSM-64276/1.000000-full mammogram images-42743/1-1.dcm,./data/CBIS-DDSM/Calc-Training_P_01718_RIGHT_MLO_1/09-06-2017-DDSM-50648/1.000000-ROI mask images-27097/1-2.dcm,MG,1,malignant,P_01718,right,2,mlo,P_01718_RIGHT_MLO_calcification_1,,,
995,1,calcification,digitized,4,"[628, 1788, 1780, 2940]",3,CLUSTERED,PLEOMORPHIC,./data/CBIS-DDSM/Calc-Training_P_01721_RIGHT_CC/08-07-2016-DDSM-52752/1.000000-full mammogram images-35818/1-1.dcm,./data/CBIS-DDSM/Calc-Training_P_01721_RIGHT_CC_1/09-06-2017-DDSM-36691/1.000000-ROI mask images-87736/1-2.dcm,MG,1,benign,P_01721,right,4,cc,P_01721_RIGHT_CC_calcification_1,,,
13,1,calcification,digitized,4,"[2128, 1788, 3040, 2940]",4,CLUSTERED,PLEOMORPHIC,./data/CBIS-DDSM/Calc-Training_P_01759_RIGHT_CC/08-07-2016-DDSM-06648/1.000000-full mammogram images-04508/1-1.dcm,./data/CBIS-DDSM/Calc-Training_P_01759_RIGHT_CC_1/09-06-2017-DDSM-20020/1.000000-ROI mask images-18295/1-2.dcm,MG,1,benign,P_01759,right,3,cc,P_01759_RIGHT_CC_calcification_1,,,
3168,1,calcification,digitized,4,"[1572, 1520, 2724, 2672]",4,CLUSTERED,PLEOMORPHIC,./data/CBIS-DDSM/Calc-Training_P_01759_RIGHT_MLO/08-07-2016-DDSM-14720/1.000000-full mammogram images-33587/1-1.dcm,./data/CBIS-DDSM/Calc-Training_P_01759_RIGHT_MLO_1/09-06-2017-DDSM-97100/1.000000-ROI mask images-30702/1-2.dcm,MG,1,benign,P_01759,right,3,mlo,P_01759_RIGHT_MLO_calcification_1,,,
3020,1,calcification,digitized,4,"[340, 1236, 1492, 2388]",3,CLUSTERED,PUNCTATE,./data/CBIS-DDSM/Calc-Training_P_01766_LEFT_CC/08-07-2016-DDSM-02676/1.000000-full mammogram images-40061/1-1.dcm,./data/CBIS-DDSM/Calc-Training_P_01766_LEFT_CC_1/09-06-2017-DDSM-97018/1.000000-ROI mask images-61723/1-2.dcm,MG,1,benign,P_01766,left,3,cc,P_01766_LEFT_CC_calcification_1,,,
1850,1,calcification,digitized,4,"[568, 2508, 1720, 3660]",3,CLUSTERED,PUNCTATE,./data/CBIS-DDSM/Calc-Training_P_01766_LEFT_MLO/08-07-2016-DDSM-64012/1.000000-full mammogram images-73112/1-1.dcm,./data/CBIS-DDSM/Calc-Training_P_01766_LEFT_MLO_1/09-06-2017-DDSM-62313/1.000000-ROI mask images-37834/1-2.dcm,MG,1,benign,P_01766,left,3,mlo,P_01766_LEFT_MLO_calcification_1,,,
1619,1,calcification,digitized,4,"[1181, 199, 2026, 1350]",4,CLUSTERED,PLEOMORPHIC,./data/CBIS-DDSM/Calc-Training_P_01818_LEFT_CC/08-07-2016-DDSM-12736/1.000000-full mammogram images-28513/1-1.dcm,./data/CBIS-DDSM/Calc-Training_P_01818_LEFT_CC_1/09-06-2017-DDSM-55034/1.000000-ROI mask images-55842/1-2.dcm,MG,1,malignant,P_01818,left,1,cc,P_01818_LEFT_CC_calcification_1,,,
3355,1,calcification,digitized,4,"[1491, 2081, 2386, 3233]",4,CLUSTERED,PLEOMORPHIC,./data/CBIS-DDSM/Calc-Training_P_01818_LEFT_MLO/08-07-2016-DDSM-76066/1.000000-full mammogram images-04765/1-1.dcm,./data/CBIS-DDSM/Calc-Training_P_01818_LEFT_MLO_1/09-06-2017-DDSM-52108/1.000000-ROI mask images-69808/1-2.dcm,MG,1,malignant,P_01818,left,1,mlo,P_01818_LEFT_MLO_calcification_1,,,
2400,1,calcification,digitized,4,"[669, 1433, 1821, 2585]",4,SEGMENTAL,PLEOMORPHIC,./data/CBIS-DDSM/Calc-Training_P_01839_LEFT_CC/08-07-2016-DDSM-20152/1.000000-full mammogram images-39965/1-1.dcm,./data/CBIS-DDSM/Calc-Training_P_01839_LEFT_CC_1/09-06-2017-DDSM-59057/1.000000-ROI mask images-25872/1-2.dcm,MG,1,malignant,P_01839,left,3,cc,P_01839_LEFT_CC_calcification_1,,,
574,1,calcification,digitized,4,"[617, 2104, 1769, 3256]",4,SEGMENTAL,PLEOMORPHIC,./data/CBIS-DDSM/Calc-Training_P_01839_LEFT_MLO/08-07-2016-DDSM-74473/1.000000-full mammogram images-69544/1-1.dcm,./data/CBIS-DDSM/Calc-Training_P_01839_LEFT_MLO_1/09-06-2017-DDSM-55336/1.000000-ROI mask images-95591/1-2.dcm,MG,1,malignant,P_01839,left,3,mlo,P_01839_LEFT_MLO_calcification_1,,,
996,1,calcification,digitized,4,"[0, 1064, 1100, 2216]",2,CLUSTERED,PLEOMORPHIC,./data/CBIS-DDSM/Calc-Test_P_01845_RIGHT_CC/08-29-2017-DDSM-35797/1.000000-full mammogram images-52246/1-1.dcm,./data/CBIS-DDSM/Calc-Test_P_01845_RIGHT_CC_1/08-29-2017-DDSM-29648/1.000000-ROI mask images-19666/1-2.dcm,MG,2,benign,P_01845,right,2,cc,P_01845_RIGHT_CC_calcification_1,,,
1067,2,calcification,digitized,4,"[240, 1616, 1392, 2768]",2,CLUSTERED,PLEOMORPHIC,./data/CBIS-DDSM/Calc-Test_P_01845_RIGHT_CC/08-29-2017-DDSM-35797/1.000000-full mammogram images-52246/1-1.dcm,./data/CBIS-DDSM/Calc-Test_P_01845_RIGHT_CC_2/08-29-2017-DDSM-40361/1.000000-ROI mask images-40363/1-2.dcm,MG,2,benign,P_01845,right,2,cc,P_01845_RIGHT_CC_calcification_2,,,
2648,1,calcification,digitized,4,"[348, 1800, 1500, 2952]",2,CLUSTERED,PLEOMORPHIC,./data/CBIS-DDSM/Calc-Test_P_01845_RIGHT_MLO/08-29-2017-DDSM-65619/1.000000-full mammogram images-82567/1-1.dcm,./data/CBIS-DDSM/Calc-Test_P_01845_RIGHT_MLO_1/08-29-2017-DDSM-70880/1.000000-ROI mask images-38699/1-2.dcm,MG,2,benign,P_01845,right,2,mlo,P_01845_RIGHT_MLO_calcification_1,,,
3541,2,calcification,digitized,4,"[380, 2284, 1532, 3436]",2,CLUSTERED,PLEOMORPHIC,./data/CBIS-DDSM/Calc-Test_P_01845_RIGHT_MLO/08-29-2017-DDSM-65619/1.000000-full mammogram images-82567/1-1.dcm,./data/CBIS-DDSM/Calc-Test_P_01845_RIGHT_MLO_2/08-29-2017-DDSM-37620/1.000000-ROI mask images-20950/1-2.dcm,MG,2,benign,P_01845,right,2,mlo,P_01845_RIGHT_MLO_calcification_2,,,
847,1,calcification,digitized,2,"[24, 1952, 1176, 3104]",1,,VASCULAR,./data/CBIS-DDSM/Calc-Training_P_01875_LEFT_CC/08-07-2016-DDSM-62336/1.000000-full mammogram images-98641/1-1.dcm,./data/CBIS-DDSM/Calc-Training_P_01875_LEFT_CC_1/09-06-2017-DDSM-81478/1.000000-ROI mask images-05046/1-2.dcm,MG,1,benign,P_01875,left,4,cc,P_01875_LEFT_CC_calcification_1,,,
2699,1,calcification,digitized,2,"[184, 140, 1336, 1292]",1,,VASCULAR,./data/CBIS-DDSM/Calc-Training_P_01875_LEFT_MLO/08-07-2016-DDSM-87860/1.000000-full mammogram images-79711/1-1.dcm,./data/CBIS-DDSM/Calc-Training_P_01875_LEFT_MLO_1/09-06-2017-DDSM-37777/1.000000-ROI mask images-35700/1-2.dcm,MG,1,benign,P_01875,left,4,mlo,P_01875_LEFT_MLO_calcification_1,,,
1189,2,calcification,digitized,2,"[1704, 1520, 2856, 2672]",1,,VASCULAR,./data/CBIS-DDSM/Calc-Training_P_01875_RIGHT_CC/08-07-2016-DDSM-44517/1.000000-full mammogram images-97143/1-1.dcm,./data/CBIS-DDSM/Calc-Training_P_01875_RIGHT_CC_2/09-06-2017-DDSM-12223/1.000000-ROI mask images-76302/1-2.dcm,MG,2,benign,P_01875,right,4,cc,P_01875_RIGHT_CC_calcification_2,,,
1622,1,calcification,digitized,2,"[1792, 728, 2944, 1880]",1,,VASCULAR,./data/CBIS-DDSM/Calc-Training_P_01875_RIGHT_CC/08-07-2016-DDSM-44517/1.000000-full mammogram images-97143/1-1.dcm,./data/CBIS-DDSM/Calc-Training_P_01875_RIGHT_CC_1/09-06-2017-DDSM-33572/1.000000-ROI mask images-92097/1-2.dcm,MG,2,benign,P_01875,right,4,cc,P_01875_RIGHT_CC_calcification_1,,,
895,1,calcification,digitized,2,"[1464, 500, 2616, 1652]",1,,VASCULAR,./data/CBIS-DDSM/Calc-Training_P_01875_RIGHT_MLO/08-07-2016-DDSM-86681/1.000000-full mammogram images-75490/1-1.dcm,./data/CBIS-DDSM/Calc-Training_P_01875_RIGHT_MLO_1/09-06-2017-DDSM-09279/1.000000-ROI mask images-82230/1-2.dcm,MG,1,benign,P_01875,right,4,mlo,P_01875_RIGHT_MLO_calcification_1,,,
2629,1,calcification,digitized,5,"[158, 1518, 1310, 2670]",2,LINEAR,AMORPHOUS,./data/CBIS-DDSM/Calc-Training_P_02105_LEFT_CC/08-07-2016-DDSM-23146/1.000000-full mammogram images-44812/1-1.dcm,./data/CBIS-DDSM/Calc-Training_P_02105_LEFT_CC_1/09-06-2017-DDSM-69624/1.000000-ROI mask images-66239/1-2.dcm,MG,1,malignant,P_02105,left,5,cc,P_02105_LEFT_CC_calcification_1,,,
528,1,calcification,digitized,5,"[478, 1974, 1630, 3126]",2,LINEAR,AMORPHOUS,./data/CBIS-DDSM/Calc-Training_P_02105_LEFT_MLO/08-07-2016-DDSM-76082/1.000000-full mammogram images-18564/1-1.dcm,./data/CBIS-DDSM/Calc-Training_P_02105_LEFT_MLO_1/09-06-2017-DDSM-03256/1.000000-ROI mask images-96134/1-2.dcm,MG,1,malignant,P_02105,left,5,mlo,P_02105_LEFT_MLO_calcification_1,,,
2489,1,calcification,digitized,0,"[0, 1737, 736, 2889]",4,CLUSTERED,PLEOMORPHIC,./data/CBIS-DDSM/Calc-Training_P_02154_LEFT_CC/08-07-2016-DDSM-81185/1.000000-full mammogram images-80388/1-1.dcm,./data/CBIS-DDSM/Calc-Training_P_02154_LEFT_CC_1/09-06-2017-DDSM-95281/1.000000-ROI mask images-97360/1-2.dcm,MG,1,malignant,P_02154,left,3,cc,P_02154_LEFT_CC_calcification_1,,,
923,1,calcification,digitized,0,"[0, 3007, 770, 4159]",4,CLUSTERED,PLEOMORPHIC,./data/CBIS-DDSM/Calc-Training_P_02154_LEFT_MLO/08-07-2016-DDSM-13054/1.000000-full mammogram images-48375/1-1.dcm,./data/CBIS-DDSM/Calc-Training_P_02154_LEFT_MLO_1/09-06-2017-DDSM-19884/1.000000-ROI mask images-06724/1-2.dcm,MG,1,malignant,P_02154,left,3,mlo,P_02154_LEFT_MLO_calcification_1,,,
1709,1,calcification,digitized,3,"[0, 165, 796, 1317]",2,LINEAR,AMORPHOUS,./data/CBIS-DDSM/Calc-Training_P_02218_LEFT_CC/08-07-2016-DDSM-42176/1.000000-full mammogram images-10601/1-1.dcm,./data/CBIS-DDSM/Calc-Training_P_02218_LEFT_CC_1/09-06-2017-DDSM-51272/1.000000-ROI mask images-41545/1-2.dcm,MG,1,malignant,P_02218,left,2,cc,P_02218_LEFT_CC_calcification_1,,,
1703,1,calcification,digitized,3,"[46, 1204, 1198, 2356]",2,LINEAR,AMORPHOUS,./data/CBIS-DDSM/Calc-Training_P_02218_LEFT_MLO/08-07-2016-DDSM-91239/1.000000-full mammogram images-39478/1-1.dcm,./data/CBIS-DDSM/Calc-Training_P_02218_LEFT_MLO_1/09-06-2017-DDSM-28373/1.000000-ROI mask images-32802/1-2.dcm,MG,1,malignant,P_02218,left,2,mlo,P_02218_LEFT_MLO_calcification_1,,,
2006,1,calcification,digitized,0,"[0, 2118, 1016, 3270]",3,CLUSTERED,ROUND_AND_REGULAR-PLEOMORPHIC,./data/CBIS-DDSM/Calc-Training_P_02234_LEFT_CC/08-07-2016-DDSM-69650/1.000000-full mammogram images-99363/1-1.dcm,./data/CBIS-DDSM/Calc-Training_P_02234_LEFT_CC_1/09-06-2017-DDSM-01280/1.000000-ROI mask images-10381/1-2.dcm,MG,1,benign,P_02234,left,3,cc,P_02234_LEFT_CC_calcification_1,,,
2638,1,calcification,digitized,0,"[0, 1036, 876, 2188]",3,CLUSTERED,ROUND_AND_REGULAR-PLEOMORPHIC,./data/CBIS-DDSM/Calc-Training_P_02234_LEFT_MLO/08-07-2016-DDSM-43912/1.000000-full mammogram images-04034/1-1.dcm,./data/CBIS-DDSM/Calc-Training_P_02234_LEFT_MLO_1/09-06-2017-DDSM-07935/1.000000-ROI mask images-76796/1-2.dcm,MG,1,benign,P_02234,left,3,mlo,P_02234_LEFT_MLO_calcification_1,,,
3509,1,calcification,digitized,3,"[978, 2982, 2130, 4134]",1,CLUSTERED,FINE_LINEAR_BRANCHING,./data/CBIS-DDSM/Calc-Training_P_02400_LEFT_CC/08-07-2016-DDSM-88606/1.000000-full mammogram images-86256/1-1.dcm,./data/CBIS-DDSM/Calc-Training_P_02400_LEFT_CC_1/09-06-2017-DDSM-69506/1.000000-ROI mask images-01493/1-2.dcm,MG,1,malignant,P_02400,left,2,cc,P_02400_LEFT_CC_calcification_1,,,
1888,1,calcification,digitized,3,"[1262, 3166, 2414, 4318]",1,CLUSTERED,FINE_LINEAR_BRANCHING,./data/CBIS-DDSM/Calc-Training_P_02400_LEFT_MLO/08-07-2016-DDSM-24916/1.000000-full mammogram images-52119/1-1.dcm,./data/CBIS-DDSM/Calc-Training_P_02400_LEFT_MLO_1/09-06-2017-DDSM-67493/1.000000-ROI mask images-64412/1-2.dcm,MG,1,malignant,P_02400,left,2,mlo,P_02400_LEFT_MLO_calcification_1,,,
2763,1,calcification,digitized,0,"[34, 3035, 1186, 4187]",3,CLUSTERED,PLEOMORPHIC,./data/CBIS-DDSM/Calc-Training_P_02419_LEFT_CC/08-07-2016-DDSM-70322/1.000000-full mammogram images-31456/1-1.dcm,./data/CBIS-DDSM/Calc-Training_P_02419_LEFT_CC_1/09-06-2017-DDSM-64799/1.000000-ROI mask images-23399/1-2.dcm,MG,1,malignant,P_02419,left,4,cc,P_02419_LEFT_CC_calcification_1,,,
2231,1,calcification,digitized,0,"[0, 3350, 982, 4502]",3,CLUSTERED,PLEOMORPHIC,./data/CBIS-DDSM/Calc-Training_P_02419_LEFT_MLO/08-07-2016-DDSM-54686/1.000000-full mammogram images-48037/1-1.dcm,./data/CBIS-DDSM/Calc-Training_P_02419_LEFT_MLO_1/09-06-2017-DDSM-63938/1.000000-ROI mask images-63909/1-2.dcm,MG,1,malignant,P_02419,left,4,mlo,P_02419_LEFT_MLO_calcification_1,,,
3333,1,calcification,digitized,3,"[0, 817, 1040, 1969]",2,CLUSTERED,PUNCTATE,./data/CBIS-DDSM/Calc-Test_P_02432_LEFT_CC/08-29-2017-DDSM-60369/1.000000-full mammogram images-14531/1-1.dcm,./data/CBIS-DDSM/Calc-Test_P_02432_LEFT_CC_1/08-29-2017-DDSM-83523/1.000000-ROI mask images-78407/1-2.dcm,MG,1,malignant,P_02432,left,3,cc,P_02432_LEFT_CC_calcification_1,,,
2234,1,calcification,digitized,3,"[262, 1648, 1414, 2800]",2,CLUSTERED,AMORPHOUS,./data/CBIS-DDSM/Calc-Test_P_02432_LEFT_MLO/08-29-2017-DDSM-31617/1.000000-full mammogram images-87529/1-1.dcm,./data/CBIS-DDSM/Calc-Test_P_02432_LEFT_MLO_1/08-29-2017-DDSM-63022/1.000000-ROI mask images-80183/1-2.dcm,MG,1,malignant,P_02432,left,3,mlo,P_02432_LEFT_MLO_calcification_1,,,
3560,1,calcification,digitized,0,"[0, 1258, 818, 2410]",3,CLUSTERED,ROUND_AND_REGULAR-PLEOMORPHIC,./data/CBIS-DDSM/Calc-Training_P_02434_LEFT_CC/08-07-2016-DDSM-95921/1.000000-full mammogram images-68574/1-1.dcm,./data/CBIS-DDSM/Calc-Training_P_02434_LEFT_CC_1/09-06-2017-DDSM-88038/1.000000-ROI mask images-50185/1-2.dcm,MG,1,benign,P_02434,left,3,cc,P_02434_LEFT_CC_calcification_1,,,
1397,1,calcification,digitized,0,"[0, 2264, 942, 3416]",3,CLUSTERED,ROUND_AND_REGULAR-PLEOMORPHIC,./data/CBIS-DDSM/Calc-Training_P_02434_LEFT_MLO/08-07-2016-DDSM-02987/1.000000-full mammogram images-84942/1-1.dcm,./data/CBIS-DDSM/Calc-Training_P_02434_LEFT_MLO_1/09-06-2017-DDSM-32319/1.000000-ROI mask images-63064/1-2.dcm,MG,1,benign,P_02434,left,3,mlo,P_02434_LEFT_MLO_calcification_1,,,
1138,1,calcification,digitized,5,"[1529, 2143, 2311, 3295]",4,SEGMENTAL,PLEOMORPHIC,./data/CBIS-DDSM/Calc-Training_P_02460_RIGHT_CC/08-07-2016-DDSM-04307/1.000000-full mammogram images-37836/1-1.dcm,./data/CBIS-DDSM/Calc-Training_P_02460_RIGHT_CC_1/09-06-2017-DDSM-82106/1.000000-ROI mask images-26025/1-2.dcm,MG,1,malignant,P_02460,right,5,cc,P_02460_RIGHT_CC_calcification_1,,,
2101,1,calcification,digitized,5,"[921, 1861, 2041, 3013]",4,SEGMENTAL,PLEOMORPHIC,./data/CBIS-DDSM/Calc-Training_P_02460_RIGHT_MLO/08-07-2016-DDSM-37139/1.000000-full mammogram images-79851/1-1.dcm,./data/CBIS-DDSM/Calc-Training_P_02460_RIGHT_MLO_1/09-06-2017-DDSM-41804/1.000000-ROI mask images-22630/1-2.dcm,MG,1,malignant,P_02460,right,5,mlo,P_02460_RIGHT_MLO_calcification_1,,,
1451,1,calcification,digitized,0,"[220, 572, 1372, 1724]",1,CLUSTERED,FINE_LINEAR_BRANCHING,./data/CBIS-DDSM/Calc-Training_P_02475_LEFT_CC/08-07-2016-DDSM-26358/1.000000-full mammogram images-85958/1-1.dcm,./data/CBIS-DDSM/Calc-Training_P_02475_LEFT_CC_1/09-06-2017-DDSM-12990/1.000000-ROI mask images-50699/1-2.dcm,MG,1,malignant,P_02475,left,4,cc,P_02475_LEFT_CC_calcification_1,,,
1798,1,calcification,digitized,0,"[0, 1234, 1076, 2386]",1,CLUSTERED,FINE_LINEAR_BRANCHING,./data/CBIS-DDSM/Calc-Training_P_02475_LEFT_MLO/08-07-2016-DDSM-22682/1.000000-full mammogram images-96853/1-1.dcm,./data/CBIS-DDSM/Calc-Training_P_02475_LEFT_MLO_1/09-06-2017-DDSM-62225/1.000000-ROI mask images-06099/1-2.dcm,MG,1,malignant,P_02475,left,4,mlo,P_02475_LEFT_MLO_calcification_1,,,
