,abnormality idx,abnormality type,acquisition type,assessment score,bbox,breast density,calc distribution,calc morphology,image_file,mask_file,modality,num abnormalities,pathology,patient_id,side,subtlety,view,name,mass margins,mass shape,associated findings
972,1,calcification,digitized,4,"[476, 1084, 1628, 2236]",2,CLUSTERED,PLEOMORPHIC,./data/CBIS-DDSM/Calc-Training_P_00012_LEFT_CC/08-07-2016-DDSM-44292/1.000000-full mammogram images-14995/1-1.dcm,./data/CBIS-DDSM/Calc-Training_P_00012_LEFT_CC_1/09-06-2017-DDSM-68935/1.000000-ROI mask images-76932/1-2.dcm,MG,1,malignant,P_00012,left,4,cc,P_00012_LEFT_CC_calcification_1,,,
3283,1,calcification,digitized,4,"[836, 1648, 1988, 2800]",2,CLUSTERED,PLEOMORPHIC,./data/CBIS-DDSM/Calc-Training_P_00012_LEFT_MLO/08-07-2016-DDSM-83789/1.000000-full mammogram images-47069/1-1.dcm,./data/CBIS-DDSM/Calc-Training_P_00012_LEFT_MLO_1/09-06-2017-DDSM-39399/1.000000-ROI mask images-94265/1-2.dcm,MG,1,malignant,P_00012,left,3,mlo,P_00012_LEFT_MLO_calcification_1,,,
1284,1,calcification,digitized,3,"[2520, 2320, 3672, 3472]",2,CLUSTERED,PLEOMORPHIC,./data/CBIS-DDSM/Calc-Training_P_00071_RIGHT_CC/08-07-2016-DDSM-98655/1.000000-full mammogram images-50674/1-1.dcm,./data/CBIS-DDSM/Calc-Training_P_00071_RIGHT_CC_1/09-06-2017-DDSM-96472/1.000000-ROI mask images-47239/1-2.dcm,MG,1,benign,P_00071,right,3,cc,P_00071_RIGHT_CC_calcification_1,,,
448,1,calcification,digitized,3,"[2024, 2476, 3176, 3628]",2,CLUSTERED,PLEOMORPHIC,./data/CBIS-DDSM/Calc-Training_P_00071_RIGHT_MLO/08-07-2016-DDSM-85378/1.000000-full mammogram images-73776/1-1.dcm,./data/CBIS-DDSM/Calc-Training_P_00071_RIGHT_MLO_1/09-06-2017-DDSM-00898/1.000000-ROI mask images-59762/1-2.dcm,MG,1,benign,P_00071,right,3,mlo,P_00071_RIGHT_MLO_calcification_1,,,
3474,1,calcification,digitized,4,"[0, 1224, 876, 2376]",3,CLUSTERED,PLEOMORPHIC,./data/CBIS-DDSM/Calc-Training_P_00091_LEFT_CC/08-07-2016-DDSM-86230/1.000000-full mammogram images-72143/1-1.dcm,./data/CBIS-DDSM/Calc-Training_P_00091_LEFT_CC_1/09-06-2017-DDSM-70589/1.000000-ROI mask images-05902/1-2.dcm,MG,1,benign,P_00091,left,3,cc,P_00091_LEFT_CC_calcification_1,,,
1186,1,calcification,digitized,4,"[68, 2116, 1220, 3268]",3,CLUSTERED,PLEOMORPHIC,./data/CBIS-DDSM/Calc-Training_P_00091_LEFT_MLO/08-07-2016-DDSM-82150/1.000000-full mammogram images-79039/1-1.dcm,./data/CBIS-DDSM/Calc-Training_P_00091_LEFT_MLO_1/09-06-2017-DDSM-89772/1.000000-ROI mask images-14959/1-2.dcm,MG,1,benign,P_00091,left,4,mlo,P_00091_LEFT_MLO_calcification_1,,,
3051,1,calcification,digitized,4,"[0, 740, 1016, 1892]",4,CLUSTERED,PLEOMORPHIC,./data/CBIS-DDSM/Calc-Test_P_00100_RIGHT_CC/08-29-2017-DDSM-99985/1.000000-full mammogram images-10348/1-1.dcm,./data/CBIS-DDSM/Calc-Test_P_00100_RIGHT_CC_1/08-29-2017-DDSM-29651/1.000000-ROI mask images-97035/1-2.dcm,MG,1,benign,P_00100,right,4,cc,P_00100_RIGHT_CC_calcification_1,,,
182,1,calcification,digitized,4,"[156, 2036, 1308, 3188]",4,CLUSTERED,PLEOMORPHIC,./data/CBIS-DDSM/Calc-Test_P_00100_RIGHT_MLO/08-29-2017-DDSM-80242/1.000000-full mammogram images-61099/1-1.dcm,./data/CBIS-DDSM/Calc-Test_P_00100_RIGHT_MLO_1/08-29-2017-DDSM-16849/1.000000-ROI mask images-04668/1-2.dcm,MG,1,benign,P_00100,right,4,mlo,P_00100_RIGHT_MLO_calcification_1,,,
2501,1,calcification,digitized,4,"[1554, 1676, 2706, 2828]",3,CLUSTERED,PUNCTATE,./data/CBIS-DDSM/Calc-Training_P_00105_LEFT_CC/08-07-2016-DDSM-26739/1.000000-full mammogram images-14222/1-1.dcm,./data/CBIS-DDSM/Calc-Training_P_00105_LEFT_CC_1/09-06-2017-DDSM-57415/1.000000-ROI mask images-94445/1-2.dcm,MG,1,benign,P_00105,left,3,cc,P_00105_LEFT_CC_calcification_1,,,
28,1,calcification,digitized,4,"[1827, 2328, 2979, 3480]",3,CLUSTERED,PUNCTATE,./data/CBIS-DDSM/Calc-Training_P_00105_LEFT_MLO/08-07-2016-DDSM-30902/1.000000-full mammogram images-54770/1-1.dcm,./data/CBIS-DDSM/Calc-Training_P_00105_LEFT_MLO_1/09-06-2017-DDSM-98331/1.000000-ROI mask images-71944/1-2.dcm,MG,1,benign,P_00105,left,3,mlo,P_00105_LEFT_MLO_calcification_1,,,
503,1,calcification,digitized,4,"[124, 1532, 1276, 2684]",3,CLUSTERED,PLEOMORPHIC,./data/CBIS-DDSM/Calc-Training_P_00123_LEFT_CC/08-07-2016-DDSM-72621/1.000000-full mammogram images-12928/1-1.dcm,./data/CBIS-DDSM/Calc-Training_P_00123_LEFT_CC_1/09-06-2017-DDSM-84519/1.000000-ROI mask images-03572/1-2.dcm,MG,1,benign,P_00123,left,3,cc,P_00123_LEFT_CC_calcification_1,,,
564,1,calcification,digitized,4,"[424, 1972, 1576, 3124]",3,CLUSTERED,PLEOMORPHIC,./data/CBIS-DDSM/Calc-Training_P_00123_LEFT_MLO/08-07-2016-DDSM-21236/1.000000-full mammogram images-00154/1-1.dcm,./data/CBIS-DDSM/Calc-Training_P_00123_LEFT_MLO_1/09-06-2017-DDSM-29126/1.000000-ROI mask images-65846/1-2.dcm,MG,1,benign,P_00123,left,3,mlo,P_00123_LEFT_MLO_calcification_1,,,
1679,1,calcification,digitized,4,"[2006, 2292, 3076, 3444]",4,SEGMENTAL,PLEOMORPHIC,./data/CBIS-DDSM/Calc-Training_P_00161_LEFT_MLO/08-07-2016-DDSM-83365/1.000000-full mammogram images-56105/1-1.dcm,./data/CBIS-DDSM/Calc-Training_P_00161_LEFT_MLO_1/09-06-2017-DDSM-84942/1.000000-ROI mask images-98660/1-2.dcm,MG,1,benign,P_00161,left,4,mlo,P_00161_LEFT_MLO_calcification_1,,,
3279,1,calcification,digitized,4,"[1764, 1020, 2824, 2172]",3,CLUSTERED,AMORPHOUS,./data/CBIS-DDSM/Calc-Training_P_00183_RIGHT_MLO/08-07-2016-DDSM-58739/1.000000-full mammogram images-66560/1-1.dcm,./data/CBIS-DDSM/Calc-Training_P_00183_RIGHT_MLO_1/09-06-2017-DDSM-43539/1.000000-ROI mask images-46122/1-2.dcm,MG,1,benign,P_00183,right,3,mlo,P_00183_RIGHT_MLO_calcification_1,,,
3126,1,calcification,digitized,4,"[690, 2534, 1842, 3686]",4,CLUSTERED,PLEOMORPHIC,./data/CBIS-DDSM/Calc-Training_P_00189_LEFT_CC/08-07-2016-DDSM-84343/1.000000-full mammogram images-29766/1-1.dcm,./data/CBIS-DDSM/Calc-Training_P_00189_LEFT_CC_1/09-06-2017-DDSM-45237/1.000000-ROI mask images-53351/1-2.dcm,MG,1,malignant,P_00189,left,2,cc,P_00189_LEFT_CC_calcification_1,,,
2035,1,calcification,digitized,4,"[864, 3624, 2016, 4776]",4,CLUSTERED,PLEOMORPHIC,./data/CBIS-DDSM/Calc-Training_P_00189_LEFT_MLO/08-07-2016-DDSM-81824/1.000000-full mammogram images-43700/1-1.dcm,./data/CBIS-DDSM/Calc-Training_P_00189_LEFT_MLO_1/09-06-2017-DDSM-50711/1.000000-ROI mask images-37519/1-2.dcm,MG,1,malignant,P_00189,left,2,mlo,P_00189_LEFT_MLO_calcification_1,,,
2079,2,calcification,digitized,5,"[2208, 1720, 3360, 2872]",1,CLUSTERED-LINEAR,PLEOMORPHIC,./data/CBIS-DDSM/Calc-Test_P_00202_RIGHT_CC/08-29-2017-DDSM-77641/1.000000-full mammogram images-59093/1-1.dcm,./data/CBIS-DDSM/Calc-Test_P_00202_RIGHT_CC_2/08-29-2017-DDSM-45956/1.000000-ROI mask images-14278/1-2.dcm,MG,1,malignant,P_00202,right,5,cc,P_00202_RIGHT_CC_calcification_2,,,
2335,2,calcification,digitized,5,"[1092, 1884, 2244, 3036]",1,CLUSTERED-LINEAR,PLEOMORPHIC,./data/CBIS-DDSM/Calc-Test_P_00202_RIGHT_MLO/08-29-2017-DDSM-85806/1.000000-full mammogram images-32786/1-1.dcm,./data/CBIS-DDSM/Calc-Test_P_00202_RIGHT_MLO_2/08-29-2017-DDSM-02375/1.000000-ROI mask images-52592/1-2.dcm,MG,1,malignant,P_00202,right,5,mlo,P_00202_RIGHT_MLO_calcification_2,,,
170,2,calcification,digitized,4,"[2736, 3128, 3888, 4280]",3,CLUSTERED,PLEOMORPHIC,./data/CBIS-DDSM/Calc-Training_P_00208_RIGHT_CC/08-07-2016-DDSM-16155/1.000000-full mammogram images-33459/1-1.dcm,./data/CBIS-DDSM/Calc-Training_P_00208_RIGHT_CC_2/09-06-2017-DDSM-35072/1.000000-ROI mask images-00817/1-2.dcm,MG,2,benign,P_00208,right,5,cc,P_00208_RIGHT_CC_calcification_2,,,
2547,1,calcification,digitized,4,"[1804, 1532, 2956, 2684]",3,CLUSTERED,PLEOMORPHIC,./data/CBIS-DDSM/Calc-Training_P_00208_RIGHT_CC/08-07-2016-DDSM-16155/1.000000-full mammogram images-33459/1-1.dcm,./data/CBIS-DDSM/Calc-Training_P_00208_RIGHT_CC_1/09-06-2017-DDSM-10350/1.000000-ROI mask images-93622/1-2.dcm,MG,2,benign,P_00208,right,4,cc,P_00208_RIGHT_CC_calcification_1,,,
1329,2,calcification,digitized,4,"[2060, 3372, 3212, 4524]",3,CLUSTERED,PLEOMORPHIC,./data/CBIS-DDSM/Calc-Training_P_00208_RIGHT_MLO/08-07-2016-DDSM-60729/1.000000-full mammogram images-14759/1-1.dcm,./data/CBIS-DDSM/Calc-Training_P_00208_RIGHT_MLO_2/09-06-2017-DDSM-84605/1.000000-ROI mask images-91724/1-2.dcm,MG,2,benign,P_00208,right,4,mlo,P_00208_RIGHT_MLO_calcification_2,,,
2102,1,calcification,digitized,4,"[1852, 1912, 3004, 3064]",3,CLUSTERED,PLEOMORPHIC,./data/CBIS-DDSM/Calc-Training_P_00208_RIGHT_MLO/08-07-2016-DDSM-60729/1.000000-full mammogram images-14759/1-1.dcm,./data/CBIS-DDSM/Calc-Training_P_00208_RIGHT_MLO_1/09-06-2017-DDSM-44297/1.000000-ROI mask images-83770/1-2.dcm,MG,2,benign,P_00208,right,5,mlo,P_00208_RIGHT_MLO_calcification_1,,,
3406,2,calcification,digitized,4,"[0, 1704, 1128, 2856]",3,CLUSTERED,AMORPHOUS,./data/CBIS-DDSM/Calc-Training_P_00224_LEFT_CC/08-07-2016-DDSM-32339/1.000000-full mammogram images-36735/1-1.dcm,./data/CBIS-DDSM/Calc-Training_P_00224_LEFT_CC_2/09-06-2017-DDSM-06437/1.000000-ROI mask images-28926/1-2.dcm,MG,1,benign,P_00224,left,3,cc,P_00224_LEFT_CC_calcification_2,,,
662,2,calcification,digitized,4,"[0, 2304, 980, 3456]",3,CLUSTERED,AMORPHOUS,./data/CBIS-DDSM/Calc-Training_P_00224_LEFT_MLO/08-07-2016-DDSM-90848/1.000000-full mammogram images-59145/1-1.dcm,./data/CBIS-DDSM/Calc-Training_P_00224_LEFT_MLO_2/09-06-2017-DDSM-04217/1.000000-ROI mask images-92022/1-2.dcm,MG,1,benign,P_00224,left,3,mlo,P_00224_LEFT_MLO_calcification_2,,,
1597,1,calcification,digitized,4,"[0, 1713, 668, 2865]",4,CLUSTERED,PUNCTATE,./data/CBIS-DDSM/Calc-Training_P_00232_RIGHT_CC/08-07-2016-DDSM-85574/1.000000-full mammogram images-17771/1-1.dcm,./data/CBIS-DDSM/Calc-Training_P_00232_RIGHT_CC_1/09-06-2017-DDSM-32958/1.000000-ROI mask images-31129/1-2.dcm,MG,1,malignant,P_00232,right,1,cc,P_00232_RIGHT_CC_calcification_1,,,
3262,1,calcification,digitized,4,"[0, 3620, 812, 4772]",4,CLUSTERED,PUNCTATE,./data/CBIS-DDSM/Calc-Training_P_00232_RIGHT_MLO/08-07-2016-DDSM-88746/1.000000-full mammogram images-77248/1-1.dcm,./data/CBIS-DDSM/Calc-Training_P_00232_RIGHT_MLO_1/09-06-2017-DDSM-70527/1.000000-ROI mask images-10950/1-2.dcm,MG,1,malignant,P_00232,right,1,mlo,P_00232_RIGHT_MLO_calcification_1,,,
968,1,calcification,digitized,4,"[139, 1234, 1290, 2385]",4,CLUSTERED,PUNCTATE,./data/CBIS-DDSM/Calc-Test_P_00244_RIGHT_MLO/08-29-2017-DDSM-12099/1.000000-full mammogram images-12151/1-1.dcm,./data/CBIS-DDSM/Calc-Test_P_00244_RIGHT_MLO_1/08-29-2017-DDSM-79695/1.000000-ROI mask images-46428/1-2.dcm,MG,1,malignant,P_00244,right,2,mlo,P_00244_RIGHT_MLO_calcification_1,,,
1268,1,calcification,digitized,4,"[1857, 2347, 3009, 3499]",1,CLUSTERED,PLEOMORPHIC,./data/CBIS-DDSM/Calc-Test_P_00246_RIGHT_MLO/08-29-2017-DDSM-55726/1.000000-full mammogram images-53760/1-1.dcm,./data/CBIS-DDSM/Calc-Test_P_00246_RIGHT_MLO_1/08-29-2017-DDSM-75857/1.000000-ROI mask images-43494/1-2.dcm,MG,1,benign,P_00246,right,2,mlo,P_00246_RIGHT_MLO_calcification_1,,,
1732,1,calcification,digitized,4,"[0, 1500, 1088, 2652]",3,CLUSTERED,PLEOMORPHIC,./data/CBIS-DDSM/Calc-Training_P_00251_RIGHT_CC/08-07-2016-DDSM-37978/1.000000-full mammogram images-35685/1-1.dcm,./data/CBIS-DDSM/Calc-Training_P_00251_RIGHT_CC_1/09-06-2017-DDSM-18789/1.000000-ROI mask images-87489/1-2.dcm,MG,1,malignant,P_00251,right,3,cc,P_00251_RIGHT_CC_calcification_1,,,
2498,1,calcification,digitized,4,"[364, 1964, 1516, 3116]",3,CLUSTERED,PLEOMORPHIC,./data/CBIS-DDSM/Calc-Training_P_00251_RIGHT_MLO/08-07-2016-DDSM-91122/1.000000-full mammogram images-64480/1-1.dcm,./data/CBIS-DDSM/Calc-Training_P_00251_RIGHT_MLO_1/09-06-2017-DDSM-02364/1.000000-ROI mask images-83201/1-2.dcm,MG,1,malignant,P_00251,right,3,mlo,P_00251_RIGHT_MLO_calcification_1,,,
1311,1,calcification,digitized,5,"[336, 1836, 1488, 2988]",1,REGIONAL,AMORPHOUS,./data/CBIS-DDSM/Calc-Training_P_00271_LEFT_CC/08-07-2016-DDSM-62874/1.000000-full mammogram images-52762/1-1.dcm,./data/CBIS-DDSM/Calc-Training_P_00271_LEFT_CC_1/09-06-2017-DDSM-37294/1.000000-ROI mask images-95006/1-2.dcm,MG,1,malignant,P_00271,left,3,cc,P_00271_LEFT_CC_calcification_1,,,
994,1,calcification,digitized,5,"[188, 2676, 1340, 3828]",1,REGIONAL,AMORPHOUS,./data/CBIS-DDSM/Calc-Training_P_00271_LEFT_MLO/08-07-2016-DDSM-52887/1.000000-full mammogram images-48159/1-1.dcm,./data/CBIS-DDSM/Calc-Training_P_00271_LEFT_MLO_1/09-06-2017-DDSM-99714/1.000000-ROI mask images-48097/1-2.dcm,MG,1,malignant,P_00271,left,3,mlo,P_00271_LEFT_MLO_calcification_1,,,
1746,1,calcification,digitized,4,"[408, 1192, 1560, 2344]",3,CLUSTERED,PUNCTATE,./data/CBIS-DDSM/Calc-Training_P_00282_LEFT_CC/08-07-2016-DDSM-86735/1.000000-full mammogram images-78594/1-1.dcm,./data/CBIS-DDSM/Calc-Training_P_00282_LEFT_CC_1/09-06-2017-DDSM-91330/1.000000-ROI mask images-98688/1-2.dcm,MG,1,benign,P_00282,left,2,cc,P_00282_LEFT_CC_calcification_1,,,
1771,1,calcification,digitized,2,"[648, 1976, 1800, 3128]",3,SEGMENTAL,PUNCTATE,./data/CBIS-DDSM/Calc-Training_P_00282_LEFT_MLO/08-07-2016-DDSM-49985/1.000000-full mammogram images-73114/1-1.dcm,./data/CBIS-DDSM/Calc-Training_P_00282_LEFT_MLO_1/09-06-2017-DDSM-68878/1.000000-ROI mask images-64778/1-2.dcm,MG,1,benign,P_00282,left,1,mlo,P_00282_LEFT_MLO_calcification_1,,,
609,1,calcification,digitized,4,"[136, 881, 1288, 2033]",4,SEGMENTAL,PLEOMORPHIC,./data/CBIS-DDSM/Calc-Training_P_00316_RIGHT_CC/08-07-2016-DDSM-22039/1.000000-full mammogram images-89768/1-1.dcm,./data/CBIS-DDSM/Calc-Training_P_00316_RIGHT_CC_1/09-06-2017-DDSM-91972/1.000000-ROI mask images-33568/1-2.dcm,MG,1,malignant,P_00316,right,3,cc,P_00316_RIGHT_CC_calcification_1,,,
177,1,calcification,digitized,4,"[439, 2564, 1590, 3715]",4,SEGMENTAL,PLEOMORPHIC,./data/CBIS-DDSM/Calc-Training_P_00316_RIGHT_MLO/08-07-2016-DDSM-60531/1.000000-full mammogram images-81713/1-1.dcm,./data/CBIS-DDSM/Calc-Training_P_00316_RIGHT_MLO_1/09-06-2017-DDSM-05830/1.000000-ROI mask images-29697/1-2.dcm,MG,1,malignant,P_00316,right,3,mlo,P_00316_RIGHT_MLO_calcification_1,,,
2688,1,calcification,digitized,4,"[1366, 2414, 2371, 3565]",1,CLUSTERED,PLEOMORPHIC,./data/CBIS-DDSM/Calc-Training_P_00321_LEFT_CC/08-07-2016-DDSM-86163/1.000000-full mammogram images-49800/1-1.dcm,./data/CBIS-DDSM/Calc-Training_P_00321_LEFT_CC_1/09-06-2017-DDSM-65979/1.000000-ROI mask images-38232/1-2.dcm,MG,1,malignant,P_00321,left,3,cc,P_00321_LEFT_CC_calcification_1,,,
3053,1,calcification,digitized,4,"[1489, 3096, 2476, 4248]",1,CLUSTERED,PLEOMORPHIC,./data/CBIS-DDSM/Calc-Training_P_00321_LEFT_MLO/08-07-2016-DDSM-60816/1.000000-full mammogram images-13770/1-1.dcm,./data/CBIS-DDSM/Calc-Training_P_00321_LEFT_MLO_1/09-06-2017-DDSM-92963/1.000000-ROI mask images-02983/1-2.dcm,MG,1,malignant,P_00321,left,3,mlo,P_00321_LEFT_MLO_calcification_1,,,
2925,1,calcification,digitized,4,"[0, 1304, 1052, 2456]",3,CLUSTERED,PLEOMORPHIC-AMORPHOUS,./data/CBIS-DDSM/Calc-Test_P_00353_LEFT_CC/08-29-2017-DDSM-06101/1.000000-full mammogram images-51571/1-1.dcm,./data/CBIS-DDSM/Calc-Test_P_00353_LEFT_CC_1/08-29-2017-DDSM-64006/1.000000-ROI mask images-72629/1-2.dcm,MG,2,benign,P_00353,left,3,cc,P_00353_LEFT_CC_calcification_1,,,
3050,2,calcification,digitized,4,"[744, 2056, 1896, 3208]",3,CLUSTERED,PUNCTATE-PLEOMORPHIC,./data/CBIS-DDSM/Calc-Test_P_00353_LEFT_CC/08-29-2017-DDSM-06101/1.000000-full mammogram images-51571/1-1.dcm,./data/CBIS-DDSM/Calc-Test_P_00353_LEFT_CC_2/08-29-2017-DDSM-42567/1.000000-ROI mask images-96182/1-2.dcm,MG,2,malignant,P_00353,left,2,cc,P_00353_LEFT_CC_calcification_2,,,
1404,2,calcification,digitized,4,"[340, 2600, 1492, 3752]",3,CLUSTERED,PUNCTATE-PLEOMORPHIC,./data/CBIS-DDSM/Calc-Test_P_00353_LEFT_MLO/08-29-2017-DDSM-18395/1.000000-full mammogram images-71359/1-1.dcm,./data/CBIS-DDSM/Calc-Test_P_00353_LEFT_MLO_2/08-29-2017-DDSM-49673/1.000000-ROI mask images-69211/1-2.dcm,MG,2,malignant,P_00353,left,3,mlo,P_00353_LEFT_MLO_calcification_2,,,
2514,1,calcification,digitized,4,"[0, 2416, 1148, 3568]",3,CLUSTERED,PLEOMORPHIC,./data/CBIS-DDSM/Calc-Test_P_00353_LEFT_MLO/08-29-2017-DDSM-18395/1.000000-full mammogram images-71359/1-1.dcm,./data/CBIS-DDSM/Calc-Test_P_00353_LEFT_MLO_1/08-29-2017-DDSM-49522/1.000000-ROI mask images-56285/1-2.dcm,MG,2,benign,P_00353,left,3,mlo,P_00353_LEFT_MLO_calcification_1,,,
3293,1,calcification,digitized,4,"[1495, 1485, 2356, 2636]",3,LINEAR,PLEOMORPHIC,./data/CBIS-DDSM/Calc-Training_P_00392_LEFT_CC/08-07-2016-DDSM-97902/1.000000-full mammogram images-11353/1-1.dcm,./data/CBIS-DDSM/Calc-Training_P_00392_LEFT_CC_1/09-06-2017-DDSM-24540/1.000000-ROI mask images-94358/1-2.dcm,MG,1,malignant,P_00392,left,2,cc,P_00392_LEFT_CC_calcification_1,,,
2260,1,calcification,digitized,4,"[797, 1930, 1948, 3081]",3,LINEAR,PLEOMORPHIC,./data/CBIS-DDSM/Calc-Training_P_00392_LEFT_MLO/08-07-2016-DDSM-77281/1.000000-full mammogram images-73270/1-1.dcm,./data/CBIS-DDSM/Calc-Training_P_00392_LEFT_MLO_1/09-06-2017-DDSM-28181/1.000000-ROI mask images-58093/1-2.dcm,MG,1,malignant,P_00392,left,2,mlo,P_00392_LEFT_MLO_calcification_1,,,
2089,1,calcification,digitized,3,"[0, 396, 628, 1548]",3,CLUSTERED,PUNCTATE,./data/CBIS-DDSM/Calc-Training_P_00398_LEFT_CC/08-07-2016-DDSM-98728/1.000000-full mammogram images-36180/1-1.dcm,./data/CBIS-DDSM/Calc-Training_P_00398_LEFT_CC_1/09-06-2017-DDSM-20169/1.000000-ROI mask images-96608/1-2.dcm,MG,1,benign,P_00398,left,2,cc,P_00398_LEFT_CC_calcification_1,,,
1957,1,calcification,digitized,4,"[288, 468, 1440, 1620]",3,CLUSTERED,PUNCTATE,./data/CBIS-DDSM/Calc-Training_P_00398_LEFT_MLO/08-07-2016-DDSM-54937/1.000000-full mammogram images-69116/1-1.dcm,./data/CBIS-DDSM/Calc-Training_P_00398_LEFT_MLO_1/09-06-2017-DDSM-05507/1.000000-ROI mask images-12128/1-2.dcm,MG,1,benign,P_00398,left,3,mlo,P_00398_LEFT_MLO_calcification_1,,,
3364,1,calcification,digitized,4,"[634, 3931, 1785, 5083]",3,LINEAR,PLEOMORPHIC,./data/CBIS-DDSM/Calc-Training_P_00410_RIGHT_CC/08-07-2016-DDSM-75842/1.000000-full mammogram images-40648/1-1.dcm,./data/CBIS-DDSM/Calc-Training_P_00410_RIGHT_CC_1/09-06-2017-DDSM-43633/1.000000-ROI mask images-99102/1-2.dcm,MG,1,malignant,P_00410,right,2,cc,P_00410_RIGHT_CC_calcification_1,,,
1803,1,calcification,digitized,4,"[844, 4566, 1995, 5718]",3,LINEAR,PLEOMORPHIC,./data/CBIS-DDSM/Calc-Training_P_00410_RIGHT_MLO/08-07-2016-DDSM-76124/1.000000-full mammogram images-45480/1-1.dcm,./data/CBIS-DDSM/Calc-Training_P_00410_RIGHT_MLO_1/09-06-2017-DDSM-14366/1.000000-ROI mask images-66287/1-2.dcm,MG,1,malignant,P_00410,right,2,mlo,P_00410_RIGHT_MLO_calcification_1,,,
1846,1,calcification,digitized,0,"[1499, 1720, 2651, 2872]",3,CLUSTERED,COARSE,./data/CBIS-DDSM/Calc-Training_P_00456_RIGHT_CC/08-07-2016-DDSM-64643/1.000000-full mammogram images-50693/1-1.dcm,./data/CBIS-DDSM/Calc-Training_P_00456_RIGHT_CC_1/09-06-2017-DDSM-34978/1.000000-ROI mask images-23096/1-2.dcm,MG,1,benign,P_00456,right,5,cc,P_00456_RIGHT_CC_calcification_1,,,
376,1,calcification,digitized,0,"[1442, 1398, 2594, 2550]",3,CLUSTERED,COARSE,./data/CBIS-DDSM/Calc-Training_P_00456_RIGHT_MLO/08-07-2016-DDSM-91126/1.000000-full mammogram images-01495/1-1.dcm,./data/CBIS-DDSM/Calc-Training_P_00456_RIGHT_MLO_1/09-06-2017-DDSM-50745/1.000000-ROI mask images-93055/1-2.dcm,MG,1,benign,P_00456,right,5,mlo,P_00456_RIGHT_MLO_calcification_1,,,
1952,1,calcification,digitized,4,"[0, 1312, 916, 2464]",4,CLUSTERED,PLEOMORPHIC,./data/CBIS-DDSM/Calc-Test_P_00466_LEFT_MLO/08-29-2017-DDSM-71069/1.000000-full mammogram images-97656/1-1.dcm,./data/CBIS-DDSM/Calc-Test_P_00466_LEFT_MLO_1/08-29-2017-DDSM-19966/1.000000-ROI mask images-05447/1-2.dcm,MG,1,malignant,P_00466,left,4,mlo,P_00466_LEFT_MLO_calcification_1,,,
2588,1,calcification,digitized,5,"[1573, 1880, 2725, 3032]",4,REGIONAL,PLEOMORPHIC,./data/CBIS-DDSM/Calc-Training_P_00474_LEFT_CC/08-07-2016-DDSM-75397/1.000000-full mammogram images-67835/1-1.dcm,./data/CBIS-DDSM/Calc-Training_P_00474_LEFT_CC_1/09-06-2017-DDSM-57850/1.000000-ROI mask images-66418/1-2.dcm,MG,1,malignant,P_00474,left,5,cc,P_00474_LEFT_CC_calcification_1,,,
2646,1,calcification,digitized,5,"[2075, 2204, 3227, 3356]",4,REGIONAL,PLEOMORPHIC,./data/CBIS-DDSM/Calc-Training_P_00474_LEFT_MLO/08-07-2016-DDSM-78044/1.000000-full mammogram images-63526/1-1.dcm,./data/CBIS-DDSM/Calc-Training_P_00474_LEFT_MLO_1/09-06-2017-DDSM-12715/1.000000-ROI mask images-91565/1-1.dcm,MG,1,malignant,P_00474,left,5,mlo,P_00474_LEFT_MLO_calcification_1,,,
2212,1,calcification,digitized,4,"[1433, 3404, 2585, 4556]",3,SEGMENTAL,PLEOMORPHIC,./data/CBIS-DDSM/Calc-Training_P_00508_LEFT_CC/08-07-2016-DDSM-42670/1.000000-full mammogram images-18323/1-1.dcm,./data/CBIS-DDSM/Calc-Training_P_00508_LEFT_CC_1/09-06-2017-DDSM-46911/1.000000-ROI mask images-21723/1-2.dcm,MG,1,benign,P_00508,left,2,cc,P_00508_LEFT_CC_calcification_1,,,
3416,1,calcification,digitized,4,"[1621, 3300, 2773, 4452]",3,SEGMENTAL,PLEOMORPHIC,./data/CBIS-DDSM/Calc-Training_P_00508_LEFT_MLO/08-07-2016-DDSM-48503/1.000000-full mammogram images-79570/1-1.dcm,./data/CBIS-DDSM/Calc-Training_P_00508_LEFT_MLO_1/09-06-2017-DDSM-63908/1.000000-ROI mask images-35125/1-2.dcm,MG,1,benign,P_00508,left,2,mlo,P_00508_LEFT_MLO_calcification_1,,,
3338,1,calcification,digitized,4,"[640, 1719, 1792, 2871]",2,LINEAR,PLEOMORPHIC,./data/CBIS-DDSM/Calc-Training_P_00551_RIGHT_CC/08-07-2016-DDSM-83791/1.000000-full mammogram images-31274/1-1.dcm,./data/CBIS-DDSM/Calc-Training_P_00551_RIGHT_CC_1/09-06-2017-DDSM-44628/1.000000-ROI mask images-21806/1-2.dcm,MG,1,malignant,P_00551,right,2,cc,P_00551_RIGHT_CC_calcification_1,,,
1049,1,calcification,digitized,4,"[684, 2384, 1836, 3536]",2,LINEAR,PLEOMORPHIC,./data/CBIS-DDSM/Calc-Training_P_00551_RIGHT_MLO/08-07-2016-DDSM-62745/1.000000-full mammogram images-10165/1-1.dcm,./data/CBIS-DDSM/Calc-Training_P_00551_RIGHT_MLO_1/09-06-2017-DDSM-62456/1.000000-ROI mask images-06985/1-2.dcm,MG,1,malignant,P_00551,right,2,mlo,P_00551_RIGHT_MLO_calcification_1,,,
95,2,calcification,digitized,4,"[2320, 1976, 3472, 3128]",2,CLUSTERED,PLEOMORPHIC,./data/CBIS-DDSM/Calc-Training_P_00559_RIGHT_CC/08-07-2016-DDSM-69721/1.000000-full mammogram images-48172/1-1.dcm,./data/CBIS-DDSM/Calc-Training_P_00559_RIGHT_CC_2/09-06-2017-DDSM-18041/1.000000-ROI mask images-61605/1-2.dcm,MG,2,malignant,P_00559,right,3,cc,P_00559_RIGHT_CC_calcification_2,,,
162,1,calcification,digitized,4,"[2548, 1880, 3700, 3032]",2,CLUSTERED,PLEOMORPHIC,./data/CBIS-DDSM/Calc-Training_P_00559_RIGHT_CC/08-07-2016-DDSM-69721/1.000000-full mammogram images-48172/1-1.dcm,./data/CBIS-DDSM/Calc-Training_P_00559_RIGHT_CC_1/09-06-2017-DDSM-95498/1.000000-ROI mask images-71247/1-2.dcm,MG,2,malignant,P_00559,right,3,cc,P_00559_RIGHT_CC_calcification_1,,,
337,2,calcification,digitized,4,"[1396, 1949, 2548, 3100]",2,CLUSTERED,PLEOMORPHIC,./data/CBIS-DDSM/Calc-Training_P_00559_RIGHT_MLO/08-07-2016-DDSM-61524/1.000000-full mammogram images-42976/1-1.dcm,./data/CBIS-DDSM/Calc-Training_P_00559_RIGHT_MLO_2/09-06-2017-DDSM-19051/1.000000-ROI mask images-85203/1-2.dcm,MG,2,malignant,P_00559,right,3,mlo,P_00559_RIGHT_MLO_calcification_2,,,
1289,1,calcification,digitized,4,"[1580, 1756, 2732, 2907]",2,CLUSTERED,PLEOMORPHIC,./data/CBIS-DDSM/Calc-Training_P_00559_RIGHT_MLO/08-07-2016-DDSM-61524/1.000000-full mammogram images-42976/1-1.dcm,./data/CBIS-DDSM/Calc-Training_P_00559_RIGHT_MLO_1/09-06-2017-DDSM-83740/1.000000-ROI mask images-49371/1-2.dcm,MG,2,malignant,P_00559,right,3,mlo,P_00559_RIGHT_MLO_calcification_1,,,
614,2,calcification,digitized,2,"[284, 2644, 1436, 3796]",2,,LUCENT_CENTER,./data/CBIS-DDSM/Calc-Test_P_00562_LEFT_CC/08-29-2017-DDSM-13097/1.000000-full mammogram images-11824/1-1.dcm,./data/CBIS-DDSM/Calc-Test_P_00562_LEFT_CC_2/08-29-2017-DDSM-80159/1.000000-ROI mask images-11317/1-2.dcm,MG,2,benign,P_00562,left,4,cc,P_00562_LEFT_CC_calcification_2,,,
2424,1,calcification,digitized,2,"[280, 2580, 1432, 3732]",2,,LUCENT_CENTER,./data/CBIS-DDSM/Calc-Test_P_00562_LEFT_CC/08-29-2017-DDSM-13097/1.000000-full mammogram images-11824/1-1.dcm,./data/CBIS-DDSM/Calc-Test_P_00562_LEFT_CC_1/08-29-2017-DDSM-93804/1.000000-ROI mask images-59420/1-2.dcm,MG,2,benign,P_00562,left,4,cc,P_00562_LEFT_CC_calcification_1,,,
822,2,calcification,digitized,2,"[116, 2284, 1268, 3436]",2,,LUCENT_CENTER,./data/CBIS-DDSM/Calc-Test_P_00562_LEFT_MLO/08-29-2017-DDSM-93621/1.000000-full mammogram images-52505/1-1.dcm,./data/CBIS-DDSM/Calc-Test_P_00562_LEFT_MLO_2/08-29-2017-DDSM-39737/1.000000-ROI mask images-71259/1-2.dcm,MG,2,benign,P_00562,left,4,mlo,P_00562_LEFT_MLO_calcification_2,,,
1914,1,calcification,digitized,2,"[124, 2224, 1276, 3376]",2,,LUCENT_CENTER,./data/CBIS-DDSM/Calc-Test_P_00562_LEFT_MLO/08-29-2017-DDSM-93621/1.000000-full mammogram images-52505/1-1.dcm,./data/CBIS-DDSM/Calc-Test_P_00562_LEFT_MLO_1/08-29-2017-DDSM-45166/1.000000-ROI mask images-13466/1-2.dcm,MG,2,benign,P_00562,left,4,mlo,P_00562_LEFT_MLO_calcification_1,,,
2042,1,calcification,digitized,2,"[1608, 1812, 2760, 2964]",2,,ROUND_AND_REGULAR,./data/CBIS-DDSM/Calc-Test_P_00562_RIGHT_CC/08-29-2017-DDSM-72833/1.000000-full mammogram images-63503/1-1.dcm,./data/CBIS-DDSM/Calc-Test_P_00562_RIGHT_CC_1/08-29-2017-DDSM-38606/1.000000-ROI mask images-20452/1-2.dcm,MG,1,benign,P_00562,right,4,cc,P_00562_RIGHT_CC_calcification_1,,,
494,1,calcification,digitized,2,"[1652, 2340, 2804, 3492]",2,,ROUND_AND_REGULAR,./data/CBIS-DDSM/Calc-Test_P_00562_RIGHT_MLO/08-29-2017-DDSM-38563/1.000000-full mammogram images-33267/1-1.dcm,./data/CBIS-DDSM/Calc-Test_P_00562_RIGHT_MLO_1/08-29-2017-DDSM-28719/1.000000-ROI mask images-29351/1-2.dcm,MG,1,benign,P_00562,right,4,mlo,P_00562_RIGHT_MLO_calcification_1,,,
3499,1,calcification,digitized,0,"[0, 1368, 1068, 2520]",4,CLUSTERED,PUNCTATE,./data/CBIS-DDSM/Calc-Test_P_00579_LEFT_MLO/08-29-2017-DDSM-27421/1.000000-full mammogram images-55904/1-1.dcm,./data/CBIS-DDSM/Calc-Test_P_00579_LEFT_MLO_1/08-29-2017-DDSM-70948/1.000000-ROI mask images-13364/1-2.dcm,MG,1,benign,P_00579,left,2,mlo,P_00579_LEFT_MLO_calcification_1,,,
3480,1,calcification,digitized,4,"[584, 2096, 1736, 3248]",3,CLUSTERED,AMORPHOUS,./data/CBIS-DDSM/Calc-Test_P_00589_LEFT_CC/08-29-2017-DDSM-04583/1.000000-full mammogram images-50921/1-1.dcm,./data/CBIS-DDSM/Calc-Test_P_00589_LEFT_CC_1/08-29-2017-DDSM-55191/1.000000-ROI mask images-51925/1-2.dcm,MG,1,benign,P_00589,left,2,cc,P_00589_LEFT_CC_calcification_1,,,
1468,1,calcification,digitized,4,"[580, 2844, 1732, 3996]",3,CLUSTERED,AMORPHOUS,./data/CBIS-DDSM/Calc-Test_P_00589_LEFT_MLO/08-29-2017-DDSM-18699/1.000000-full mammogram images-06915/1-1.dcm,./data/CBIS-DDSM/Calc-Test_P_00589_LEFT_MLO_1/08-29-2017-DDSM-36034/1.000000-ROI mask images-20399/1-2.dcm,MG,1,benign,P_00589,left,1,mlo,P_00589_LEFT_MLO_calcification_1,,,
2242,2,calcification,digitized,5,"[1400, 1424, 2552, 2576]",1,REGIONAL,PLEOMORPHIC,./data/CBIS-DDSM/Calc-Training_P_00591_RIGHT_CC/08-07-2016-DDSM-84410/1.000000-full mammogram images-55185/1-1.dcm,./data/CBIS-DDSM/Calc-Training_P_00591_RIGHT_CC_2/09-06-2017-DDSM-41276/1.000000-ROI mask images-69320/1-2.dcm,MG,2,malignant,P_00591,right,5,cc,P_00591_RIGHT_CC_calcification_2,,,
2492,1,calcification,digitized,5,"[2068, 3224, 3088, 4376]",1,CLUSTERED,PLEOMORPHIC,./data/CBIS-DDSM/Calc-Training_P_00591_RIGHT_CC/08-07-2016-DDSM-84410/1.000000-full mammogram images-55185/1-1.dcm,./data/CBIS-DDSM/Calc-Training_P_00591_RIGHT_CC_1/09-06-2017-DDSM-11547/1.000000-ROI mask images-38990/1-2.dcm,MG,2,malignant,P_00591,right,5,cc,P_00591_RIGHT_CC_calcification_1,,,
1287,1,calcification,digitized,5,"[2292, 1908, 3232, 3060]",1,CLUSTERED,PLEOMORPHIC,./data/CBIS-DDSM/Calc-Training_P_00591_RIGHT_MLO/08-07-2016-DDSM-45998/1.000000-full mammogram images-51538/1-1.dcm,./data/CBIS-DDSM/Calc-Training_P_00591_RIGHT_MLO_1/09-06-2017-DDSM-69105/1.000000-ROI mask images-00860/1-2.dcm,MG,2,malignant,P_00591,right,5,mlo,P_00591_RIGHT_MLO_calcification_1,,,
1849,2,calcification,digitized,5,"[1308, 1868, 2460, 3020]",1,REGIONAL,PLEOMORPHIC,./data/CBIS-DDSM/Calc-Training_P_00591_RIGHT_MLO/08-07-2016-DDSM-45998/1.000000-full mammogram images-51538/1-1.dcm,./data/CBIS-DDSM/Calc-Training_P_00591_RIGHT_MLO_2/09-06-2017-DDSM-87263/1.000000-ROI mask images-78987/1-2.dcm,MG,2,malignant,P_00591,right,5,mlo,P_00591_RIGHT_MLO_calcification_2,,,
2628,2,calcification,digitized,4,"[1392, 2488, 2544, 3640]",2,CLUSTERED,PLEOMORPHIC,./data/CBIS-DDSM/Calc-Training_P_00594_LEFT_CC/08-07-2016-DDSM-98107/1.000000-full mammogram images-52089/1-1.dcm,./data/CBIS-DDSM/Calc-Training_P_00594_LEFT_CC_2/09-06-2017-DDSM-66638/1.000000-ROI mask images-77892/1-2.dcm,MG,1,malignant,P_00594,left,4,cc,P_00594_LEFT_CC_calcification_2,,,
2425,2,calcification,digitized,4,"[1504, 2760, 2656, 3912]",2,CLUSTERED,PLEOMORPHIC,./data/CBIS-DDSM/Calc-Training_P_00594_LEFT_MLO/08-07-2016-DDSM-91541/1.000000-full mammogram images-11350/1-1.dcm,./data/CBIS-DDSM/Calc-Training_P_00594_LEFT_MLO_2/09-06-2017-DDSM-44300/1.000000-ROI mask images-13741/1-2.dcm,MG,1,malignant,P_00594,left,4,mlo,P_00594_LEFT_MLO_calcification_2,,,
193,1,calcification,digitized,3,"[0, 2144, 912, 3296]",4,CLUSTERED,ROUND_AND_REGULAR,./data/CBIS-DDSM/Calc-Training_P_00597_LEFT_CC/08-07-2016-DDSM-36865/1.000000-full mammogram images-22228/1-1.dcm,./data/CBIS-DDSM/Calc-Training_P_00597_LEFT_CC_1/09-06-2017-DDSM-13291/1.000000-ROI mask images-17655/1-2.dcm,MG,1,benign,P_00597,left,5,cc,P_00597_LEFT_CC_calcification_1,,,
77,1,calcification,digitized,3,"[0, 2568, 1036, 3720]",4,CLUSTERED,ROUND_AND_REGULAR,./data/CBIS-DDSM/Calc-Training_P_00597_LEFT_MLO/08-07-2016-DDSM-58187/1.000000-full mammogram images-03137/1-1.dcm,./data/CBIS-DDSM/Calc-Training_P_00597_LEFT_MLO_1/09-06-2017-DDSM-03303/1.000000-ROI mask images-85634/1-2.dcm,MG,1,benign,P_00597,left,5,mlo,P_00597_LEFT_MLO_calcification_1,,,
3514,1,calcification,digitized,4,"[2819, 1861, 3826, 3013]",3,CLUSTERED,PUNCTATE-AMORPHOUS,./data/CBIS-DDSM/Calc-Test_P_00620_LEFT_CC/08-29-2017-DDSM-44410/1.000000-full mammogram images-94300/1-1.dcm,./data/CBIS-DDSM/Calc-Test_P_00620_LEFT_CC_1/08-29-2017-DDSM-87412/1.000000-ROI mask images-63423/1-2.dcm,MG,1,benign,P_00620,left,4,cc,P_00620_LEFT_CC_calcification_1,,,
2429,1,calcification,digitized,0,"[264, 1578, 1416, 2730]",3,SEGMENTAL,AMORPHOUS,./data/CBIS-DDSM/Calc-Training_P_00624_LEFT_CC/08-07-2016-DDSM-63954/1.000000-full mammogram images-56904/1-1.dcm,./data/CBIS-DDSM/Calc-Training_P_00624_LEFT_CC_1/09-06-2017-DDSM-92437/1.000000-ROI mask images-48234/1-2.dcm,MG,1,benign,P_00624,left,1,cc,P_00624_LEFT_CC_calcification_1,,,
874,1,calcification,digitized,0,"[360, 1885, 1512, 3037]",3,SEGMENTAL,AMORPHOUS,./data/CBIS-DDSM/Calc-Training_P_00624_LEFT_MLO/08-07-2016-DDSM-20516/1.000000-full mammogram images-70816/1-1.dcm,./data/CBIS-DDSM/Calc-Training_P_00624_LEFT_MLO_1/09-06-2017-DDSM-73538/1.000000-ROI mask images-87643/1-2.dcm,MG,1,benign,P_00624,left,1,mlo,P_00624_LEFT_MLO_calcification_1,,,
339,1,calcification,digitized,0,"[1213, 2209, 2365, 3361]",3,SEGMENTAL,AMORPHOUS,./data/CBIS-DDSM/Calc-Training_P_00624_RIGHT_CC/08-07-2016-DDSM-25171/1.000000-full mammogram images-29289/1-1.dcm,./data/CBIS-DDSM/Calc-Training_P_00624_RIGHT_CC_1/09-06-2017-DDSM-38870/1.000000-ROI mask images-17120/1-2.dcm,MG,1,benign,P_00624,right,3,cc,P_00624_RIGHT_CC_calcification_1,,,
1357,1,calcification,digitized,0,"[905, 2268, 2057, 3420]",3,SEGMENTAL,AMORPHOUS,./data/CBIS-DDSM/Calc-Training_P_00624_RIGHT_MLO/08-07-2016-DDSM-32745/1.000000-full mammogram images-26096/1-1.dcm,./data/CBIS-DDSM/Calc-Training_P_00624_RIGHT_MLO_1/09-06-2017-DDSM-29306/1.000000-ROI mask images-80668/1-2.dcm,MG,1,benign,P_00624,right,3,mlo,P_00624_RIGHT_MLO_calcification_1,,,
1055,1,calcification,digitized,4,"[1996, 604, 2976, 1755]",3,CLUSTERED,PUNCTATE-PLEOMORPHIC,./data/CBIS-DDSM/Calc-Training_P_00631_RIGHT_CC/08-07-2016-DDSM-16356/1.000000-full mammogram images-51068/1-1.dcm,./data/CBIS-DDSM/Calc-Training_P_00631_RIGHT_CC_1/09-06-2017-DDSM-73419/1.000000-ROI mask images-07894/1-2.dcm,MG,1,malignant,P_00631,right,3,cc,P_00631_RIGHT_CC_calcification_1,,,
102,1,calcification,digitized,4,"[2128, 1736, 3024, 2888]",3,CLUSTERED,PUNCTATE-PLEOMORPHIC,./data/CBIS-DDSM/Calc-Training_P_00631_RIGHT_MLO/08-07-2016-DDSM-02944/1.000000-full mammogram images-25271/1-1.dcm,./data/CBIS-DDSM/Calc-Training_P_00631_RIGHT_MLO_1/09-06-2017-DDSM-71146/1.000000-ROI mask images-34334/1-2.dcm,MG,1,malignant,P_00631,right,3,mlo,P_00631_RIGHT_MLO_calcification_1,,,
3114,1,calcification,digitized,4,"[1844, 1188, 2864, 2340]",4,CLUSTERED,AMORPHOUS,./data/CBIS-DDSM/Calc-Training_P_00633_RIGHT_MLO/08-07-2016-DDSM-99885/1.000000-full mammogram images-27335/1-1.dcm,./data/CBIS-DDSM/Calc-Training_P_00633_RIGHT_MLO_1/09-06-2017-DDSM-54448/1.000000-ROI mask images-19528/1-2.dcm,MG,1,benign,P_00633,right,2,mlo,P_00633_RIGHT_MLO_calcification_1,,,
1037,1,calcification,digitized,2,"[900, 1332, 2052, 2484]",2,,LUCENT_CENTER,./data/CBIS-DDSM/Calc-Training_P_00674_RIGHT_CC/08-07-2016-DDSM-89326/1.000000-full mammogram images-92459/1-1.dcm,./data/CBIS-DDSM/Calc-Training_P_00674_RIGHT_CC_1/09-06-2017-DDSM-28713/1.000000-ROI mask images-12594/1-2.dcm,MG,1,benign,P_00674,right,5,cc,P_00674_RIGHT_CC_calcification_1,,,
1277,1,calcification,digitized,2,"[68, 2268, 1220, 3420]",2,,LUCENT_CENTER,./data/CBIS-DDSM/Calc-Training_P_00674_RIGHT_MLO/08-07-2016-DDSM-07349/1.000000-full mammogram images-89739/1-1.dcm,./data/CBIS-DDSM/Calc-Training_P_00674_RIGHT_MLO_1/09-06-2017-DDSM-92241/1.000000-ROI mask images-39330/1-2.dcm,MG,1,benign,P_00674,right,5,mlo,P_00674_RIGHT_MLO_calcification_1,,,
1035,1,calcification,digitized,4,"[1051, 2274, 2203, 3425]",2,CLUSTERED,PLEOMORPHIC,./data/CBIS-DDSM/Calc-Test_P_00681_LEFT_CC/08-29-2017-DDSM-23213/1.000000-full mammogram images-39435/1-1.dcm,./data/CBIS-DDSM/Calc-Test_P_00681_LEFT_CC_1/08-29-2017-DDSM-93555/1.000000-ROI mask images-81244/1-2.dcm,MG,1,malignant,P_00681,left,2,cc,P_00681_LEFT_CC_calcification_1,,,
780,1,calcification,digitized,4,"[1031, 1954, 2183, 3105]",2,CLUSTERED,PLEOMORPHIC,./data/CBIS-DDSM/Calc-Test_P_00681_LEFT_MLO/08-29-2017-DDSM-21529/1.000000-full mammogram images-28035/1-1.dcm,./data/CBIS-DDSM/Calc-Test_P_00681_LEFT_MLO_1/08-29-2017-DDSM-75489/1.000000-ROI mask images-54432/1-2.dcm,MG,1,malignant,P_00681,left,2,mlo,P_00681_LEFT_MLO_calcification_1,,,
514,1,calcification,digitized,4,"[420, 1376, 1572, 2528]",4,SEGMENTAL,PLEOMORPHIC,./data/CBIS-DDSM/Calc-Training_P_00683_RIGHT_CC/08-07-2016-DDSM-83352/1.000000-full mammogram images-31737/1-1.dcm,./data/CBIS-DDSM/Calc-Training_P_00683_RIGHT_CC_1/09-06-2017-DDSM-71081/1.000000-ROI mask images-93624/1-2.dcm,MG,1,malignant,P_00683,right,1,cc,P_00683_RIGHT_CC_calcification_1,,,
3437,1,calcification,digitized,4,"[792, 2020, 1944, 3172]",4,SEGMENTAL,PLEOMORPHIC,./data/CBIS-DDSM/Calc-Training_P_00683_RIGHT_MLO/08-07-2016-DDSM-32061/1.000000-full mammogram images-37698/1-1.dcm,./data/CBIS-DDSM/Calc-Training_P_00683_RIGHT_MLO_1/09-06-2017-DDSM-90928/1.000000-ROI mask images-50687/1-2.dcm,MG,1,malignant,P_00683,right,1,mlo,P_00683_RIGHT_MLO_calcification_1,,,
1062,1,calcification,digitized,4,"[2088, 2512, 2952, 3664]",3,CLUSTERED,PUNCTATE,./data/CBIS-DDSM/Calc-Training_P_00685_RIGHT_CC/08-07-2016-DDSM-46092/1.000000-full mammogram images-99884/1-1.dcm,./data/CBIS-DDSM/Calc-Training_P_00685_RIGHT_CC_1/09-06-2017-DDSM-97893/1.000000-ROI mask images-60097/1-2.dcm,MG,1,malignant,P_00685,right,3,cc,P_00685_RIGHT_CC_calcification_1,,,
1999,1,calcification,digitized,5,"[1852, 3072, 2928, 4224]",3,CLUSTERED,PUNCTATE,./data/CBIS-DDSM/Calc-Training_P_00685_RIGHT_MLO/08-07-2016-DDSM-89342/1.000000-full mammogram images-68605/1-1.dcm,./data/CBIS-DDSM/Calc-Training_P_00685_RIGHT_MLO_1/09-06-2017-DDSM-81177/1.000000-ROI mask images-39325/1-2.dcm,MG,1,malignant,P_00685,right,3,mlo,P_00685_RIGHT_MLO_calcification_1,,,
2384,2,calcification,digitized,4,"[2184, 1508, 3112, 2660]",2,CLUSTERED,PLEOMORPHIC,./data/CBIS-DDSM/Calc-Training_P_00710_RIGHT_CC/08-07-2016-DDSM-40855/1.000000-full mammogram images-40909/1-1.dcm,./data/CBIS-DDSM/Calc-Training_P_00710_RIGHT_CC_2/09-06-2017-DDSM-56500/1.000000-ROI mask images-66267/1-2.dcm,MG,1,malignant,P_00710,right,3,cc,P_00710_RIGHT_CC_calcification_2,,,
1056,2,calcification,digitized,4,"[1592, 1388, 2744, 2540]",2,CLUSTERED,PLEOMORPHIC,./data/CBIS-DDSM/Calc-Training_P_00710_RIGHT_MLO/08-07-2016-DDSM-29883/1.000000-full mammogram images-19480/1-1.dcm,./data/CBIS-DDSM/Calc-Training_P_00710_RIGHT_MLO_2/09-06-2017-DDSM-95726/1.000000-ROI mask images-43364/1-2.dcm,MG,1,malignant,P_00710,right,3,mlo,P_00710_RIGHT_MLO_calcification_2,,,
608,1,calcification,digitized,4,"[696, 1916, 1848, 3068]",4,REGIONAL,PLEOMORPHIC,./data/CBIS-DDSM/Calc-Training_P_00712_RIGHT_CC/08-07-2016-DDSM-37304/1.000000-full mammogram images-45245/1-1.dcm,./data/CBIS-DDSM/Calc-Training_P_00712_RIGHT_CC_1/09-06-2017-DDSM-15978/1.000000-ROI mask images-74187/1-2.dcm,MG,1,benign,P_00712,right,3,cc,P_00712_RIGHT_CC_calcification_1,,,
3455,1,calcification,digitized,4,"[640, 2216, 1792, 3368]",4,REGIONAL,PLEOMORPHIC,./data/CBIS-DDSM/Calc-Training_P_00712_RIGHT_MLO/08-07-2016-DDSM-69737/1.000000-full mammogram images-94576/1-1.dcm,./data/CBIS-DDSM/Calc-Training_P_00712_RIGHT_MLO_1/09-06-2017-DDSM-40219/1.000000-ROI mask images-00447/1-2.dcm,MG,1,benign,P_00712,right,3,mlo,P_00712_RIGHT_MLO_calcification_1,,,
881,1,calcification,digitized,4,"[1961, 3051, 3113, 4203]",1,CLUSTERED,PLEOMORPHIC,./data/CBIS-DDSM/Calc-Training_P_00713_LEFT_CC/08-07-2016-DDSM-06504/1.000000-full mammogram images-80454/1-1.dcm,./data/CBIS-DDSM/Calc-Training_P_00713_LEFT_CC_1/09-06-2017-DDSM-90754/1.000000-ROI mask images-26460/1-2.dcm,MG,1,benign,P_00713,left,4,cc,P_00713_LEFT_CC_calcification_1,,,
2333,1,calcification,digitized,4,"[2344, 1472, 3091, 2624]",2,CLUSTERED,PLEOMORPHIC,./data/CBIS-DDSM/Calc-Training_P_00736_LEFT_CC/08-07-2016-DDSM-76051/1.000000-full mammogram images-55927/1-1.dcm,./data/CBIS-DDSM/Calc-Training_P_00736_LEFT_CC_1/09-06-2017-DDSM-50799/1.000000-ROI mask images-68430/1-2.dcm,MG,1,malignant,P_00736,left,1,cc,P_00736_LEFT_CC_calcification_1,,,
2700,1,calcification,digitized,4,"[1879, 2744, 3031, 3896]",2,CLUSTERED,PLEOMORPHIC,./data/CBIS-DDSM/Calc-Training_P_00736_LEFT_MLO/08-07-2016-DDSM-24838/1.000000-full mammogram images-39692/1-1.dcm,./data/CBIS-DDSM/Calc-Training_P_00736_LEFT_MLO_1/09-06-2017-DDSM-81391/1.000000-ROI mask images-07737/1-2.dcm,MG,1,malignant,P_00736,left,1,mlo,P_00736_LEFT_MLO_calcification_1,,,
919,1,calcification,digitized,4,"[164, 1344, 1316, 2496]",3,CLUSTERED,PLEOMORPHIC,./data/CBIS-DDSM/Calc-Training_P_00743_LEFT_CC/08-07-2016-DDSM-88094/1.000000-full mammogram images-25219/1-1.dcm,./data/CBIS-DDSM/Calc-Training_P_00743_LEFT_CC_1/09-06-2017-DDSM-88358/1.000000-ROI mask images-79753/1-2.dcm,MG,1,benign,P_00743,left,3,cc,P_00743_LEFT_CC_calcification_1,,,
1576,1,calcification,digitized,4,"[256, 2248, 1408, 3400]",3,CLUSTERED,PLEOMORPHIC,./data/CBIS-DDSM/Calc-Training_P_00743_LEFT_MLO/08-07-2016-DDSM-17931/1.000000-full mammogram images-86484/1-1.dcm,./data/CBIS-DDSM/Calc-Training_P_00743_LEFT_MLO_1/09-06-2017-DDSM-59744/1.000000-ROI mask images-31613/1-2.dcm,MG,1,benign,P_00743,left,3,mlo,P_00743_LEFT_MLO_calcification_1,,,
2241,1,calcification,digitized,2,"[780, 2240, 1932, 3392]",4,,LUCENT_CENTER,./data/CBIS-DDSM/Calc-Training_P_00744_RIGHT_CC/08-07-2016-DDSM-95696/1.000000-full mammogram images-27076/1-1.dcm,./data/CBIS-DDSM/Calc-Training_P_00744_RIGHT_CC_1/09-06-2017-DDSM-29765/1.000000-ROI mask images-55372/1-2.dcm,MG,1,benign,P_00744,right,3,cc,P_00744_RIGHT_CC_calcification_1,,,
72,1,calcification,digitized,2,"[528, 2576, 1680, 3728]",4,,LUCENT_CENTER,./data/CBIS-DDSM/Calc-Training_P_00744_RIGHT_MLO/08-07-2016-DDSM-25107/1.000000-full mammogram images-70904/1-1.dcm,./data/CBIS-DDSM/Calc-Training_P_00744_RIGHT_MLO_1/09-06-2017-DDSM-40295/1.000000-ROI mask images-48810/1-2.dcm,MG,1,benign,P_00744,right,3,mlo,P_00744_RIGHT_MLO_calcification_1,,,
654,1,calcification,digitized,4,"[1415, 3084, 2567, 4236]",2,CLUSTERED,PLEOMORPHIC,./data/CBIS-DDSM/Calc-Training_P_00751_LEFT_CC/08-07-2016-DDSM-56387/1.000000-full mammogram images-83855/1-1.dcm,./data/CBIS-DDSM/Calc-Training_P_00751_LEFT_CC_1/09-06-2017-DDSM-16716/1.000000-ROI mask images-30281/1-2.dcm,MG,1,benign,P_00751,left,1,cc,P_00751_LEFT_CC_calcification_1,,,
1457,1,calcification,digitized,2,"[268, 3156, 1420, 4308]",3,,VASCULAR,./data/CBIS-DDSM/Calc-Training_P_00767_LEFT_CC/08-07-2016-DDSM-51961/1.000000-full mammogram images-16687/1-1.dcm,./data/CBIS-DDSM/Calc-Training_P_00767_LEFT_CC_1/09-06-2017-DDSM-60347/1.000000-ROI mask images-27805/1-2.dcm,MG,1,benign,P_00767,left,3,cc,P_00767_LEFT_CC_calcification_1,,,
406,1,calcification,digitized,2,"[0, 1584, 996, 2736]",3,,VASCULAR,./data/CBIS-DDSM/Calc-Training_P_00767_LEFT_MLO/08-07-2016-DDSM-53518/1.000000-full mammogram images-67410/1-1.dcm,./data/CBIS-DDSM/Calc-Training_P_00767_LEFT_MLO_1/09-06-2017-DDSM-29596/1.000000-ROI mask images-56783/1-2.dcm,MG,1,benign,P_00767,left,3,mlo,P_00767_LEFT_MLO_calcification_1,,,
983,1,calcification,digitized,2,"[1888, 2216, 3040, 3368]",3,,VASCULAR,./data/CBIS-DDSM/Calc-Training_P_00767_RIGHT_CC/08-07-2016-DDSM-11299/1.000000-full mammogram images-07416/1-1.dcm,./data/CBIS-DDSM/Calc-Training_P_00767_RIGHT_CC_1/09-06-2017-DDSM-98863/1.000000-ROI mask images-25762/1-2.dcm,MG,1,benign,P_00767,right,3,cc,P_00767_RIGHT_CC_calcification_1,,,
1534,1,calcification,digitized,2,"[2212, 3260, 3364, 4412]",3,,VASCULAR,./data/CBIS-DDSM/Calc-Training_P_00767_RIGHT_MLO/08-07-2016-DDSM-53824/1.000000-full mammogram images-28232/1-1.dcm,./data/CBIS-DDSM/Calc-Training_P_00767_RIGHT_MLO_1/09-06-2017-DDSM-83406/1.000000-ROI mask images-54659/1-2.dcm,MG,1,benign,P_00767,right,3,mlo,P_00767_RIGHT_MLO_calcification_1,,,
180,1,calcification,digitized,2,"[280, 596, 1432, 1748]",1,,VASCULAR,./data/CBIS-DDSM/Calc-Training_P_00780_LEFT_CC/08-07-2016-DDSM-28496/1.000000-full mammogram images-02779/1-1.dcm,./data/CBIS-DDSM/Calc-Training_P_00780_LEFT_CC_1/09-06-2017-DDSM-50822/1.000000-ROI mask images-75548/1-2.dcm,MG,2,benign,P_00780,left,5,cc,P_00780_LEFT_CC_calcification_1,,,
1951,2,calcification,digitized,2,"[948, 2744, 2100, 3896]",1,,VASCULAR,./data/CBIS-DDSM/Calc-Training_P_00780_LEFT_CC/08-07-2016-DDSM-28496/1.000000-full mammogram images-02779/1-1.dcm,./data/CBIS-DDSM/Calc-Training_P_00780_LEFT_CC_2/09-06-2017-DDSM-22036/1.000000-ROI mask images-61600/1-2.dcm,MG,2,benign,P_00780,left,5,cc,P_00780_LEFT_CC_calcification_2,,,
104,2,calcification,digitized,2,"[292, 2036, 1444, 3188]",1,,VASCULAR,./data/CBIS-DDSM/Calc-Training_P_00780_LEFT_MLO/08-07-2016-DDSM-10848/1.000000-full mammogram images-92076/1-1.dcm,./data/CBIS-DDSM/Calc-Training_P_00780_LEFT_MLO_2/09-06-2017-DDSM-33133/1.000000-ROI mask images-41072/1-2.dcm,MG,2,benign,P_00780,left,5,mlo,P_00780_LEFT_MLO_calcification_2,,,
2758,1,calcification,digitized,2,"[340, 984, 1492, 2136]",1,,VASCULAR,./data/CBIS-DDSM/Calc-Training_P_00780_LEFT_MLO/08-07-2016-DDSM-10848/1.000000-full mammogram images-92076/1-1.dcm,./data/CBIS-DDSM/Calc-Training_P_00780_LEFT_MLO_1/09-06-2017-DDSM-33359/1.000000-ROI mask images-00193/1-2.dcm,MG,2,benign,P_00780,left,5,mlo,P_00780_LEFT_MLO_calcification_1,,,
399,5,calcification,digitized,2,"[1456, 2092, 2608, 3244]",1,,FINE_LINEAR_BRANCHING,./data/CBIS-DDSM/Calc-Training_P_00780_RIGHT_CC/08-07-2016-DDSM-29087/1.000000-full mammogram images-14778/1-1.dcm,./data/CBIS-DDSM/Calc-Training_P_00780_RIGHT_CC_5/09-06-2017-DDSM-94458/1.000000-ROI mask images-98203/1-2.dcm,MG,5,benign,P_00780,right,4,cc,P_00780_RIGHT_CC_calcification_5,,,
894,2,calcification,digitized,2,"[2132, 1036, 3104, 2188]",1,,VASCULAR,./data/CBIS-DDSM/Calc-Training_P_00780_RIGHT_CC/08-07-2016-DDSM-29087/1.000000-full mammogram images-14778/1-1.dcm,./data/CBIS-DDSM/Calc-Training_P_00780_RIGHT_CC_2/09-06-2017-DDSM-21119/1.000000-ROI mask images-16264/1-2.dcm,MG,5,benign,P_00780,right,4,cc,P_00780_RIGHT_CC_calcification_2,,,
1081,4,calcification,digitized,2,"[1480, 2224, 2632, 3376]",1,,FINE_LINEAR_BRANCHING,./data/CBIS-DDSM/Calc-Training_P_00780_RIGHT_CC/08-07-2016-DDSM-29087/1.000000-full mammogram images-14778/1-1.dcm,./data/CBIS-DDSM/Calc-Training_P_00780_RIGHT_CC_4/09-06-2017-DDSM-16909/1.000000-ROI mask images-15048/1-2.dcm,MG,5,benign,P_00780,right,4,cc,P_00780_RIGHT_CC_calcification_4,,,
1426,1,calcification,digitized,2,"[1516, 936, 2668, 2088]",1,,VASCULAR,./data/CBIS-DDSM/Calc-Training_P_00780_RIGHT_CC/08-07-2016-DDSM-29087/1.000000-full mammogram images-14778/1-1.dcm,./data/CBIS-DDSM/Calc-Training_P_00780_RIGHT_CC_1/09-06-2017-DDSM-57063/1.000000-ROI mask images-21094/1-2.dcm,MG,5,benign,P_00780,right,4,cc,P_00780_RIGHT_CC_calcification_1,,,
2337,3,calcification,digitized,2,"[1068, 2388, 2220, 3540]",1,,FINE_LINEAR_BRANCHING,./data/CBIS-DDSM/Calc-Training_P_00780_RIGHT_CC/08-07-2016-DDSM-29087/1.000000-full mammogram images-14778/1-1.dcm,./data/CBIS-DDSM/Calc-Training_P_00780_RIGHT_CC_3/09-06-2017-DDSM-72050/1.000000-ROI mask images-31473/1-2.dcm,MG,5,benign,P_00780,right,4,cc,P_00780_RIGHT_CC_calcification_3,,,
486,3,calcification,digitized,2,"[2120, 1776, 3072, 2928]",1,,VASCULAR,./data/CBIS-DDSM/Calc-Training_P_00780_RIGHT_MLO/08-07-2016-DDSM-70826/1.000000-full mammogram images-17195/1-1.dcm,./data/CBIS-DDSM/Calc-Training_P_00780_RIGHT_MLO_3/09-06-2017-DDSM-99353/1.000000-ROI mask images-60647/1-2.dcm,MG,5,benign,P_00780,right,4,mlo,P_00780_RIGHT_MLO_calcification_3,,,
1323,4,calcification,digitized,2,"[1612, 2164, 2764, 3315]",1,,FINE_LINEAR_BRANCHING,./data/CBIS-DDSM/Calc-Training_P_00780_RIGHT_MLO/08-07-2016-DDSM-70826/1.000000-full mammogram images-17195/1-1.dcm,./data/CBIS-DDSM/Calc-Training_P_00780_RIGHT_MLO_4/09-06-2017-DDSM-84654/1.000000-ROI mask images-83126/1-2.dcm,MG,5,benign,P_00780,right,4,mlo,P_00780_RIGHT_MLO_calcification_4,,,
1338,2,calcification,digitized,2,"[2040, 1612, 3072, 2764]",1,,VASCULAR,./data/CBIS-DDSM/Calc-Training_P_00780_RIGHT_MLO/08-07-2016-DDSM-70826/1.000000-full mammogram images-17195/1-1.dcm,./data/CBIS-DDSM/Calc-Training_P_00780_RIGHT_MLO_2/09-06-2017-DDSM-45941/1.000000-ROI mask images-10492/1-2.dcm,MG,5,benign,P_00780,right,4,mlo,P_00780_RIGHT_MLO_calcification_2,,,
1678,1,calcification,digitized,2,"[1736, 1520, 2888, 2672]",1,,VASCULAR,./data/CBIS-DDSM/Calc-Training_P_00780_RIGHT_MLO/08-07-2016-DDSM-70826/1.000000-full mammogram images-17195/1-1.dcm,./data/CBIS-DDSM/Calc-Training_P_00780_RIGHT_MLO_1/09-06-2017-DDSM-11063/1.000000-ROI mask images-30315/1-2.dcm,MG,5,benign,P_00780,right,4,mlo,P_00780_RIGHT_MLO_calcification_1,,,
2009,5,calcification,digitized,2,"[1492, 2104, 2644, 3256]",1,,FINE_LINEAR_BRANCHING,./data/CBIS-DDSM/Calc-Training_P_00780_RIGHT_MLO/08-07-2016-DDSM-70826/1.000000-full mammogram images-17195/1-1.dcm,./data/CBIS-DDSM/Calc-Training_P_00780_RIGHT_MLO_5/09-06-2017-DDSM-81708/1.000000-ROI mask images-74836/1-2.dcm,MG,5,benign,P_00780,right,4,mlo,P_00780_RIGHT_MLO_calcification_5,,,
3205,1,calcification,digitized,4,"[1186, 1260, 2338, 2412]",4,CLUSTERED,PLEOMORPHIC,./data/CBIS-DDSM/Calc-Training_P_00806_LEFT_CC/08-07-2016-DDSM-15227/1.000000-full mammogram images-82592/1-1.dcm,./data/CBIS-DDSM/Calc-Training_P_00806_LEFT_CC_1/09-06-2017-DDSM-64837/1.000000-ROI mask images-45496/1-2.dcm,MG,1,benign,P_00806,left,2,cc,P_00806_LEFT_CC_calcification_1,,,
1429,1,calcification,digitized,4,"[1277, 2056, 2429, 3208]",4,CLUSTERED,PLEOMORPHIC,./data/CBIS-DDSM/Calc-Training_P_00806_LEFT_MLO/08-07-2016-DDSM-65879/1.000000-full mammogram images-51991/1-1.dcm,./data/CBIS-DDSM/Calc-Training_P_00806_LEFT_MLO_1/09-06-2017-DDSM-42154/1.000000-ROI mask images-26660/1-2.dcm,MG,1,benign,P_00806,left,2,mlo,P_00806_LEFT_MLO_calcification_1,,,
1899,1,calcification,digitized,4,"[1596, 720, 2748, 1872]",3,CLUSTERED,PLEOMORPHIC,./data/CBIS-DDSM/Calc-Test_P_00843_RIGHT_CC/08-29-2017-DDSM-70347/1.000000-full mammogram images-95408/1-1.dcm,./data/CBIS-DDSM/Calc-Test_P_00843_RIGHT_CC_1/08-29-2017-DDSM-85912/1.000000-ROI mask images-34355/1-2.dcm,MG,1,benign,P_00843,right,4,cc,P_00843_RIGHT_CC_calcification_1,,,
465,1,calcification,digitized,4,"[1392, 1732, 2544, 2884]",3,CLUSTERED,PLEOMORPHIC,./data/CBIS-DDSM/Calc-Test_P_00843_RIGHT_MLO/08-29-2017-DDSM-03679/1.000000-full mammogram images-52395/1-1.dcm,./data/CBIS-DDSM/Calc-Test_P_00843_RIGHT_MLO_1/08-29-2017-DDSM-11560/1.000000-ROI mask images-85809/1-2.dcm,MG,1,benign,P_00843,right,4,mlo,P_00843_RIGHT_MLO_calcification_1,,,
2378,1,calcification,digitized,4,"[1596, 2504, 2748, 3656]",3,SEGMENTAL,PLEOMORPHIC-FINE_LINEAR_BRANCHING,./data/CBIS-DDSM/Calc-Training_P_00864_LEFT_CC/08-07-2016-DDSM-33263/1.000000-full mammogram images-01897/1-1.dcm,./data/CBIS-DDSM/Calc-Training_P_00864_LEFT_CC_1/09-06-2017-DDSM-14794/1.000000-ROI mask images-69758/1-2.dcm,MG,1,malignant,P_00864,left,3,cc,P_00864_LEFT_CC_calcification_1,,,
2113,1,calcification,digitized,4,"[1284, 1384, 2436, 2536]",3,SEGMENTAL,PLEOMORPHIC-FINE_LINEAR_BRANCHING,./data/CBIS-DDSM/Calc-Training_P_00864_LEFT_MLO/08-07-2016-DDSM-87526/1.000000-full mammogram images-61267/1-1.dcm,./data/CBIS-DDSM/Calc-Training_P_00864_LEFT_MLO_1/09-06-2017-DDSM-43230/1.000000-ROI mask images-55178/1-2.dcm,MG,1,malignant,P_00864,left,3,mlo,P_00864_LEFT_MLO_calcification_1,,,
1200,1,calcification,digitized,4,"[300, 1256, 1452, 2408]",2,CLUSTERED,PLEOMORPHIC,./data/CBIS-DDSM/Calc-Training_P_00866_RIGHT_CC/08-07-2016-DDSM-67313/1.000000-full mammogram images-86232/1-1.dcm,./data/CBIS-DDSM/Calc-Training_P_00866_RIGHT_CC_1/09-06-2017-DDSM-96993/1.000000-ROI mask images-19676/1-2.dcm,MG,1,benign,P_00866,right,3,cc,P_00866_RIGHT_CC_calcification_1,,,
1540,1,calcification,digitized,4,"[1248, 2076, 2400, 3228]",2,CLUSTERED,PLEOMORPHIC,./data/CBIS-DDSM/Calc-Training_P_00866_RIGHT_MLO/08-07-2016-DDSM-34511/1.000000-full mammogram images-19719/1-1.dcm,./data/CBIS-DDSM/Calc-Training_P_00866_RIGHT_MLO_1/09-06-2017-DDSM-46140/1.000000-ROI mask images-08607/1-2.dcm,MG,1,benign,P_00866,right,3,mlo,P_00866_RIGHT_MLO_calcification_1,,,
3049,1,calcification,digitized,5,"[220, 1345, 1372, 2497]",3,LINEAR,FINE_LINEAR_BRANCHING,./data/CBIS-DDSM/Calc-Test_P_00879_RIGHT_CC/08-29-2017-DDSM-35390/1.000000-full mammogram images-46945/1-1.dcm,./data/CBIS-DDSM/Calc-Test_P_00879_RIGHT_CC_1/08-29-2017-DDSM-08726/1.000000-ROI mask images-15618/1-2.dcm,MG,1,malignant,P_00879,right,3,cc,P_00879_RIGHT_CC_calcification_1,,,
1637,1,calcification,digitized,5,"[300, 2104, 1452, 3256]",3,LINEAR,FINE_LINEAR_BRANCHING,./data/CBIS-DDSM/Calc-Test_P_00879_RIGHT_MLO/08-29-2017-DDSM-58712/1.000000-full mammogram images-39513/1-1.dcm,./data/CBIS-DDSM/Calc-Test_P_00879_RIGHT_MLO_1/08-29-2017-DDSM-32982/1.000000-ROI mask images-23782/1-2.dcm,MG,1,malignant,P_00879,right,3,mlo,P_00879_RIGHT_MLO_calcification_1,,,
3014,2,calcification,digitized,3,"[0, 2696, 1148, 3848]",4,CLUSTERED,PUNCTATE-PLEOMORPHIC,./data/CBIS-DDSM/Calc-Test_P_00906_LEFT_CC/08-29-2017-DDSM-83260/1.000000-full mammogram images-62197/1-1.dcm,./data/CBIS-DDSM/Calc-Test_P_00906_LEFT_CC_2/08-29-2017-DDSM-84435/1.000000-ROI mask images-49486/1-2.dcm,MG,1,malignant,P_00906,left,2,cc,P_00906_LEFT_CC_calcification_2,,,
2874,3,calcification,digitized,3,"[256, 2828, 1408, 3980]",4,CLUSTERED,PUNCTATE,./data/CBIS-DDSM/Calc-Test_P_00906_LEFT_MLO/08-29-2017-DDSM-00078/1.000000-full mammogram images-05815/1-1.dcm,./data/CBIS-DDSM/Calc-Test_P_00906_LEFT_MLO_3/08-29-2017-DDSM-37402/1.000000-ROI mask images-97998/1-2.dcm,MG,2,malignant,P_00906,left,2,mlo,P_00906_LEFT_MLO_calcification_3,,,
3070,2,calcification,digitized,3,"[12, 2832, 1164, 3984]",4,CLUSTERED,PUNCTATE,./data/CBIS-DDSM/Calc-Test_P_00906_LEFT_MLO/08-29-2017-DDSM-00078/1.000000-full mammogram images-05815/1-1.dcm,./data/CBIS-DDSM/Calc-Test_P_00906_LEFT_MLO_2/08-29-2017-DDSM-79212/1.000000-ROI mask images-05060/1-2.dcm,MG,2,malignant,P_00906,left,2,mlo,P_00906_LEFT_MLO_calcification_2,,,
1039,1,calcification,digitized,3,"[36, 1320, 1188, 2472]",2,CLUSTERED,AMORPHOUS,./data/CBIS-DDSM/Calc-Training_P_00953_LEFT_CC/08-07-2016-DDSM-13270/1.000000-full mammogram images-38031/1-1.dcm,./data/CBIS-DDSM/Calc-Training_P_00953_LEFT_CC_1/09-06-2017-DDSM-19888/1.000000-ROI mask images-02324/1-2.dcm,MG,1,benign,P_00953,left,2,cc,P_00953_LEFT_CC_calcification_1,,,
1129,1,calcification,digitized,3,"[304, 2044, 1456, 3196]",2,CLUSTERED,PUNCTATE,./data/CBIS-DDSM/Calc-Training_P_00953_LEFT_MLO/08-07-2016-DDSM-49033/1.000000-full mammogram images-26015/1-1.dcm,./data/CBIS-DDSM/Calc-Training_P_00953_LEFT_MLO_1/09-06-2017-DDSM-77891/1.000000-ROI mask images-00172/1-2.dcm,MG,1,benign,P_00953,left,3,mlo,P_00953_LEFT_MLO_calcification_1,,,
523,2,calcification,digitized,4,"[0, 560, 764, 1711]",3,LINEAR-SEGMENTAL,PLEOMORPHIC,./data/CBIS-DDSM/Calc-Training_P_00969_LEFT_CC/08-07-2016-DDSM-22097/1.000000-full mammogram images-29920/1-1.dcm,./data/CBIS-DDSM/Calc-Training_P_00969_LEFT_CC_2/09-06-2017-DDSM-69390/1.000000-ROI mask images-39450/1-2.dcm,MG,1,malignant,P_00969,left,3,cc,P_00969_LEFT_CC_calcification_2,,,
198,2,calcification,digitized,4,"[276, 1076, 1428, 2228]",3,LINEAR-SEGMENTAL,PLEOMORPHIC,./data/CBIS-DDSM/Calc-Training_P_00969_LEFT_MLO/08-07-2016-DDSM-58582/1.000000-full mammogram images-18854/1-1.dcm,./data/CBIS-DDSM/Calc-Training_P_00969_LEFT_MLO_2/09-06-2017-DDSM-69481/1.000000-ROI mask images-53489/1-2.dcm,MG,3,malignant,P_00969,left,3,mlo,P_00969_LEFT_MLO_calcification_2,,,
2278,3,calcification,digitized,4,"[240, 1408, 1392, 2560]",3,LINEAR-SEGMENTAL,PLEOMORPHIC,./data/CBIS-DDSM/Calc-Training_P_00969_LEFT_MLO/08-07-2016-DDSM-58582/1.000000-full mammogram images-18854/1-1.dcm,./data/CBIS-DDSM/Calc-Training_P_00969_LEFT_MLO_3/09-06-2017-DDSM-65912/1.000000-ROI mask images-97009/1-2.dcm,MG,3,malignant,P_00969,left,3,mlo,P_00969_LEFT_MLO_calcification_3,,,
3080,5,calcification,digitized,4,"[844, 1224, 1996, 2376]",3,LINEAR-SEGMENTAL,PLEOMORPHIC,./data/CBIS-DDSM/Calc-Training_P_00969_LEFT_MLO/08-07-2016-DDSM-58582/1.000000-full mammogram images-18854/1-1.dcm,./data/CBIS-DDSM/Calc-Training_P_00969_LEFT_MLO_5/09-06-2017-DDSM-61305/1.000000-ROI mask images-98192/1-2.dcm,MG,3,malignant,P_00969,left,3,mlo,P_00969_LEFT_MLO_calcification_5,,,
1364,1,calcification,digitized,4,"[324, 3323, 1476, 4475]",3,LINEAR,PLEOMORPHIC,./data/CBIS-DDSM/Calc-Test_P_00974_RIGHT_CC/08-29-2017-DDSM-02727/1.000000-full mammogram images-86417/1-1.dcm,./data/CBIS-DDSM/Calc-Test_P_00974_RIGHT_CC_1/08-29-2017-DDSM-65939/1.000000-ROI mask images-81975/1-2.dcm,MG,1,malignant,P_00974,right,2,cc,P_00974_RIGHT_CC_calcification_1,,,
721,1,calcification,digitized,4,"[656, 2504, 1808, 3656]",3,LINEAR,PLEOMORPHIC,./data/CBIS-DDSM/Calc-Test_P_00974_RIGHT_MLO/08-29-2017-DDSM-38770/1.000000-full mammogram images-10746/1-1.dcm,./data/CBIS-DDSM/Calc-Test_P_00974_RIGHT_MLO_1/08-29-2017-DDSM-86482/1.000000-ROI mask images-71468/1-2.dcm,MG,1,malignant,P_00974,right,2,mlo,P_00974_RIGHT_MLO_calcification_1,,,
2580,1,calcification,digitized,2,"[524, 2248, 1676, 3400]",1,,COARSE,./data/CBIS-DDSM/Calc-Training_P_01003_LEFT_CC/08-07-2016-DDSM-17078/1.000000-full mammogram images-91196/1-1.dcm,./data/CBIS-DDSM/Calc-Training_P_01003_LEFT_CC_1/09-06-2017-DDSM-20791/1.000000-ROI mask images-64084/1-2.dcm,MG,1,benign,P_01003,left,5,cc,P_01003_LEFT_CC_calcification_1,,,
164,1,calcification,digitized,2,"[704, 1904, 1856, 3056]",1,,COARSE,./data/CBIS-DDSM/Calc-Training_P_01003_LEFT_MLO/08-07-2016-DDSM-47641/1.000000-full mammogram images-87367/1-1.dcm,./data/CBIS-DDSM/Calc-Training_P_01003_LEFT_MLO_1/09-06-2017-DDSM-57601/1.000000-ROI mask images-00709/1-2.dcm,MG,1,benign,P_01003,left,5,mlo,P_01003_LEFT_MLO_calcification_1,,,
2604,1,calcification,digitized,4,"[276, 3180, 1428, 4332]",3,CLUSTERED,PUNCTATE,./data/CBIS-DDSM/Calc-Training_P_01010_RIGHT_MLO/08-07-2016-DDSM-36886/1.000000-full mammogram images-08865/1-1.dcm,./data/CBIS-DDSM/Calc-Training_P_01010_RIGHT_MLO_1/09-06-2017-DDSM-91287/1.000000-ROI mask images-12534/1-2.dcm,MG,1,benign,P_01010,right,1,mlo,P_01010_RIGHT_MLO_calcification_1,,,
2816,1,calcification,digitized,4,"[0, 1300, 1004, 2452]",3,CLUSTERED,PUNCTATE-AMORPHOUS,./data/CBIS-DDSM/Calc-Test_P_01022_LEFT_CC/08-29-2017-DDSM-78941/1.000000-full mammogram images-29169/1-1.dcm,./data/CBIS-DDSM/Calc-Test_P_01022_LEFT_CC_1/08-29-2017-DDSM-19062/1.000000-ROI mask images-96120/1-2.dcm,MG,1,benign,P_01022,left,3,cc,P_01022_LEFT_CC_calcification_1,,,
2164,1,calcification,digitized,4,"[368, 1132, 1520, 2284]",3,CLUSTERED,ROUND_AND_REGULAR-PLEOMORPHIC,./data/CBIS-DDSM/Calc-Test_P_01022_LEFT_MLO/08-29-2017-DDSM-15081/1.000000-full mammogram images-37956/1-1.dcm,./data/CBIS-DDSM/Calc-Test_P_01022_LEFT_MLO_1/08-29-2017-DDSM-65978/1.000000-ROI mask images-60996/1-2.dcm,MG,1,benign,P_01022,left,3,mlo,P_01022_LEFT_MLO_calcification_1,,,
942,2,calcification,digitized,2,"[844, 2368, 1996, 3520]",2,,PUNCTATE,./data/CBIS-DDSM/Calc-Training_P_01029_LEFT_CC/08-07-2016-DDSM-04828/1.000000-full mammogram images-14222/1-1.dcm,./data/CBIS-DDSM/Calc-Training_P_01029_LEFT_CC_2/09-06-2017-DDSM-69977/1.000000-ROI mask images-77642/1-2.dcm,MG,3,benign,P_01029,left,3,cc,P_01029_LEFT_CC_calcification_2,,,
1757,1,calcification,digitized,2,"[436, 2052, 1588, 3204]",2,,PUNCTATE,./data/CBIS-DDSM/Calc-Training_P_01029_LEFT_CC/08-07-2016-DDSM-04828/1.000000-full mammogram images-14222/1-1.dcm,./data/CBIS-DDSM/Calc-Training_P_01029_LEFT_CC_1/09-06-2017-DDSM-16289/1.000000-ROI mask images-93794/1-2.dcm,MG,3,benign,P_01029,left,3,cc,P_01029_LEFT_CC_calcification_1,,,
3241,3,calcification,digitized,2,"[0, 2924, 1068, 4076]",2,,PUNCTATE,./data/CBIS-DDSM/Calc-Training_P_01029_LEFT_CC/08-07-2016-DDSM-04828/1.000000-full mammogram images-14222/1-1.dcm,./data/CBIS-DDSM/Calc-Training_P_01029_LEFT_CC_3/09-06-2017-DDSM-26194/1.000000-ROI mask images-21523/1-2.dcm,MG,3,benign,P_01029,left,3,cc,P_01029_LEFT_CC_calcification_3,,,
1545,2,calcification,digitized,2,"[584, 1116, 1736, 2268]",2,,PUNCTATE,./data/CBIS-DDSM/Calc-Training_P_01029_LEFT_MLO/08-07-2016-DDSM-29140/1.000000-full mammogram images-58176/1-1.dcm,./data/CBIS-DDSM/Calc-Training_P_01029_LEFT_MLO_2/09-06-2017-DDSM-11814/1.000000-ROI mask images-37472/1-2.dcm,MG,3,benign,P_01029,left,3,mlo,P_01029_LEFT_MLO_calcification_2,,,
1786,1,calcification,digitized,2,"[0, 900, 840, 2052]",2,,PUNCTATE,./data/CBIS-DDSM/Calc-Training_P_01029_LEFT_MLO/08-07-2016-DDSM-29140/1.000000-full mammogram images-58176/1-1.dcm,./data/CBIS-DDSM/Calc-Training_P_01029_LEFT_MLO_1/09-06-2017-DDSM-57230/1.000000-ROI mask images-72207/1-2.dcm,MG,3,benign,P_01029,left,3,mlo,P_01029_LEFT_MLO_calcification_1,,,
2110,3,calcification,digitized,2,"[832, 1712, 1984, 2864]",2,,PUNCTATE,./data/CBIS-DDSM/Calc-Training_P_01029_LEFT_MLO/08-07-2016-DDSM-29140/1.000000-full mammogram images-58176/1-1.dcm,./data/CBIS-DDSM/Calc-Training_P_01029_LEFT_MLO_3/09-06-2017-DDSM-68492/1.000000-ROI mask images-24295/1-2.dcm,MG,3,benign,P_01029,left,3,mlo,P_01029_LEFT_MLO_calcification_3,,,
2813,1,calcification,digitized,2,"[1480, 1796, 2632, 2948]",2,,PUNCTATE,./data/CBIS-DDSM/Calc-Training_P_01029_RIGHT_CC/08-07-2016-DDSM-91848/1.000000-full mammogram images-26736/1-1.dcm,./data/CBIS-DDSM/Calc-Training_P_01029_RIGHT_CC_1/09-06-2017-DDSM-65095/1.000000-ROI mask images-46295/1-2.dcm,MG,1,benign,P_01029,right,3,cc,P_01029_RIGHT_CC_calcification_1,,,
2270,1,calcification,digitized,2,"[836, 1304, 1988, 2456]",2,,PUNCTATE,./data/CBIS-DDSM/Calc-Training_P_01029_RIGHT_MLO/08-07-2016-DDSM-25600/1.000000-full mammogram images-59066/1-1.dcm,./data/CBIS-DDSM/Calc-Training_P_01029_RIGHT_MLO_1/09-06-2017-DDSM-88767/1.000000-ROI mask images-02432/1-2.dcm,MG,1,benign,P_01029,right,3,mlo,P_01029_RIGHT_MLO_calcification_1,,,
2994,1,calcification,digitized,4,"[1051, 2412, 2161, 3563]",4,CLUSTERED,PLEOMORPHIC,./data/CBIS-DDSM/Calc-Training_P_01037_LEFT_CC/08-07-2016-DDSM-66851/1.000000-full mammogram images-09816/1-1.dcm,./data/CBIS-DDSM/Calc-Training_P_01037_LEFT_CC_1/09-06-2017-DDSM-72134/1.000000-ROI mask images-35203/1-2.dcm,MG,1,benign,P_01037,left,2,cc,P_01037_LEFT_CC_calcification_1,,,
2774,1,calcification,digitized,4,"[1541, 3446, 2446, 4597]",4,CLUSTERED,PLEOMORPHIC,./data/CBIS-DDSM/Calc-Training_P_01037_LEFT_MLO/08-07-2016-DDSM-20868/1.000000-full mammogram images-34768/1-1.dcm,./data/CBIS-DDSM/Calc-Training_P_01037_LEFT_MLO_1/09-06-2017-DDSM-22693/1.000000-ROI mask images-14136/1-2.dcm,MG,1,benign,P_01037,left,2,mlo,P_01037_LEFT_MLO_calcification_1,,,
143,1,calcification,digitized,4,"[2100, 2148, 2928, 3300]",4,CLUSTERED,PUNCTATE-PLEOMORPHIC,./data/CBIS-DDSM/Calc-Training_P_01041_RIGHT_CC/08-07-2016-DDSM-17209/1.000000-full mammogram images-16222/1-1.dcm,./data/CBIS-DDSM/Calc-Training_P_01041_RIGHT_CC_1/09-06-2017-DDSM-49735/1.000000-ROI mask images-08123/1-2.dcm,MG,1,malignant,P_01041,right,3,cc,P_01041_RIGHT_CC_calcification_1,,,
1330,1,calcification,digitized,4,"[1776, 1416, 2920, 2568]",4,CLUSTERED,PUNCTATE-PLEOMORPHIC,./data/CBIS-DDSM/Calc-Training_P_01041_RIGHT_MLO/08-07-2016-DDSM-42688/1.000000-full mammogram images-10492/1-1.dcm,./data/CBIS-DDSM/Calc-Training_P_01041_RIGHT_MLO_1/09-06-2017-DDSM-83346/1.000000-ROI mask images-55272/1-2.dcm,MG,1,malignant,P_01041,right,3,mlo,P_01041_RIGHT_MLO_calcification_1,,,
2051,1,calcification,digitized,4,"[1039, 1015, 2086, 2166]",4,SEGMENTAL,PLEOMORPHIC,./data/CBIS-DDSM/Calc-Training_P_01059_LEFT_CC/08-07-2016-DDSM-37467/1.000000-full mammogram images-88146/1-1.dcm,./data/CBIS-DDSM/Calc-Training_P_01059_LEFT_CC_1/09-06-2017-DDSM-63831/1.000000-ROI mask images-44222/1-2.dcm,MG,1,malignant,P_01059,left,3,cc,P_01059_LEFT_CC_calcification_1,,,
1416,1,calcification,digitized,4,"[1117, 2392, 2268, 3543]",4,SEGMENTAL,PLEOMORPHIC,./data/CBIS-DDSM/Calc-Training_P_01059_LEFT_MLO/08-07-2016-DDSM-23946/1.000000-full mammogram images-81155/1-1.dcm,./data/CBIS-DDSM/Calc-Training_P_01059_LEFT_MLO_1/09-06-2017-DDSM-38132/1.000000-ROI mask images-23469/1-2.dcm,MG,1,malignant,P_01059,left,3,mlo,P_01059_LEFT_MLO_calcification_1,,,
3246,1,calcification,digitized,5,"[2328, 1656, 3480, 2808]",2,REGIONAL,PLEOMORPHIC,./data/CBIS-DDSM/Calc-Training_P_01087_LEFT_CC/08-07-2016-DDSM-03858/1.000000-full mammogram images-17504/1-1.dcm,./data/CBIS-DDSM/Calc-Training_P_01087_LEFT_CC_1/09-06-2017-DDSM-00204/1.000000-ROI mask images-78520/1-2.dcm,MG,1,malignant,P_01087,left,4,cc,P_01087_LEFT_CC_calcification_1,,,
2180,1,calcification,digitized,5,"[1300, 1456, 2452, 2608]",3,CLUSTERED-LINEAR,PLEOMORPHIC,./data/CBIS-DDSM/Calc-Training_P_01091_RIGHT_MLO/08-07-2016-DDSM-17967/1.000000-full mammogram images-08738/1-1.dcm,./data/CBIS-DDSM/Calc-Training_P_01091_RIGHT_MLO_1/09-06-2017-DDSM-22609/1.000000-ROI mask images-43628/1-2.dcm,MG,1,malignant,P_01091,right,4,mlo,P_01091_RIGHT_MLO_calcification_1,,,
1015,1,calcification,digitized,4,"[633, 2091, 1784, 3243]",4,CLUSTERED,PLEOMORPHIC,./data/CBIS-DDSM/Calc-Test_P_01092_LEFT_CC/08-29-2017-DDSM-73448/1.000000-full mammogram images-24111/1-1.dcm,./data/CBIS-DDSM/Calc-Test_P_01092_LEFT_CC_1/08-29-2017-DDSM-39934/1.000000-ROI mask images-36190/1-2.dcm,MG,1,malignant,P_01092,left,3,cc,P_01092_LEFT_CC_calcification_1,,,
2144,1,calcification,digitized,4,"[393, 2321, 1544, 3472]",4,CLUSTERED,PLEOMORPHIC,./data/CBIS-DDSM/Calc-Test_P_01092_LEFT_MLO/08-29-2017-DDSM-17901/1.000000-full mammogram images-67843/1-1.dcm,./data/CBIS-DDSM/Calc-Test_P_01092_LEFT_MLO_1/08-29-2017-DDSM-31373/1.000000-ROI mask images-16511/1-2.dcm,MG,1,malignant,P_01092,left,3,mlo,P_01092_LEFT_MLO_calcification_1,,,
852,1,calcification,digitized,2,"[688, 3516, 1840, 4668]",2,,PUNCTATE,./data/CBIS-DDSM/Calc-Training_P_01099_LEFT_CC/08-07-2016-DDSM-57782/1.000000-full mammogram images-36349/1-1.dcm,./data/CBIS-DDSM/Calc-Training_P_01099_LEFT_CC_1/09-06-2017-DDSM-41703/1.000000-ROI mask images-41485/1-2.dcm,MG,6,benign,P_01099,left,4,cc,P_01099_LEFT_CC_calcification_1,,,
867,5,calcification,digitized,2,"[0, 2680, 700, 3832]",2,,VASCULAR,./data/CBIS-DDSM/Calc-Training_P_01099_LEFT_CC/08-07-2016-DDSM-57782/1.000000-full mammogram images-36349/1-1.dcm,./data/CBIS-DDSM/Calc-Training_P_01099_LEFT_CC_5/09-06-2017-DDSM-01247/1.000000-ROI mask images-05889/1-2.dcm,MG,6,benign,P_01099,left,4,cc,P_01099_LEFT_CC_calcification_5,,,
957,4,calcification,digitized,2,"[968, 1428, 2120, 2580]",2,,VASCULAR,./data/CBIS-DDSM/Calc-Training_P_01099_LEFT_CC/08-07-2016-DDSM-57782/1.000000-full mammogram images-36349/1-1.dcm,./data/CBIS-DDSM/Calc-Training_P_01099_LEFT_CC_4/09-06-2017-DDSM-85078/1.000000-ROI mask images-77393/1-2.dcm,MG,6,benign,P_01099,left,4,cc,P_01099_LEFT_CC_calcification_4,,,
1627,2,calcification,digitized,2,"[756, 1648, 1908, 2799]",2,,PUNCTATE,./data/CBIS-DDSM/Calc-Training_P_01099_LEFT_CC/08-07-2016-DDSM-57782/1.000000-full mammogram images-36349/1-1.dcm,./data/CBIS-DDSM/Calc-Training_P_01099_LEFT_CC_2/09-06-2017-DDSM-48450/1.000000-ROI mask images-56977/1-2.dcm,MG,6,benign,P_01099,left,4,cc,P_01099_LEFT_CC_calcification_2,,,
2267,3,calcification,digitized,2,"[160, 664, 1312, 1816]",2,,VASCULAR,./data/CBIS-DDSM/Calc-Training_P_01099_LEFT_CC/08-07-2016-DDSM-57782/1.000000-full mammogram images-36349/1-1.dcm,./data/CBIS-DDSM/Calc-Training_P_01099_LEFT_CC_3/09-06-2017-DDSM-19687/1.000000-ROI mask images-56753/1-2.dcm,MG,6,benign,P_01099,left,4,cc,P_01099_LEFT_CC_calcification_3,,,
3190,6,calcification,digitized,2,"[0, 3500, 1060, 4652]",2,,VASCULAR,./data/CBIS-DDSM/Calc-Training_P_01099_LEFT_CC/08-07-2016-DDSM-57782/1.000000-full mammogram images-36349/1-1.dcm,./data/CBIS-DDSM/Calc-Training_P_01099_LEFT_CC_6/09-06-2017-DDSM-57240/1.000000-ROI mask images-40625/1-2.dcm,MG,6,benign,P_01099,left,4,cc,P_01099_LEFT_CC_calcification_6,,,
507,2,calcification,digitized,2,"[840, 3064, 1992, 4216]",2,,PUNCTATE,./data/CBIS-DDSM/Calc-Training_P_01099_LEFT_MLO/08-07-2016-DDSM-92707/1.000000-full mammogram images-72508/1-1.dcm,./data/CBIS-DDSM/Calc-Training_P_01099_LEFT_MLO_2/09-06-2017-DDSM-14188/1.000000-ROI mask images-14438/1-2.dcm,MG,4,benign,P_01099,left,4,mlo,P_01099_LEFT_MLO_calcification_2,,,
1126,1,calcification,digitized,2,"[216, 3616, 1368, 4768]",2,,PUNCTATE,./data/CBIS-DDSM/Calc-Training_P_01099_LEFT_MLO/08-07-2016-DDSM-92707/1.000000-full mammogram images-72508/1-1.dcm,./data/CBIS-DDSM/Calc-Training_P_01099_LEFT_MLO_1/09-06-2017-DDSM-71996/1.000000-ROI mask images-85648/1-2.dcm,MG,4,benign,P_01099,left,4,mlo,P_01099_LEFT_MLO_calcification_1,,,
2776,3,calcification,digitized,2,"[356, 3036, 1508, 4188]",2,,PUNCTATE,./data/CBIS-DDSM/Calc-Training_P_01099_LEFT_MLO/08-07-2016-DDSM-92707/1.000000-full mammogram images-72508/1-1.dcm,./data/CBIS-DDSM/Calc-Training_P_01099_LEFT_MLO_3/09-06-2017-DDSM-82256/1.000000-ROI mask images-80479/1-2.dcm,MG,4,benign,P_01099,left,4,mlo,P_01099_LEFT_MLO_calcification_3,,,
3506,4,calcification,digitized,2,"[652, 2004, 1804, 3155]",2,,VASCULAR,./data/CBIS-DDSM/Calc-Training_P_01099_LEFT_MLO/08-07-2016-DDSM-92707/1.000000-full mammogram images-72508/1-1.dcm,./data/CBIS-DDSM/Calc-Training_P_01099_LEFT_MLO_4/09-06-2017-DDSM-85633/1.000000-ROI mask images-31123/1-2.dcm,MG,4,benign,P_01099,left,4,mlo,P_01099_LEFT_MLO_calcification_4,,,
1328,2,calcification,digitized,2,"[2464, 1508, 3616, 2660]",2,,VASCULAR,./data/CBIS-DDSM/Calc-Training_P_01099_RIGHT_CC/08-07-2016-DDSM-08360/1.000000-full mammogram images-95571/1-1.dcm,./data/CBIS-DDSM/Calc-Training_P_01099_RIGHT_CC_2/09-06-2017-DDSM-34272/1.000000-ROI mask images-13477/1-2.dcm,MG,4,benign,P_01099,right,4,cc,P_01099_RIGHT_CC_calcification_2,,,
1700,3,calcification,digitized,2,"[1292, 1580, 2444, 2732]",2,,VASCULAR,./data/CBIS-DDSM/Calc-Training_P_01099_RIGHT_CC/08-07-2016-DDSM-08360/1.000000-full mammogram images-95571/1-1.dcm,./data/CBIS-DDSM/Calc-Training_P_01099_RIGHT_CC_3/09-06-2017-DDSM-72907/1.000000-ROI mask images-41514/1-2.dcm,MG,4,benign,P_01099,right,4,cc,P_01099_RIGHT_CC_calcification_3,,,
2028,4,calcification,digitized,2,"[3212, 2416, 3960, 3568]",2,,VASCULAR,./data/CBIS-DDSM/Calc-Training_P_01099_RIGHT_CC/08-07-2016-DDSM-08360/1.000000-full mammogram images-95571/1-1.dcm,./data/CBIS-DDSM/Calc-Training_P_01099_RIGHT_CC_4/09-06-2017-DDSM-92999/1.000000-ROI mask images-55269/1-2.dcm,MG,4,benign,P_01099,right,4,cc,P_01099_RIGHT_CC_calcification_4,,,
3200,1,calcification,digitized,2,"[1916, 3108, 3068, 4260]",2,,LUCENT_CENTER,./data/CBIS-DDSM/Calc-Training_P_01099_RIGHT_CC/08-07-2016-DDSM-08360/1.000000-full mammogram images-95571/1-1.dcm,./data/CBIS-DDSM/Calc-Training_P_01099_RIGHT_CC_1/09-06-2017-DDSM-37566/1.000000-ROI mask images-78884/1-2.dcm,MG,4,benign,P_01099,right,4,cc,P_01099_RIGHT_CC_calcification_1,,,
165,2,calcification,digitized,2,"[1852, 1932, 3004, 3084]",2,,VASCULAR,./data/CBIS-DDSM/Calc-Training_P_01099_RIGHT_MLO/08-07-2016-DDSM-36538/1.000000-full mammogram images-81525/1-1.dcm,./data/CBIS-DDSM/Calc-Training_P_01099_RIGHT_MLO_2/09-06-2017-DDSM-05805/1.000000-ROI mask images-86378/1-2.dcm,MG,2,benign,P_01099,right,4,mlo,P_01099_RIGHT_MLO_calcification_2,,,
3300,1,calcification,digitized,2,"[1824, 2996, 2976, 4148]",2,,LUCENT_CENTER,./data/CBIS-DDSM/Calc-Training_P_01099_RIGHT_MLO/08-07-2016-DDSM-36538/1.000000-full mammogram images-81525/1-1.dcm,./data/CBIS-DDSM/Calc-Training_P_01099_RIGHT_MLO_1/09-06-2017-DDSM-18468/1.000000-ROI mask images-21535/1-2.dcm,MG,2,benign,P_01099,right,4,mlo,P_01099_RIGHT_MLO_calcification_1,,,
3505,1,calcification,digitized,4,"[1824, 2540, 2976, 3692]",2,CLUSTERED,PLEOMORPHIC,./data/CBIS-DDSM/Calc-Training_P_01111_RIGHT_CC/08-07-2016-DDSM-61211/1.000000-full mammogram images-17912/1-1.dcm,./data/CBIS-DDSM/Calc-Training_P_01111_RIGHT_CC_1/09-06-2017-DDSM-90742/1.000000-ROI mask images-35399/1-2.dcm,MG,1,benign,P_01111,right,3,cc,P_01111_RIGHT_CC_calcification_1,,,
563,1,calcification,digitized,4,"[1820, 4004, 2972, 5156]",2,CLUSTERED,ROUND_AND_REGULAR-PLEOMORPHIC,./data/CBIS-DDSM/Calc-Training_P_01111_RIGHT_MLO/08-07-2016-DDSM-84848/1.000000-full mammogram images-62275/1-1.dcm,./data/CBIS-DDSM/Calc-Training_P_01111_RIGHT_MLO_1/09-06-2017-DDSM-48747/1.000000-ROI mask images-85204/1-2.dcm,MG,1,benign,P_01111,right,3,mlo,P_01111_RIGHT_MLO_calcification_1,,,
132,1,calcification,digitized,4,"[672, 3136, 1824, 4288]",3,CLUSTERED,PLEOMORPHIC,./data/CBIS-DDSM/Calc-Training_P_01121_RIGHT_CC/08-07-2016-DDSM-63025/1.000000-full mammogram images-73270/1-1.dcm,./data/CBIS-DDSM/Calc-Training_P_01121_RIGHT_CC_1/09-06-2017-DDSM-72534/1.000000-ROI mask images-41665/1-2.dcm,MG,1,benign,P_01121,right,4,cc,P_01121_RIGHT_CC_calcification_1,,,
451,1,calcification,digitized,4,"[1561, 1194, 2311, 2346]",4,CLUSTERED,PLEOMORPHIC,./data/CBIS-DDSM/Calc-Training_P_01137_LEFT_CC/08-07-2016-DDSM-34941/1.000000-full mammogram images-28970/1-1.dcm,./data/CBIS-DDSM/Calc-Training_P_01137_LEFT_CC_1/09-06-2017-DDSM-37758/1.000000-ROI mask images-69082/1-2.dcm,MG,1,benign,P_01137,left,3,cc,P_01137_LEFT_CC_calcification_1,,,
1321,1,calcification,digitized,4,"[1383, 2088, 2461, 3240]",4,CLUSTERED,PLEOMORPHIC,./data/CBIS-DDSM/Calc-Training_P_01137_LEFT_MLO/08-07-2016-DDSM-82923/1.000000-full mammogram images-55399/1-1.dcm,./data/CBIS-DDSM/Calc-Training_P_01137_LEFT_MLO_1/09-06-2017-DDSM-06557/1.000000-ROI mask images-99789/1-2.dcm,MG,1,benign,P_01137,left,3,mlo,P_01137_LEFT_MLO_calcification_1,,,
445,1,calcification,digitized,4,"[1320, 2141, 2472, 3293]",3,SEGMENTAL,PLEOMORPHIC,./data/CBIS-DDSM/Calc-Training_P_01143_RIGHT_CC/08-07-2016-DDSM-75711/1.000000-full mammogram images-09428/1-1.dcm,./data/CBIS-DDSM/Calc-Training_P_01143_RIGHT_CC_1/09-06-2017-DDSM-66469/1.000000-ROI mask images-80365/1-2.dcm,MG,1,malignant,P_01143,right,2,cc,P_01143_RIGHT_CC_calcification_1,,,
737,1,calcification,digitized,4,"[0, 2028, 1076, 3180]",3,CLUSTERED,PLEOMORPHIC,./data/CBIS-DDSM/Calc-Training_P_01166_RIGHT_CC/08-07-2016-DDSM-52205/1.000000-full mammogram images-18390/1-1.dcm,./data/CBIS-DDSM/Calc-Training_P_01166_RIGHT_CC_1/09-06-2017-DDSM-05988/1.000000-ROI mask images-56695/1-2.dcm,MG,1,malignant,P_01166,right,2,cc,P_01166_RIGHT_CC_calcification_1,,,
75,1,calcification,digitized,4,"[224, 2124, 1376, 3276]",3,CLUSTERED,PLEOMORPHIC,./data/CBIS-DDSM/Calc-Training_P_01166_RIGHT_MLO/08-07-2016-DDSM-78410/1.000000-full mammogram images-05322/1-1.dcm,./data/CBIS-DDSM/Calc-Training_P_01166_RIGHT_MLO_1/09-06-2017-DDSM-33699/1.000000-ROI mask images-31178/1-2.dcm,MG,1,malignant,P_01166,right,2,mlo,P_01166_RIGHT_MLO_calcification_1,,,
2263,2,calcification,digitized,2,"[988, 2216, 2140, 3368]",2,,LUCENT_CENTER,./data/CBIS-DDSM/Calc-Training_P_01169_LEFT_CC/08-07-2016-DDSM-50892/1.000000-full mammogram images-27163/1-1.dcm,./data/CBIS-DDSM/Calc-Training_P_01169_LEFT_CC_2/09-06-2017-DDSM-37585/1.000000-ROI mask images-33048/1-2.dcm,MG,3,benign,P_01169,left,5,cc,P_01169_LEFT_CC_calcification_2,,,
2762,1,calcification,digitized,2,"[1056, 1148, 2208, 2300]",2,,LUCENT_CENTER,./data/CBIS-DDSM/Calc-Training_P_01169_LEFT_CC/08-07-2016-DDSM-50892/1.000000-full mammogram images-27163/1-1.dcm,./data/CBIS-DDSM/Calc-Training_P_01169_LEFT_CC_1/09-06-2017-DDSM-25379/1.000000-ROI mask images-32706/1-2.dcm,MG,3,benign,P_01169,left,5,cc,P_01169_LEFT_CC_calcification_1,,,
2914,3,calcification,digitized,2,"[1596, 2400, 2748, 3552]",2,,LUCENT_CENTER,./data/CBIS-DDSM/Calc-Training_P_01169_LEFT_CC/08-07-2016-DDSM-50892/1.000000-full mammogram images-27163/1-1.dcm,./data/CBIS-DDSM/Calc-Training_P_01169_LEFT_CC_3/09-06-2017-DDSM-96118/1.000000-ROI mask images-74406/1-2.dcm,MG,3,benign,P_01169,left,5,cc,P_01169_LEFT_CC_calcification_3,,,
641,2,calcification,digitized,2,"[1580, 2684, 2732, 3836]",2,,LUCENT_CENTER,./data/CBIS-DDSM/Calc-Training_P_01169_LEFT_MLO/08-07-2016-DDSM-47602/1.000000-full mammogram images-25501/1-1.dcm,./data/CBIS-DDSM/Calc-Training_P_01169_LEFT_MLO_2/09-06-2017-DDSM-03332/1.000000-ROI mask images-60812/1-2.dcm,MG,3,benign,P_01169,left,5,mlo,P_01169_LEFT_MLO_calcification_2,,,
985,1,calcification,digitized,2,"[1616, 2056, 2768, 3208]",2,,LUCENT_CENTER,./data/CBIS-DDSM/Calc-Training_P_01169_LEFT_MLO/08-07-2016-DDSM-47602/1.000000-full mammogram images-25501/1-1.dcm,./data/CBIS-DDSM/Calc-Training_P_01169_LEFT_MLO_1/09-06-2017-DDSM-94128/1.000000-ROI mask images-27912/1-2.dcm,MG,3,benign,P_01169,left,5,mlo,P_01169_LEFT_MLO_calcification_1,,,
1022,3,calcification,digitized,2,"[2116, 2860, 3268, 4012]",2,,LUCENT_CENTER,./data/CBIS-DDSM/Calc-Training_P_01169_LEFT_MLO/08-07-2016-DDSM-47602/1.000000-full mammogram images-25501/1-1.dcm,./data/CBIS-DDSM/Calc-Training_P_01169_LEFT_MLO_3/09-06-2017-DDSM-52760/1.000000-ROI mask images-35541/1-2.dcm,MG,3,benign,P_01169,left,5,mlo,P_01169_LEFT_MLO_calcification_3,,,
1689,2,calcification,digitized,5,"[409, 2384, 1560, 3535]",3,CLUSTERED,PLEOMORPHIC,./data/CBIS-DDSM/Calc-Test_P_01179_LEFT_MLO/08-29-2017-DDSM-15449/1.000000-full mammogram images-26186/1-1.dcm,./data/CBIS-DDSM/Calc-Test_P_01179_LEFT_MLO_2/08-29-2017-DDSM-65847/1.000000-ROI mask images-83679/1-2.dcm,MG,1,malignant,P_01179,left,5,mlo,P_01179_LEFT_MLO_calcification_2,,,
1071,1,calcification,digitized,4,"[0, 820, 872, 1972]",2,CLUSTERED,AMORPHOUS,./data/CBIS-DDSM/Calc-Training_P_01184_LEFT_CC/08-07-2016-DDSM-97464/1.000000-full mammogram images-86422/1-1.dcm,./data/CBIS-DDSM/Calc-Training_P_01184_LEFT_CC_1/09-06-2017-DDSM-69665/1.000000-ROI mask images-50153/1-2.dcm,MG,1,benign,P_01184,left,2,cc,P_01184_LEFT_CC_calcification_1,,,
817,1,calcification,digitized,4,"[0, 1264, 1084, 2416]",2,CLUSTERED,AMORPHOUS,./data/CBIS-DDSM/Calc-Training_P_01184_LEFT_MLO/08-07-2016-DDSM-66018/1.000000-full mammogram images-24998/1-1.dcm,./data/CBIS-DDSM/Calc-Training_P_01184_LEFT_MLO_1/09-06-2017-DDSM-27568/1.000000-ROI mask images-95487/1-2.dcm,MG,1,benign,P_01184,left,2,mlo,P_01184_LEFT_MLO_calcification_1,,,
512,1,calcification,digitized,0,"[814, 1876, 1966, 3028]",3,CLUSTERED,PLEOMORPHIC,./data/CBIS-DDSM/Calc-Training_P_01197_LEFT_CC/08-07-2016-DDSM-43453/1.000000-full mammogram images-78289/1-1.dcm,./data/CBIS-DDSM/Calc-Training_P_01197_LEFT_CC_1/09-06-2017-DDSM-89942/1.000000-ROI mask images-54831/1-2.dcm,MG,1,malignant,P_01197,left,4,cc,P_01197_LEFT_CC_calcification_1,,,
1264,1,calcification,digitized,0,"[938, 2126, 2090, 3278]",3,CLUSTERED,PLEOMORPHIC,./data/CBIS-DDSM/Calc-Training_P_01197_LEFT_MLO/08-07-2016-DDSM-78119/1.000000-full mammogram images-40759/1-1.dcm,./data/CBIS-DDSM/Calc-Training_P_01197_LEFT_MLO_1/09-06-2017-DDSM-90138/1.000000-ROI mask images-52606/1-2.dcm,MG,1,malignant,P_01197,left,4,mlo,P_01197_LEFT_MLO_calcification_1,,,
2694,1,calcification,digitized,4,"[1640, 1216, 2792, 2368]",2,SEGMENTAL,PUNCTATE,./data/CBIS-DDSM/Calc-Training_P_01205_RIGHT_CC/08-07-2016-DDSM-25962/1.000000-full mammogram images-55658/1-1.dcm,./data/CBIS-DDSM/Calc-Training_P_01205_RIGHT_CC_1/09-06-2017-DDSM-31542/1.000000-ROI mask images-88062/1-2.dcm,MG,1,benign,P_01205,right,4,cc,P_01205_RIGHT_CC_calcification_1,,,
1723,1,calcification,digitized,4,"[1528, 3060, 2680, 4212]",2,SEGMENTAL,PUNCTATE,./data/CBIS-DDSM/Calc-Training_P_01205_RIGHT_MLO/08-07-2016-DDSM-97043/1.000000-full mammogram images-00214/1-1.dcm,./data/CBIS-DDSM/Calc-Training_P_01205_RIGHT_MLO_1/09-06-2017-DDSM-99604/1.000000-ROI mask images-30743/1-2.dcm,MG,1,benign,P_01205,right,4,mlo,P_01205_RIGHT_MLO_calcification_1,,,
3039,1,calcification,digitized,4,"[889, 1756, 2041, 2907]",4,CLUSTERED,PLEOMORPHIC,./data/CBIS-DDSM/Calc-Training_P_01234_RIGHT_CC/08-07-2016-DDSM-97961/1.000000-full mammogram images-80736/1-1.dcm,./data/CBIS-DDSM/Calc-Training_P_01234_RIGHT_CC_1/09-06-2017-DDSM-14173/1.000000-ROI mask images-51391/1-2.dcm,MG,1,malignant,P_01234,right,2,cc,P_01234_RIGHT_CC_calcification_1,,,
569,1,calcification,digitized,4,"[834, 2845, 1986, 3996]",4,CLUSTERED,PLEOMORPHIC,./data/CBIS-DDSM/Calc-Training_P_01234_RIGHT_MLO/08-07-2016-DDSM-23573/1.000000-full mammogram images-98753/1-1.dcm,./data/CBIS-DDSM/Calc-Training_P_01234_RIGHT_MLO_1/09-06-2017-DDSM-83036/1.000000-ROI mask images-45068/1-2.dcm,MG,1,malignant,P_01234,right,2,mlo,P_01234_RIGHT_MLO_calcification_1,,,
3558,1,calcification,digitized,4,"[567, 2014, 1719, 3166]",4,CLUSTERED,AMORPHOUS,./data/CBIS-DDSM/Calc-Training_P_01249_LEFT_CC/08-07-2016-DDSM-86978/1.000000-full mammogram images-97777/1-1.dcm,./data/CBIS-DDSM/Calc-Training_P_01249_LEFT_CC_1/09-06-2017-DDSM-72265/1.000000-ROI mask images-28701/1-2.dcm,MG,1,benign,P_01249,left,3,cc,P_01249_LEFT_CC_calcification_1,,,
2216,1,calcification,digitized,4,"[811, 2468, 1963, 3620]",4,CLUSTERED,AMORPHOUS,./data/CBIS-DDSM/Calc-Training_P_01249_LEFT_MLO/08-07-2016-DDSM-45963/1.000000-full mammogram images-60009/1-1.dcm,./data/CBIS-DDSM/Calc-Training_P_01249_LEFT_MLO_1/09-06-2017-DDSM-76109/1.000000-ROI mask images-34884/1-2.dcm,MG,1,benign,P_01249,left,3,mlo,P_01249_LEFT_MLO_calcification_1,,,
549,1,calcification,digitized,4,"[704, 3328, 1856, 4480]",2,CLUSTERED,PLEOMORPHIC,./data/CBIS-DDSM/Calc-Training_P_01275_LEFT_CC/08-07-2016-DDSM-71670/1.000000-full mammogram images-20043/1-1.dcm,./data/CBIS-DDSM/Calc-Training_P_01275_LEFT_CC_1/09-06-2017-DDSM-27923/1.000000-ROI mask images-88239/1-2.dcm,MG,1,benign,P_01275,left,3,cc,P_01275_LEFT_CC_calcification_1,,,
1960,1,calcification,digitized,4,"[848, 3740, 2000, 4892]",2,CLUSTERED,PLEOMORPHIC,./data/CBIS-DDSM/Calc-Training_P_01275_LEFT_MLO/08-07-2016-DDSM-05164/1.000000-full mammogram images-59500/1-1.dcm,./data/CBIS-DDSM/Calc-Training_P_01275_LEFT_MLO_1/09-06-2017-DDSM-65083/1.000000-ROI mask images-28152/1-2.dcm,MG,1,benign,P_01275,left,3,mlo,P_01275_LEFT_MLO_calcification_1,,,
2644,1,calcification,digitized,4,"[436, 524, 1588, 1676]",3,SEGMENTAL,PLEOMORPHIC,./data/CBIS-DDSM/Calc-Training_P_01286_LEFT_CC/08-07-2016-DDSM-84757/1.000000-full mammogram images-51531/1-1.dcm,./data/CBIS-DDSM/Calc-Training_P_01286_LEFT_CC_1/09-06-2017-DDSM-19035/1.000000-ROI mask images-32248/1-2.dcm,MG,1,malignant,P_01286,left,3,cc,P_01286_LEFT_CC_calcification_1,,,
793,1,calcification,digitized,4,"[1084, 1764, 2236, 2916]",3,SEGMENTAL,PLEOMORPHIC,./data/CBIS-DDSM/Calc-Training_P_01286_LEFT_MLO/08-07-2016-DDSM-09531/1.000000-full mammogram images-07689/1-1.dcm,./data/CBIS-DDSM/Calc-Training_P_01286_LEFT_MLO_1/09-06-2017-DDSM-05215/1.000000-ROI mask images-96726/1-2.dcm,MG,1,malignant,P_01286,left,3,mlo,P_01286_LEFT_MLO_calcification_1,,,
2288,2,calcification,digitized,5,"[692, 700, 1844, 1852]",2,CLUSTERED,PLEOMORPHIC,./data/CBIS-DDSM/Calc-Training_P_01300_LEFT_CC/08-07-2016-DDSM-00125/1.000000-full mammogram images-24346/1-1.dcm,./data/CBIS-DDSM/Calc-Training_P_01300_LEFT_CC_2/09-06-2017-DDSM-27057/1.000000-ROI mask images-54672/1-2.dcm,MG,2,malignant,P_01300,left,5,cc,P_01300_LEFT_CC_calcification_2,,,
2311,1,calcification,digitized,5,"[0, 572, 1120, 1724]",2,CLUSTERED,PLEOMORPHIC,./data/CBIS-DDSM/Calc-Training_P_01300_LEFT_CC/08-07-2016-DDSM-00125/1.000000-full mammogram images-24346/1-1.dcm,./data/CBIS-DDSM/Calc-Training_P_01300_LEFT_CC_1/09-06-2017-DDSM-88502/1.000000-ROI mask images-80042/1-2.dcm,MG,2,malignant,P_01300,left,5,cc,P_01300_LEFT_CC_calcification_1,,,
116,2,calcification,digitized,5,"[328, 1736, 1480, 2888]",2,CLUSTERED,PLEOMORPHIC,./data/CBIS-DDSM/Calc-Training_P_01300_LEFT_MLO/08-07-2016-DDSM-15363/1.000000-full mammogram images-56692/1-1.dcm,./data/CBIS-DDSM/Calc-Training_P_01300_LEFT_MLO_2/09-06-2017-DDSM-68482/1.000000-ROI mask images-08057/1-2.dcm,MG,3,malignant,P_01300,left,5,mlo,P_01300_LEFT_MLO_calcification_2,,,
1967,1,calcification,digitized,5,"[0, 1028, 980, 2180]",2,CLUSTERED,PLEOMORPHIC,./data/CBIS-DDSM/Calc-Training_P_01300_LEFT_MLO/08-07-2016-DDSM-15363/1.000000-full mammogram images-56692/1-1.dcm,./data/CBIS-DDSM/Calc-Training_P_01300_LEFT_MLO_1/09-06-2017-DDSM-36027/1.000000-ROI mask images-69866/1-2.dcm,MG,3,malignant,P_01300,left,5,mlo,P_01300_LEFT_MLO_calcification_1,,,
2772,3,calcification,digitized,5,"[800, 1844, 1952, 2996]",2,CLUSTERED,PLEOMORPHIC,./data/CBIS-DDSM/Calc-Training_P_01300_LEFT_MLO/08-07-2016-DDSM-15363/1.000000-full mammogram images-56692/1-1.dcm,./data/CBIS-DDSM/Calc-Training_P_01300_LEFT_MLO_3/09-06-2017-DDSM-18663/1.000000-ROI mask images-23665/1-2.dcm,MG,3,malignant,P_01300,left,5,mlo,P_01300_LEFT_MLO_calcification_3,,,
1317,1,calcification,digitized,4,"[108, 1164, 1260, 2316]",3,CLUSTERED,AMORPHOUS,./data/CBIS-DDSM/Calc-Training_P_01307_LEFT_CC/08-07-2016-DDSM-96693/1.000000-full mammogram images-02020/1-1.dcm,./data/CBIS-DDSM/Calc-Training_P_01307_LEFT_CC_1/09-06-2017-DDSM-19545/1.000000-ROI mask images-80564/1-2.dcm,MG,1,malignant,P_01307,left,2,cc,P_01307_LEFT_CC_calcification_1,,,
776,1,calcification,digitized,4,"[0, 2272, 1152, 3424]",3,CLUSTERED,AMORPHOUS,./data/CBIS-DDSM/Calc-Training_P_01307_LEFT_MLO/08-07-2016-DDSM-94970/1.000000-full mammogram images-66494/1-1.dcm,./data/CBIS-DDSM/Calc-Training_P_01307_LEFT_MLO_1/09-06-2017-DDSM-49865/1.000000-ROI mask images-19758/1-2.dcm,MG,1,malignant,P_01307,left,2,mlo,P_01307_LEFT_MLO_calcification_1,,,
3460,1,calcification,digitized,4,"[1016, 3126, 2168, 4278]",1,CLUSTERED,PLEOMORPHIC,./data/CBIS-DDSM/Calc-Training_P_01309_RIGHT_CC/08-07-2016-DDSM-28765/1.000000-full mammogram images-79403/1-1.dcm,./data/CBIS-DDSM/Calc-Training_P_01309_RIGHT_CC_1/09-06-2017-DDSM-41167/1.000000-ROI mask images-92974/1-2.dcm,MG,1,malignant,P_01309,right,3,cc,P_01309_RIGHT_CC_calcification_1,,,
135,1,calcification,digitized,4,"[1084, 3993, 2236, 5145]",1,CLUSTERED,PLEOMORPHIC,./data/CBIS-DDSM/Calc-Training_P_01309_RIGHT_MLO/08-07-2016-DDSM-65995/1.000000-full mammogram images-67110/1-1.dcm,./data/CBIS-DDSM/Calc-Training_P_01309_RIGHT_MLO_1/09-06-2017-DDSM-70494/1.000000-ROI mask images-13360/1-2.dcm,MG,1,malignant,P_01309,right,3,mlo,P_01309_RIGHT_MLO_calcification_1,,,
2151,1,calcification,digitized,4,"[1119, 2040, 2271, 3192]",4,CLUSTERED,PLEOMORPHIC,./data/CBIS-DDSM/Calc-Test_P_01320_LEFT_MLO/08-29-2017-DDSM-05646/1.000000-full mammogram images-58186/1-1.dcm,./data/CBIS-DDSM/Calc-Test_P_01320_LEFT_MLO_1/08-29-2017-DDSM-06502/1.000000-ROI mask images-70969/1-2.dcm,MG,1,benign,P_01320,left,2,mlo,P_01320_LEFT_MLO_calcification_1,,,
124,1,calcification,digitized,4,"[1450, 1172, 2602, 2324]",2,CLUSTERED,PLEOMORPHIC,./data/CBIS-DDSM/Calc-Training_P_01342_LEFT_CC/08-07-2016-DDSM-39794/1.000000-full mammogram images-77539/1-1.dcm,./data/CBIS-DDSM/Calc-Training_P_01342_LEFT_CC_1/09-06-2017-DDSM-60893/1.000000-ROI mask images-84488/1-2.dcm,MG,1,malignant,P_01342,left,2,cc,P_01342_LEFT_CC_calcification_1,,,
1276,1,calcification,digitized,4,"[908, 2228, 2060, 3380]",2,CLUSTERED,PLEOMORPHIC,./data/CBIS-DDSM/Calc-Training_P_01342_LEFT_MLO/08-07-2016-DDSM-56432/1.000000-full mammogram images-27842/1-1.dcm,./data/CBIS-DDSM/Calc-Training_P_01342_LEFT_MLO_1/09-06-2017-DDSM-08059/1.000000-ROI mask images-95188/1-2.dcm,MG,1,malignant,P_01342,left,2,mlo,P_01342_LEFT_MLO_calcification_1,,,
2848,1,calcification,digitized,2,"[48, 2560, 1200, 3712]",2,CLUSTERED,COARSE-PLEOMORPHIC,./data/CBIS-DDSM/Calc-Test_P_01352_LEFT_CC/08-29-2017-DDSM-33698/1.000000-full mammogram images-93050/1-1.dcm,./data/CBIS-DDSM/Calc-Test_P_01352_LEFT_CC_1/08-29-2017-DDSM-23864/1.000000-ROI mask images-85958/1-2.dcm,MG,1,benign,P_01352,left,4,cc,P_01352_LEFT_CC_calcification_1,,,
3197,1,calcification,digitized,2,"[432, 1784, 1584, 2936]",2,CLUSTERED,COARSE-PLEOMORPHIC,./data/CBIS-DDSM/Calc-Test_P_01352_LEFT_MLO/08-29-2017-DDSM-74594/1.000000-full mammogram images-52701/1-1.dcm,./data/CBIS-DDSM/Calc-Test_P_01352_LEFT_MLO_1/08-29-2017-DDSM-18599/1.000000-ROI mask images-94081/1-2.dcm,MG,1,benign,P_01352,left,3,mlo,P_01352_LEFT_MLO_calcification_1,,,
1773,1,calcification,digitized,5,"[1664, 909, 2815, 2060]",4,SEGMENTAL,PLEOMORPHIC,./data/CBIS-DDSM/Calc-Training_P_01361_LEFT_CC/08-07-2016-DDSM-20848/1.000000-full mammogram images-16400/1-1.dcm,./data/CBIS-DDSM/Calc-Training_P_01361_LEFT_CC_1/09-06-2017-DDSM-21611/1.000000-ROI mask images-07528/1-2.dcm,MG,1,malignant,P_01361,left,5,cc,P_01361_LEFT_CC_calcification_1,,,
487,1,calcification,digitized,5,"[1324, 2191, 2475, 3343]",4,SEGMENTAL,PLEOMORPHIC,./data/CBIS-DDSM/Calc-Training_P_01361_LEFT_MLO/08-07-2016-DDSM-09087/1.000000-full mammogram images-44064/1-1.dcm,./data/CBIS-DDSM/Calc-Training_P_01361_LEFT_MLO_1/09-06-2017-DDSM-91690/1.000000-ROI mask images-22097/1-2.dcm,MG,1,malignant,P_01361,left,5,mlo,P_01361_LEFT_MLO_calcification_1,,,
3539,1,calcification,digitized,3,"[1342, 772, 2494, 1924]",4,CLUSTERED,PLEOMORPHIC,./data/CBIS-DDSM/Calc-Training_P_01366_LEFT_MLO/08-07-2016-DDSM-55162/1.000000-full mammogram images-43517/1-1.dcm,./data/CBIS-DDSM/Calc-Training_P_01366_LEFT_MLO_1/09-06-2017-DDSM-99603/1.000000-ROI mask images-56258/1-2.dcm,MG,1,benign,P_01366,left,2,mlo,P_01366_LEFT_MLO_calcification_1,,,
759,1,calcification,digitized,4,"[2384, 3298, 3271, 4450]",1,CLUSTERED,PLEOMORPHIC,./data/CBIS-DDSM/Calc-Training_P_01375_LEFT_CC/08-07-2016-DDSM-23251/1.000000-full mammogram images-61204/1-1.dcm,./data/CBIS-DDSM/Calc-Training_P_01375_LEFT_CC_1/09-06-2017-DDSM-16714/1.000000-ROI mask images-80846/1-2.dcm,MG,1,benign,P_01375,left,4,cc,P_01375_LEFT_CC_calcification_1,,,
1100,1,calcification,digitized,4,"[2207, 3948, 3106, 5100]",1,CLUSTERED,PLEOMORPHIC,./data/CBIS-DDSM/Calc-Training_P_01375_LEFT_MLO/08-07-2016-DDSM-37246/1.000000-full mammogram images-91921/1-1.dcm,./data/CBIS-DDSM/Calc-Training_P_01375_LEFT_MLO_1/09-06-2017-DDSM-35052/1.000000-ROI mask images-17836/1-2.dcm,MG,1,benign,P_01375,left,4,mlo,P_01375_LEFT_MLO_calcification_1,,,
1570,1,calcification,digitized,4,"[676, 896, 1828, 2048]",4,CLUSTERED,PLEOMORPHIC,./data/CBIS-DDSM/Calc-Training_P_01384_LEFT_MLO/08-07-2016-DDSM-82425/1.000000-full mammogram images-03952/1-1.dcm,./data/CBIS-DDSM/Calc-Training_P_01384_LEFT_MLO_1/09-06-2017-DDSM-52024/1.000000-ROI mask images-38722/1-2.dcm,MG,1,malignant,P_01384,left,2,mlo,P_01384_LEFT_MLO_calcification_1,,,
1240,1,calcification,digitized,3,"[0, 948, 1032, 2100]",1,CLUSTERED,PLEOMORPHIC-FINE_LINEAR_BRANCHING,./data/CBIS-DDSM/Calc-Training_P_01392_LEFT_CC/08-07-2016-DDSM-14601/1.000000-full mammogram images-35702/1-1.dcm,./data/CBIS-DDSM/Calc-Training_P_01392_LEFT_CC_1/09-06-2017-DDSM-44382/1.000000-ROI mask images-80823/1-2.dcm,MG,1,benign,P_01392,left,5,cc,P_01392_LEFT_CC_calcification_1,,,
3471,1,calcification,digitized,3,"[316, 1704, 1468, 2855]",1,CLUSTERED,PLEOMORPHIC,./data/CBIS-DDSM/Calc-Training_P_01392_LEFT_MLO/08-07-2016-DDSM-14143/1.000000-full mammogram images-16702/1-1.dcm,./data/CBIS-DDSM/Calc-Training_P_01392_LEFT_MLO_1/09-06-2017-DDSM-08703/1.000000-ROI mask images-72305/1-2.dcm,MG,1,benign,P_01392,left,5,mlo,P_01392_LEFT_MLO_calcification_1,,,
140,5,calcification,digitized,2,"[1184, 2824, 2336, 3976]",3,REGIONAL,LARGE_RODLIKE-ROUND_AND_REGULAR,./data/CBIS-DDSM/Calc-Training_P_01408_LEFT_CC/08-07-2016-DDSM-45126/1.000000-full mammogram images-27235/1-1.dcm,./data/CBIS-DDSM/Calc-Training_P_01408_LEFT_CC_5/09-06-2017-DDSM-39295/1.000000-ROI mask images-05913/1-2.dcm,MG,6,benign,P_01408,left,5,cc,P_01408_LEFT_CC_calcification_5,,,
256,2,calcification,digitized,2,"[1316, 1864, 2468, 3016]",3,REGIONAL,LARGE_RODLIKE-ROUND_AND_REGULAR,./data/CBIS-DDSM/Calc-Training_P_01408_LEFT_CC/08-07-2016-DDSM-45126/1.000000-full mammogram images-27235/1-1.dcm,./data/CBIS-DDSM/Calc-Training_P_01408_LEFT_CC_2/09-06-2017-DDSM-91106/1.000000-ROI mask images-66399/1-2.dcm,MG,6,benign,P_01408,left,5,cc,P_01408_LEFT_CC_calcification_2,,,
1428,1,calcification,digitized,2,"[988, 1160, 2140, 2312]",3,REGIONAL,LARGE_RODLIKE-ROUND_AND_REGULAR,./data/CBIS-DDSM/Calc-Training_P_01408_LEFT_CC/08-07-2016-DDSM-45126/1.000000-full mammogram images-27235/1-1.dcm,./data/CBIS-DDSM/Calc-Training_P_01408_LEFT_CC_1/09-06-2017-DDSM-71057/1.000000-ROI mask images-05071/1-2.dcm,MG,6,benign,P_01408,left,5,cc,P_01408_LEFT_CC_calcification_1,,,
1841,3,calcification,digitized,2,"[928, 1832, 2080, 2984]",3,REGIONAL,LARGE_RODLIKE-ROUND_AND_REGULAR,./data/CBIS-DDSM/Calc-Training_P_01408_LEFT_CC/08-07-2016-DDSM-45126/1.000000-full mammogram images-27235/1-1.dcm,./data/CBIS-DDSM/Calc-Training_P_01408_LEFT_CC_3/09-06-2017-DDSM-11076/1.000000-ROI mask images-37434/1-2.dcm,MG,6,benign,P_01408,left,5,cc,P_01408_LEFT_CC_calcification_3,,,
2510,6,calcification,digitized,2,"[764, 3484, 1916, 4636]",3,REGIONAL,LARGE_RODLIKE-ROUND_AND_REGULAR,./data/CBIS-DDSM/Calc-Training_P_01408_LEFT_CC/08-07-2016-DDSM-45126/1.000000-full mammogram images-27235/1-1.dcm,./data/CBIS-DDSM/Calc-Training_P_01408_LEFT_CC_6/09-06-2017-DDSM-02829/1.000000-ROI mask images-60932/1-2.dcm,MG,6,benign,P_01408,left,5,cc,P_01408_LEFT_CC_calcification_6,,,
2797,4,calcification,digitized,2,"[944, 2256, 2096, 3408]",3,REGIONAL,LARGE_RODLIKE-ROUND_AND_REGULAR,./data/CBIS-DDSM/Calc-Training_P_01408_LEFT_CC/08-07-2016-DDSM-45126/1.000000-full mammogram images-27235/1-1.dcm,./data/CBIS-DDSM/Calc-Training_P_01408_LEFT_CC_4/09-06-2017-DDSM-47923/1.000000-ROI mask images-98069/1-2.dcm,MG,6,benign,P_01408,left,5,cc,P_01408_LEFT_CC_calcification_4,,,
1052,2,calcification,digitized,2,"[1528, 2532, 2680, 3684]",3,REGIONAL,LARGE_RODLIKE-ROUND_AND_REGULAR,./data/CBIS-DDSM/Calc-Training_P_01408_LEFT_MLO/08-07-2016-DDSM-32186/1.000000-full mammogram images-79381/1-1.dcm,./data/CBIS-DDSM/Calc-Training_P_01408_LEFT_MLO_2/09-06-2017-DDSM-59265/1.000000-ROI mask images-19268/1-2.dcm,MG,5,benign,P_01408,left,5,mlo,P_01408_LEFT_MLO_calcification_2,,,
1455,3,calcification,digitized,2,"[1284, 2384, 2436, 3536]",3,REGIONAL,LARGE_RODLIKE-ROUND_AND_REGULAR,./data/CBIS-DDSM/Calc-Training_P_01408_LEFT_MLO/08-07-2016-DDSM-32186/1.000000-full mammogram images-79381/1-1.dcm,./data/CBIS-DDSM/Calc-Training_P_01408_LEFT_MLO_3/09-06-2017-DDSM-88736/1.000000-ROI mask images-94831/1-2.dcm,MG,5,benign,P_01408,left,5,mlo,P_01408_LEFT_MLO_calcification_3,,,
1790,5,calcification,digitized,2,"[1204, 2928, 2356, 4080]",3,REGIONAL,LARGE_RODLIKE-ROUND_AND_REGULAR,./data/CBIS-DDSM/Calc-Training_P_01408_LEFT_MLO/08-07-2016-DDSM-32186/1.000000-full mammogram images-79381/1-1.dcm,./data/CBIS-DDSM/Calc-Training_P_01408_LEFT_MLO_5/09-06-2017-DDSM-54481/1.000000-ROI mask images-44342/1-2.dcm,MG,5,benign,P_01408,left,5,mlo,P_01408_LEFT_MLO_calcification_5,,,
3024,1,calcification,digitized,2,"[1092, 2288, 2244, 3440]",3,REGIONAL,LARGE_RODLIKE-ROUND_AND_REGULAR,./data/CBIS-DDSM/Calc-Training_P_01408_LEFT_MLO/08-07-2016-DDSM-32186/1.000000-full mammogram images-79381/1-1.dcm,./data/CBIS-DDSM/Calc-Training_P_01408_LEFT_MLO_1/09-06-2017-DDSM-22588/1.000000-ROI mask images-79470/1-2.dcm,MG,5,benign,P_01408,left,5,mlo,P_01408_LEFT_MLO_calcification_1,,,
3245,4,calcification,digitized,2,"[1004, 2580, 2156, 3732]",3,REGIONAL,LARGE_RODLIKE-ROUND_AND_REGULAR,./data/CBIS-DDSM/Calc-Training_P_01408_LEFT_MLO/08-07-2016-DDSM-32186/1.000000-full mammogram images-79381/1-1.dcm,./data/CBIS-DDSM/Calc-Training_P_01408_LEFT_MLO_4/09-06-2017-DDSM-58091/1.000000-ROI mask images-95290/1-2.dcm,MG,5,benign,P_01408,left,5,mlo,P_01408_LEFT_MLO_calcification_4,,,
1884,1,calcification,digitized,4,"[101, 2836, 1253, 3988]",3,LINEAR,PLEOMORPHIC,./data/CBIS-DDSM/Calc-Training_P_01420_RIGHT_CC/08-07-2016-DDSM-04273/1.000000-full mammogram images-80969/1-1.dcm,./data/CBIS-DDSM/Calc-Training_P_01420_RIGHT_CC_1/09-06-2017-DDSM-64058/1.000000-ROI mask images-47287/1-2.dcm,MG,1,malignant,P_01420,right,2,cc,P_01420_RIGHT_CC_calcification_1,,,
228,1,calcification,digitized,4,"[89, 3784, 1240, 4935]",3,LINEAR,PLEOMORPHIC,./data/CBIS-DDSM/Calc-Training_P_01420_RIGHT_MLO/08-07-2016-DDSM-47368/1.000000-full mammogram images-62014/1-1.dcm,./data/CBIS-DDSM/Calc-Training_P_01420_RIGHT_MLO_1/09-06-2017-DDSM-32015/1.000000-ROI mask images-68238/1-2.dcm,MG,1,malignant,P_01420,right,2,mlo,P_01420_RIGHT_MLO_calcification_1,,,
517,1,calcification,digitized,5,"[394, 1909, 1546, 3061]",2,SEGMENTAL,FINE_LINEAR_BRANCHING,./data/CBIS-DDSM/Calc-Test_P_01425_LEFT_CC/08-29-2017-DDSM-61646/1.000000-full mammogram images-95555/1-1.dcm,./data/CBIS-DDSM/Calc-Test_P_01425_LEFT_CC_1/08-29-2017-DDSM-26347/1.000000-ROI mask images-19613/1-2.dcm,MG,1,malignant,P_01425,left,5,cc,P_01425_LEFT_CC_calcification_1,,,
1994,1,calcification,digitized,5,"[492, 1938, 1644, 3090]",2,SEGMENTAL,FINE_LINEAR_BRANCHING,./data/CBIS-DDSM/Calc-Test_P_01425_LEFT_MLO/08-29-2017-DDSM-34867/1.000000-full mammogram images-37185/1-1.dcm,./data/CBIS-DDSM/Calc-Test_P_01425_LEFT_MLO_1/08-29-2017-DDSM-58726/1.000000-ROI mask images-83684/1-2.dcm,MG,1,malignant,P_01425,left,5,mlo,P_01425_LEFT_MLO_calcification_1,,,
2852,1,calcification,digitized,4,"[1969, 3128, 2851, 4280]",1,CLUSTERED,PLEOMORPHIC,./data/CBIS-DDSM/Calc-Training_P_01446_LEFT_MLO/08-07-2016-DDSM-40559/1.000000-full mammogram images-01335/1-1.dcm,./data/CBIS-DDSM/Calc-Training_P_01446_LEFT_MLO_1/09-06-2017-DDSM-40014/1.000000-ROI mask images-79966/1-2.dcm,MG,1,benign,P_01446,left,3,mlo,P_01446_LEFT_MLO_calcification_1,,,
803,2,calcification,digitized,4,"[1965, 1979, 3117, 3131]",2,LINEAR,FINE_LINEAR_BRANCHING,./data/CBIS-DDSM/Calc-Training_P_01454_LEFT_MLO/08-07-2016-DDSM-57356/1.000000-full mammogram images-03464/1-1.dcm,./data/CBIS-DDSM/Calc-Training_P_01454_LEFT_MLO_2/09-06-2017-DDSM-51136/1.000000-ROI mask images-98427/1-2.dcm,MG,1,malignant,P_01454,left,4,mlo,P_01454_LEFT_MLO_calcification_2,,,
2105,1,calcification,digitized,4,"[1583, 2536, 2735, 3688]",4,CLUSTERED,PLEOMORPHIC,./data/CBIS-DDSM/Calc-Test_P_01465_LEFT_MLO/08-29-2017-DDSM-25269/1.000000-full mammogram images-65725/1-1.dcm,./data/CBIS-DDSM/Calc-Test_P_01465_LEFT_MLO_1/08-29-2017-DDSM-36295/1.000000-ROI mask images-15508/1-2.dcm,MG,1,benign,P_01465,left,1,mlo,P_01465_LEFT_MLO_calcification_1,,,
663,1,calcification,digitized,5,"[0, 1292, 952, 2444]",1,CLUSTERED,AMORPHOUS,./data/CBIS-DDSM/Calc-Test_P_01483_LEFT_CC/08-29-2017-DDSM-40354/1.000000-full mammogram images-48819/1-1.dcm,./data/CBIS-DDSM/Calc-Test_P_01483_LEFT_CC_1/08-29-2017-DDSM-00558/1.000000-ROI mask images-51864/1-2.dcm,MG,1,malignant,P_01483,left,5,cc,P_01483_LEFT_CC_calcification_1,,,
361,1,calcification,digitized,5,"[120, 2060, 1272, 3212]",1,CLUSTERED,AMORPHOUS,./data/CBIS-DDSM/Calc-Test_P_01483_LEFT_MLO/08-29-2017-DDSM-34367/1.000000-full mammogram images-18846/1-1.dcm,./data/CBIS-DDSM/Calc-Test_P_01483_LEFT_MLO_1/08-29-2017-DDSM-23303/1.000000-ROI mask images-25756/1-2.dcm,MG,1,malignant,P_01483,left,5,mlo,P_01483_LEFT_MLO_calcification_1,,,
460,2,calcification,digitized,5,"[456, 2488, 1608, 3640]",2,CLUSTERED,FINE_LINEAR_BRANCHING,./data/CBIS-DDSM/Calc-Test_P_01502_LEFT_CC/08-29-2017-DDSM-18856/1.000000-full mammogram images-45448/1-1.dcm,./data/CBIS-DDSM/Calc-Test_P_01502_LEFT_CC_2/08-29-2017-DDSM-03761/1.000000-ROI mask images-80373/1-2.dcm,MG,1,malignant,P_01502,left,4,cc,P_01502_LEFT_CC_calcification_2,,,
1606,2,calcification,digitized,5,"[1140, 2320, 2292, 3472]",2,CLUSTERED,FINE_LINEAR_BRANCHING,./data/CBIS-DDSM/Calc-Test_P_01502_LEFT_MLO/08-29-2017-DDSM-91947/1.000000-full mammogram images-18057/1-1.dcm,./data/CBIS-DDSM/Calc-Test_P_01502_LEFT_MLO_2/08-29-2017-DDSM-14691/1.000000-ROI mask images-32823/1-2.dcm,MG,1,malignant,P_01502,left,4,mlo,P_01502_LEFT_MLO_calcification_2,,,
1459,1,calcification,digitized,4,"[1396, 1040, 2548, 2192]",3,REGIONAL,PLEOMORPHIC,./data/CBIS-DDSM/Calc-Training_P_01505_RIGHT_CC/08-07-2016-DDSM-13943/1.000000-full mammogram images-54861/1-1.dcm,./data/CBIS-DDSM/Calc-Training_P_01505_RIGHT_CC_1/09-06-2017-DDSM-33046/1.000000-ROI mask images-39079/1-2.dcm,MG,1,malignant,P_01505,right,3,cc,P_01505_RIGHT_CC_calcification_1,,,
1617,1,calcification,digitized,5,"[1332, 1544, 2484, 2696]",3,REGIONAL,PLEOMORPHIC,./data/CBIS-DDSM/Calc-Training_P_01505_RIGHT_MLO/08-07-2016-DDSM-24608/1.000000-full mammogram images-23294/1-1.dcm,./data/CBIS-DDSM/Calc-Training_P_01505_RIGHT_MLO_1/09-06-2017-DDSM-00441/1.000000-ROI mask images-23987/1-2.dcm,MG,1,malignant,P_01505,right,3,mlo,P_01505_RIGHT_MLO_calcification_1,,,
2058,1,calcification,digitized,4,"[992, 1536, 2144, 2688]",2,CLUSTERED,PLEOMORPHIC,./data/CBIS-DDSM/Calc-Training_P_01513_LEFT_CC/08-07-2016-DDSM-01122/1.000000-full mammogram images-26368/1-1.dcm,./data/CBIS-DDSM/Calc-Training_P_01513_LEFT_CC_1/09-06-2017-DDSM-74606/1.000000-ROI mask images-40496/1-2.dcm,MG,1,benign,P_01513,left,4,cc,P_01513_LEFT_CC_calcification_1,,,
3354,1,calcification,digitized,4,"[1440, 1680, 2592, 2832]",2,CLUSTERED,PLEOMORPHIC,./data/CBIS-DDSM/Calc-Training_P_01513_LEFT_MLO/08-07-2016-DDSM-18122/1.000000-full mammogram images-74307/1-1.dcm,./data/CBIS-DDSM/Calc-Training_P_01513_LEFT_MLO_1/09-06-2017-DDSM-40327/1.000000-ROI mask images-43116/1-2.dcm,MG,1,benign,P_01513,left,4,mlo,P_01513_LEFT_MLO_calcification_1,,,
2989,1,calcification,digitized,5,"[2624, 2260, 3776, 3412]",2,REGIONAL,PLEOMORPHIC,./data/CBIS-DDSM/Calc-Training_P_01526_RIGHT_CC/08-07-2016-DDSM-21722/1.000000-full mammogram images-71380/1-1.dcm,./data/CBIS-DDSM/Calc-Training_P_01526_RIGHT_CC_1/09-06-2017-DDSM-75475/1.000000-ROI mask images-67463/1-2.dcm,MG,1,malignant,P_01526,right,5,cc,P_01526_RIGHT_CC_calcification_1,,,
2340,1,calcification,digitized,5,"[2156, 2976, 3308, 4128]",2,REGIONAL,PLEOMORPHIC,./data/CBIS-DDSM/Calc-Training_P_01526_RIGHT_MLO/08-07-2016-DDSM-61617/1.000000-full mammogram images-27421/1-1.dcm,./data/CBIS-DDSM/Calc-Training_P_01526_RIGHT_MLO_1/09-06-2017-DDSM-55630/1.000000-ROI mask images-45966/1-2.dcm,MG,1,malignant,P_01526,right,5,mlo,P_01526_RIGHT_MLO_calcification_1,,,
1634,1,calcification,digitized,4,"[1856, 2936, 3008, 4088]",2,CLUSTERED,AMORPHOUS,./data/CBIS-DDSM/Calc-Training_P_01576_RIGHT_CC/08-07-2016-DDSM-23767/1.000000-full mammogram images-36217/1-1.dcm,./data/CBIS-DDSM/Calc-Training_P_01576_RIGHT_CC_1/09-06-2017-DDSM-31056/1.000000-ROI mask images-55267/1-2.dcm,MG,1,malignant,P_01576,right,2,cc,P_01576_RIGHT_CC_calcification_1,,,
411,1,calcification,digitized,4,"[1388, 3224, 2540, 4376]",2,CLUSTERED,AMORPHOUS,./data/CBIS-DDSM/Calc-Training_P_01576_RIGHT_MLO/08-07-2016-DDSM-93611/1.000000-full mammogram images-86399/1-1.dcm,./data/CBIS-DDSM/Calc-Training_P_01576_RIGHT_MLO_1/09-06-2017-DDSM-10691/1.000000-ROI mask images-30502/1-2.dcm,MG,1,malignant,P_01576,right,2,mlo,P_01576_RIGHT_MLO_calcification_1,,,
2354,1,calcification,digitized,4,"[2732, 2696, 3688, 3848]",1,CLUSTERED,AMORPHOUS,./data/CBIS-DDSM/Calc-Training_P_01610_RIGHT_MLO/08-07-2016-DDSM-77097/1.000000-full mammogram images-44257/1-1.dcm,./data/CBIS-DDSM/Calc-Training_P_01610_RIGHT_MLO_1/09-06-2017-DDSM-29050/1.000000-ROI mask images-37539/1-2.dcm,MG,1,malignant,P_01610,right,4,mlo,P_01610_RIGHT_MLO_calcification_1,,,
1078,1,calcification,digitized,4,"[140, 1880, 1292, 3031]",2,CLUSTERED,AMORPHOUS,./data/CBIS-DDSM/Calc-Test_P_01643_LEFT_CC/08-29-2017-DDSM-65776/1.000000-full mammogram images-59932/1-1.dcm,./data/CBIS-DDSM/Calc-Test_P_01643_LEFT_CC_1/08-29-2017-DDSM-95819/1.000000-ROI mask images-12220/1-2.dcm,MG,1,benign,P_01643,left,2,cc,P_01643_LEFT_CC_calcification_1,,,
1509,1,calcification,digitized,4,"[216, 2640, 1368, 3792]",2,CLUSTERED,AMORPHOUS,./data/CBIS-DDSM/Calc-Test_P_01643_LEFT_MLO/08-29-2017-DDSM-10285/1.000000-full mammogram images-61960/1-1.dcm,./data/CBIS-DDSM/Calc-Test_P_01643_LEFT_MLO_1/08-29-2017-DDSM-11988/1.000000-ROI mask images-28116/1-2.dcm,MG,1,benign,P_01643,left,2,mlo,P_01643_LEFT_MLO_calcification_1,,,
2955,1,calcification,digitized,3,"[2256, 332, 2920, 1484]",2,CLUSTERED,PLEOMORPHIC,./data/CBIS-DDSM/Calc-Test_P_01643_RIGHT_CC/08-29-2017-DDSM-85206/1.000000-full mammogram images-96964/1-1.dcm,./data/CBIS-DDSM/Calc-Test_P_01643_RIGHT_CC_1/08-29-2017-DDSM-56656/1.000000-ROI mask images-97893/1-2.dcm,MG,1,benign,P_01643,right,5,cc,P_01643_RIGHT_CC_calcification_1,,,
1977,1,calcification,digitized,3,"[1484, 1088, 2636, 2240]",2,CLUSTERED,PLEOMORPHIC,./data/CBIS-DDSM/Calc-Test_P_01643_RIGHT_MLO/08-29-2017-DDSM-64856/1.000000-full mammogram images-21888/1-1.dcm,./data/CBIS-DDSM/Calc-Test_P_01643_RIGHT_MLO_1/08-29-2017-DDSM-37616/1.000000-ROI mask images-49748/1-2.dcm,MG,1,benign,P_01643,right,5,mlo,P_01643_RIGHT_MLO_calcification_1,,,
2823,1,calcification,digitized,3,"[1080, 1580, 2232, 2732]",2,LINEAR,PUNCTATE,./data/CBIS-DDSM/Calc-Training_P_01660_RIGHT_CC/08-07-2016-DDSM-80358/1.000000-full mammogram images-95294/1-1.dcm,./data/CBIS-DDSM/Calc-Training_P_01660_RIGHT_CC_1/09-06-2017-DDSM-80307/1.000000-ROI mask images-52270/1-2.dcm,MG,1,benign,P_01660,right,1,cc,P_01660_RIGHT_CC_calcification_1,,,
380,1,calcification,digitized,3,"[1320, 2932, 2472, 4084]",2,LINEAR,PUNCTATE,./data/CBIS-DDSM/Calc-Training_P_01660_RIGHT_MLO/08-07-2016-DDSM-42907/1.000000-full mammogram images-35160/1-1.dcm,./data/CBIS-DDSM/Calc-Training_P_01660_RIGHT_MLO_1/09-06-2017-DDSM-74816/1.000000-ROI mask images-93035/1-2.dcm,MG,1,benign,P_01660,right,1,mlo,P_01660_RIGHT_MLO_calcification_1,,,
756,1,calcification,digitized,4,"[0, 972, 888, 2124]",3,CLUSTERED,PUNCTATE-AMORPHOUS-PLEOMORPHIC,./data/CBIS-DDSM/Calc-Test_P_01670_LEFT_CC/08-29-2017-DDSM-79224/1.000000-full mammogram images-46265/1-1.dcm,./data/CBIS-DDSM/Calc-Test_P_01670_LEFT_CC_1/08-29-2017-DDSM-41690/1.000000-ROI mask images-56963/1-2.dcm,MG,1,malignant,P_01670,left,3,cc,P_01670_LEFT_CC_calcification_1,,,
2116,3,calcification,digitized,4,"[312, 1764, 1464, 2916]",3,CLUSTERED,PUNCTATE-AMORPHOUS-PLEOMORPHIC,./data/CBIS-DDSM/Calc-Test_P_01670_LEFT_MLO/08-29-2017-DDSM-43929/1.000000-full mammogram images-88241/1-1.dcm,./data/CBIS-DDSM/Calc-Test_P_01670_LEFT_MLO_3/08-29-2017-DDSM-06802/1.000000-ROI mask images-34440/1-2.dcm,MG,3,malignant,P_01670,left,3,mlo,P_01670_LEFT_MLO_calcification_3,,,
2275,2,calcification,digitized,4,"[0, 1616, 1112, 2768]",3,CLUSTERED,PUNCTATE-AMORPHOUS-PLEOMORPHIC,./data/CBIS-DDSM/Calc-Test_P_01670_LEFT_MLO/08-29-2017-DDSM-43929/1.000000-full mammogram images-88241/1-1.dcm,./data/CBIS-DDSM/Calc-Test_P_01670_LEFT_MLO_2/08-29-2017-DDSM-29232/1.000000-ROI mask images-12449/1-2.dcm,MG,3,malignant,P_01670,left,3,mlo,P_01670_LEFT_MLO_calcification_2,,,
2483,1,calcification,digitized,4,"[4, 1344, 1156, 2496]",3,CLUSTERED,PUNCTATE-AMORPHOUS-PLEOMORPHIC,./data/CBIS-DDSM/Calc-Test_P_01670_LEFT_MLO/08-29-2017-DDSM-43929/1.000000-full mammogram images-88241/1-1.dcm,./data/CBIS-DDSM/Calc-Test_P_01670_LEFT_MLO_1/08-29-2017-DDSM-23747/1.000000-ROI mask images-03124/1-2.dcm,MG,3,malignant,P_01670,left,3,mlo,P_01670_LEFT_MLO_calcification_1,,,
1403,1,calcification,digitized,4,"[0, 2838, 720, 3990]",4,CLUSTERED,PLEOMORPHIC,./data/CBIS-DDSM/Calc-Training_P_01703_RIGHT_MLO/08-07-2016-DDSM-24144/1.000000-full mammogram images-98976/1-1.dcm,./data/CBIS-DDSM/Calc-Training_P_01703_RIGHT_MLO_1/09-06-2017-DDSM-69524/1.000000-ROI mask images-42298/1-2.dcm,MG,1,benign,P_01703,right,2,mlo,P_01703_RIGHT_MLO_calcification_1,,,
2689,1,calcification,digitized,4,"[1759, 1196, 2910, 2348]",3,LINEAR,PLEOMORPHIC,./data/CBIS-DDSM/Calc-Training_P_01729_LEFT_CC/08-07-2016-DDSM-78320/1.000000-full mammogram images-51692/1-1.dcm,./data/CBIS-DDSM/Calc-Training_P_01729_LEFT_CC_1/09-06-2017-DDSM-31007/1.000000-ROI mask images-80386/1-2.dcm,MG,1,malignant,P_01729,left,3,cc,P_01729_LEFT_CC_calcification_1,,,
3174,1,calcification,digitized,4,"[1324, 1881, 2475, 3033]",3,LINEAR,PLEOMORPHIC,./data/CBIS-DDSM/Calc-Training_P_01729_LEFT_MLO/08-07-2016-DDSM-99427/1.000000-full mammogram images-74057/1-1.dcm,./data/CBIS-DDSM/Calc-Training_P_01729_LEFT_MLO_1/09-06-2017-DDSM-96901/1.000000-ROI mask images-72879/1-2.dcm,MG,1,malignant,P_01729,left,3,mlo,P_01729_LEFT_MLO_calcification_1,,,
2257,1,calcification,digitized,4,"[2080, 1656, 3232, 2808]",4,CLUSTERED,PLEOMORPHIC,./data/CBIS-DDSM/Calc-Training_P_01756_LEFT_CC/08-07-2016-DDSM-50612/1.000000-full mammogram images-85413/1-1.dcm,./data/CBIS-DDSM/Calc-Training_P_01756_LEFT_CC_1/09-06-2017-DDSM-15000/1.000000-ROI mask images-41400/1-2.dcm,MG,1,malignant,P_01756,left,2,cc,P_01756_LEFT_CC_calcification_1,,,
1661,1,calcification,digitized,4,"[1437, 2464, 2589, 3616]",4,CLUSTERED,PLEOMORPHIC,./data/CBIS-DDSM/Calc-Training_P_01756_LEFT_MLO/08-07-2016-DDSM-99562/1.000000-full mammogram images-92336/1-1.dcm,./data/CBIS-DDSM/Calc-Training_P_01756_LEFT_MLO_1/09-06-2017-DDSM-30965/1.000000-ROI mask images-92136/1-2.dcm,MG,1,malignant,P_01756,left,2,mlo,P_01756_LEFT_MLO_calcification_1,,,
2928,3,calcification,digitized,2,"[2200, 2792, 3352, 3944]",2,LINEAR,VASCULAR,./data/CBIS-DDSM/Calc-Training_P_01864_LEFT_CC/08-07-2016-DDSM-32590/1.000000-full mammogram images-15220/1-1.dcm,./data/CBIS-DDSM/Calc-Training_P_01864_LEFT_CC_3/09-06-2017-DDSM-90658/1.000000-ROI mask images-51594/1-2.dcm,MG,3,benign,P_01864,left,4,cc,P_01864_LEFT_CC_calcification_3,,,
3100,2,calcification,digitized,2,"[920, 3168, 2072, 4320]",2,LINEAR,VASCULAR,./data/CBIS-DDSM/Calc-Training_P_01864_LEFT_CC/08-07-2016-DDSM-32590/1.000000-full mammogram images-15220/1-1.dcm,./data/CBIS-DDSM/Calc-Training_P_01864_LEFT_CC_2/09-06-2017-DDSM-78194/1.000000-ROI mask images-98665/1-2.dcm,MG,3,benign,P_01864,left,4,cc,P_01864_LEFT_CC_calcification_2,,,
3487,4,calcification,digitized,2,"[1988, 3044, 3140, 4196]",2,LINEAR,VASCULAR,./data/CBIS-DDSM/Calc-Training_P_01864_LEFT_CC/08-07-2016-DDSM-32590/1.000000-full mammogram images-15220/1-1.dcm,./data/CBIS-DDSM/Calc-Training_P_01864_LEFT_CC_4/09-06-2017-DDSM-20061/1.000000-ROI mask images-48529/1-2.dcm,MG,3,benign,P_01864,left,4,cc,P_01864_LEFT_CC_calcification_4,,,
324,4,calcification,digitized,2,"[1604, 3568, 2756, 4719]",2,LINEAR,VASCULAR,./data/CBIS-DDSM/Calc-Training_P_01864_LEFT_MLO/08-07-2016-DDSM-94686/1.000000-full mammogram images-72411/1-1.dcm,./data/CBIS-DDSM/Calc-Training_P_01864_LEFT_MLO_4/09-06-2017-DDSM-51341/1.000000-ROI mask images-46106/1-2.dcm,MG,4,benign,P_01864,left,4,mlo,P_01864_LEFT_MLO_calcification_4,,,
2421,3,calcification,digitized,2,"[1448, 3356, 2600, 4508]",2,LINEAR,VASCULAR,./data/CBIS-DDSM/Calc-Training_P_01864_LEFT_MLO/08-07-2016-DDSM-94686/1.000000-full mammogram images-72411/1-1.dcm,./data/CBIS-DDSM/Calc-Training_P_01864_LEFT_MLO_3/09-06-2017-DDSM-35308/1.000000-ROI mask images-44731/1-2.dcm,MG,4,benign,P_01864,left,4,mlo,P_01864_LEFT_MLO_calcification_3,,,
2461,5,calcification,digitized,2,"[544, 1748, 1696, 2900]",2,LINEAR,VASCULAR,./data/CBIS-DDSM/Calc-Training_P_01864_LEFT_MLO/08-07-2016-DDSM-94686/1.000000-full mammogram images-72411/1-1.dcm,./data/CBIS-DDSM/Calc-Training_P_01864_LEFT_MLO_5/09-06-2017-DDSM-48015/1.000000-ROI mask images-74737/1-2.dcm,MG,4,benign,P_01864,left,4,mlo,P_01864_LEFT_MLO_calcification_5,,,
3153,2,calcification,digitized,2,"[1912, 3344, 3064, 4496]",2,LINEAR,VASCULAR,./data/CBIS-DDSM/Calc-Training_P_01864_LEFT_MLO/08-07-2016-DDSM-94686/1.000000-full mammogram images-72411/1-1.dcm,./data/CBIS-DDSM/Calc-Training_P_01864_LEFT_MLO_2/09-06-2017-DDSM-94135/1.000000-ROI mask images-74433/1-2.dcm,MG,4,benign,P_01864,left,4,mlo,P_01864_LEFT_MLO_calcification_2,,,
646,1,calcification,digitized,2,"[2448, 2792, 3600, 3944]",2,,LUCENT_CENTER,./data/CBIS-DDSM/Calc-Training_P_01864_RIGHT_CC/08-07-2016-DDSM-97160/1.000000-full mammogram images-32529/1-1.dcm,./data/CBIS-DDSM/Calc-Training_P_01864_RIGHT_CC_1/09-06-2017-DDSM-16108/1.000000-ROI mask images-05266/1-2.dcm,MG,3,benign,P_01864,right,4,cc,P_01864_RIGHT_CC_calcification_1,,,
2237,2,calcification,digitized,2,"[2372, 3380, 3524, 4532]",2,,VASCULAR,./data/CBIS-DDSM/Calc-Training_P_01864_RIGHT_CC/08-07-2016-DDSM-97160/1.000000-full mammogram images-32529/1-1.dcm,./data/CBIS-DDSM/Calc-Training_P_01864_RIGHT_CC_2/09-06-2017-DDSM-13981/1.000000-ROI mask images-26193/1-2.dcm,MG,3,benign,P_01864,right,4,cc,P_01864_RIGHT_CC_calcification_2,,,
3388,3,calcification,digitized,2,"[2332, 912, 3484, 2064]",2,,VASCULAR,./data/CBIS-DDSM/Calc-Training_P_01864_RIGHT_CC/08-07-2016-DDSM-97160/1.000000-full mammogram images-32529/1-1.dcm,./data/CBIS-DDSM/Calc-Training_P_01864_RIGHT_CC_3/09-06-2017-DDSM-55195/1.000000-ROI mask images-74497/1-2.dcm,MG,3,benign,P_01864,right,4,cc,P_01864_RIGHT_CC_calcification_3,,,
536,3,calcification,digitized,2,"[1724, 948, 2876, 2100]",2,,VASCULAR,./data/CBIS-DDSM/Calc-Training_P_01864_RIGHT_MLO/08-07-2016-DDSM-80706/1.000000-full mammogram images-40366/1-1.dcm,./data/CBIS-DDSM/Calc-Training_P_01864_RIGHT_MLO_3/09-06-2017-DDSM-12298/1.000000-ROI mask images-23299/1-2.dcm,MG,3,benign,P_01864,right,4,mlo,P_01864_RIGHT_MLO_calcification_3,,,
836,2,calcification,digitized,2,"[2400, 2340, 3552, 3492]",2,,VASCULAR,./data/CBIS-DDSM/Calc-Training_P_01864_RIGHT_MLO/08-07-2016-DDSM-80706/1.000000-full mammogram images-40366/1-1.dcm,./data/CBIS-DDSM/Calc-Training_P_01864_RIGHT_MLO_2/09-06-2017-DDSM-87093/1.000000-ROI mask images-60838/1-2.dcm,MG,3,benign,P_01864,right,4,mlo,P_01864_RIGHT_MLO_calcification_2,,,
2500,1,calcification,digitized,2,"[1792, 2644, 2944, 3796]",2,,LUCENT_CENTER,./data/CBIS-DDSM/Calc-Training_P_01864_RIGHT_MLO/08-07-2016-DDSM-80706/1.000000-full mammogram images-40366/1-1.dcm,./data/CBIS-DDSM/Calc-Training_P_01864_RIGHT_MLO_1/09-06-2017-DDSM-14520/1.000000-ROI mask images-67962/1-2.dcm,MG,3,benign,P_01864,right,4,mlo,P_01864_RIGHT_MLO_calcification_1,,,
984,1,calcification,digitized,4,"[0, 1508, 1068, 2660]",2,CLUSTERED,PLEOMORPHIC,./data/CBIS-DDSM/Calc-Test_P_01882_LEFT_CC/08-29-2017-DDSM-89092/1.000000-full mammogram images-57792/1-1.dcm,./data/CBIS-DDSM/Calc-Test_P_01882_LEFT_CC_1/08-29-2017-DDSM-84729/1.000000-ROI mask images-82567/1-2.dcm,MG,1,benign,P_01882,left,3,cc,P_01882_LEFT_CC_calcification_1,,,
3140,1,calcification,digitized,4,"[168, 1504, 1320, 2656]",2,CLUSTERED,PLEOMORPHIC,./data/CBIS-DDSM/Calc-Test_P_01882_LEFT_MLO/08-29-2017-DDSM-08343/1.000000-full mammogram images-22894/1-1.dcm,./data/CBIS-DDSM/Calc-Test_P_01882_LEFT_MLO_1/08-29-2017-DDSM-67166/1.000000-ROI mask images-26694/1-2.dcm,MG,1,benign,P_01882,left,3,mlo,P_01882_LEFT_MLO_calcification_1,,,
557,1,calcification,digitized,0,"[1591, 2790, 2743, 3942]",2,CLUSTERED,AMORPHOUS,./data/CBIS-DDSM/Calc-Test_P_02153_RIGHT_CC/08-29-2017-DDSM-32398/1.000000-full mammogram images-99231/1-1.dcm,./data/CBIS-DDSM/Calc-Test_P_02153_RIGHT_CC_1/08-29-2017-DDSM-40360/1.000000-ROI mask images-72130/1-2.dcm,MG,1,benign,P_02153,right,2,cc,P_02153_RIGHT_CC_calcification_1,,,
1353,1,calcification,digitized,0,"[1241, 3292, 2393, 4444]",2,CLUSTERED,AMORPHOUS,./data/CBIS-DDSM/Calc-Test_P_02153_RIGHT_MLO/08-29-2017-DDSM-56965/1.000000-full mammogram images-66621/1-1.dcm,./data/CBIS-DDSM/Calc-Test_P_02153_RIGHT_MLO_1/08-29-2017-DDSM-52589/1.000000-ROI mask images-40699/1-2.dcm,MG,1,benign,P_02153,right,2,mlo,P_02153_RIGHT_MLO_calcification_1,,,
2869,1,calcification,digitized,0,"[2158, 1533, 3310, 2685]",2,CLUSTERED,PLEOMORPHIC,./data/CBIS-DDSM/Calc-Training_P_02316_RIGHT_CC/08-07-2016-DDSM-80923/1.000000-full mammogram images-67634/1-1.dcm,./data/CBIS-DDSM/Calc-Training_P_02316_RIGHT_CC_1/09-06-2017-DDSM-10292/1.000000-ROI mask images-07471/1-2.dcm,MG,1,benign,P_02316,right,5,cc,P_02316_RIGHT_CC_calcification_1,,,
3034,1,calcification,digitized,0,"[2066, 2553, 3218, 3705]",2,CLUSTERED,PLEOMORPHIC,./data/CBIS-DDSM/Calc-Training_P_02316_RIGHT_MLO/08-07-2016-DDSM-21804/1.000000-full mammogram images-31686/1-1.dcm,./data/CBIS-DDSM/Calc-Training_P_02316_RIGHT_MLO_1/09-06-2017-DDSM-07064/1.000000-ROI mask images-91313/1-2.dcm,MG,1,benign,P_02316,right,5,mlo,P_02316_RIGHT_MLO_calcification_1,,,
2711,1,calcification,digitized,3,"[0, 1175, 898, 2327]",3,CLUSTERED,AMORPHOUS,./data/CBIS-DDSM/Calc-Training_P_02393_LEFT_CC/08-07-2016-DDSM-03707/1.000000-full mammogram images-72130/1-1.dcm,./data/CBIS-DDSM/Calc-Training_P_02393_LEFT_CC_1/09-06-2017-DDSM-30169/1.000000-ROI mask images-15147/1-2.dcm,MG,1,malignant,P_02393,left,2,cc,P_02393_LEFT_CC_calcification_1,,,
1795,1,calcification,digitized,3,"[316, 1916, 1468, 3068]",3,CLUSTERED,AMORPHOUS,./data/CBIS-DDSM/Calc-Training_P_02393_LEFT_MLO/08-07-2016-DDSM-82806/1.000000-full mammogram images-70251/1-1.dcm,./data/CBIS-DDSM/Calc-Training_P_02393_LEFT_MLO_1/09-06-2017-DDSM-84030/1.000000-ROI mask images-92800/1-2.dcm,MG,1,malignant,P_02393,left,2,mlo,P_02393_LEFT_MLO_calcification_1,,,
356,1,calcification,digitized,3,"[1316, 2433, 2468, 3585]",3,LINEAR,FINE_LINEAR_BRANCHING,./data/CBIS-DDSM/Calc-Test_P_02418_RIGHT_CC/08-29-2017-DDSM-24320/1.000000-full mammogram images-90676/1-1.dcm,./data/CBIS-DDSM/Calc-Test_P_02418_RIGHT_CC_1/08-29-2017-DDSM-85568/1.000000-ROI mask images-26873/1-2.dcm,MG,1,malignant,P_02418,right,2,cc,P_02418_RIGHT_CC_calcification_1,,,
1876,1,calcification,digitized,3,"[1547, 2391, 2699, 3543]",3,LINEAR,FINE_LINEAR_BRANCHING,./data/CBIS-DDSM/Calc-Test_P_02418_RIGHT_MLO/08-29-2017-DDSM-73512/1.000000-full mammogram images-46441/1-1.dcm,./data/CBIS-DDSM/Calc-Test_P_02418_RIGHT_MLO_1/08-29-2017-DDSM-18613/1.000000-ROI mask images-10277/1-2.dcm,MG,1,malignant,P_02418,right,2,mlo,P_02418_RIGHT_MLO_calcification_1,,,
3257,1,calcification,digitized,3,"[1989, 1458, 3141, 2610]",2,CLUSTERED,PLEOMORPHIC,./data/CBIS-DDSM/Calc-Test_P_02420_RIGHT_CC/08-29-2017-DDSM-00461/1.000000-full mammogram images-33258/1-1.dcm,./data/CBIS-DDSM/Calc-Test_P_02420_RIGHT_CC_1/08-29-2017-DDSM-79029/1.000000-ROI mask images-73626/1-2.dcm,MG,1,malignant,P_02420,right,4,cc,P_02420_RIGHT_CC_calcification_1,,,
969,1,calcification,digitized,3,"[1017, 2366, 2169, 3518]",2,CLUSTERED,PLEOMORPHIC,./data/CBIS-DDSM/Calc-Test_P_02420_RIGHT_MLO/08-29-2017-DDSM-59993/1.000000-full mammogram images-74175/1-1.dcm,./data/CBIS-DDSM/Calc-Test_P_02420_RIGHT_MLO_1/08-29-2017-DDSM-73377/1.000000-ROI mask images-29466/1-2.dcm,MG,1,malignant,P_02420,right,4,mlo,P_02420_RIGHT_MLO_calcification_1,,,
201,1,calcification,digitized,4,"[1047, 2080, 2199, 3232]",2,SEGMENTAL,FINE_LINEAR_BRANCHING,./data/CBIS-DDSM/Calc-Training_P_02424_RIGHT_CC/08-07-2016-DDSM-05477/1.000000-full mammogram images-40040/1-1.dcm,./data/CBIS-DDSM/Calc-Training_P_02424_RIGHT_CC_1/09-06-2017-DDSM-23844/1.000000-ROI mask images-57173/1-2.dcm,MG,1,malignant,P_02424,right,3,cc,P_02424_RIGHT_CC_calcification_1,,,
3559,1,calcification,digitized,4,"[919, 2764, 2071, 3916]",2,SEGMENTAL,FINE_LINEAR_BRANCHING,./data/CBIS-DDSM/Calc-Training_P_02424_RIGHT_MLO/08-07-2016-DDSM-21678/1.000000-full mammogram images-12147/1-1.dcm,./data/CBIS-DDSM/Calc-Training_P_02424_RIGHT_MLO_1/09-06-2017-DDSM-28013/1.000000-ROI mask images-05352/1-2.dcm,MG,1,malignant,P_02424,right,3,mlo,P_02424_RIGHT_MLO_calcification_1,,,
