,abnormality idx,abnormality type,acquisition type,assessment score,bbox,breast density,calc distribution,calc morphology,image_file,mask_file,modality,num abnormalities,pathology,patient_id,side,subtlety,view,name,mass margins,mass shape,associated findings
1053,1,mass,digitized,4,"[0, 3278, 904, 4429]",2,,,./data/CBIS-DDSM/Mass-Test_P_00017_LEFT_CC/10-04-2016-DDSM-12683/1.000000-full mammogram images-82967/1-1.dcm,./data/CBIS-DDSM/Mass-Test_P_00017_LEFT_CC_1/10-04-2016-DDSM-30118/1.000000-ROI mask images-03672/1-2.dcm,MG,1,malignant,P_00017,left,4,cc,P_00017_LEFT_CC_mass_1,CIRCUMSCRIBED,ROUND,
1163,1,mass,digitized,4,"[0, 3329, 875, 4480]",2,,,./data/CBIS-DDSM/Mass-Test_P_00017_LEFT_MLO/10-04-2016-DDSM-89998/1.000000-full mammogram images-29934/1-1.dcm,./data/CBIS-DDSM/Mass-Test_P_00017_LEFT_MLO_1/10-04-2016-DDSM-27297/1.000000-ROI mask images-18984/1-2.dcm,MG,1,malignant,P_00017,left,4,mlo,P_00017_LEFT_MLO_mass_1,ILL_DEFINED,ROUND,
1478,1,mass,digitized,3,"[436, 724, 1587, 1876]",1,,,./data/CBIS-DDSM/Mass-Training_P_00021_LEFT_CC/07-20-2016-DDSM-08921/1.000000-full mammogram images-27573/1-1.dcm,./data/CBIS-DDSM/Mass-Training_P_00021_LEFT_CC_1/07-21-2016-DDSM-55420/1.000000-ROI mask images-00748/1-1.dcm,MG,1,benign,P_00021,left,5,cc,P_00021_LEFT_CC_mass_1,CIRCUMSCRIBED,OVAL,
3465,1,mass,digitized,3,"[991, 1654, 2143, 2806]",1,,,./data/CBIS-DDSM/Mass-Training_P_00021_LEFT_MLO/07-20-2016-DDSM-23498/1.000000-full mammogram images-07923/1-1.dcm,./data/CBIS-DDSM/Mass-Training_P_00021_LEFT_MLO_1/07-21-2016-DDSM-98647/1.000000-ROI mask images-16905/1-2.dcm,MG,1,benign,P_00021,left,5,mlo,P_00021_LEFT_MLO_mass_1,CIRCUMSCRIBED,OVAL,
202,1,mass,digitized,3,"[1143, 1666, 2294, 2818]",1,,,./data/CBIS-DDSM/Mass-Training_P_00021_RIGHT_CC/07-20-2016-DDSM-44750/1.000000-full mammogram images-07231/1-1.dcm,./data/CBIS-DDSM/Mass-Training_P_00021_RIGHT_CC_1/07-21-2016-DDSM-26945/1.000000-ROI mask images-01991/1-2.dcm,MG,1,benign,P_00021,right,5,cc,P_00021_RIGHT_CC_mass_1,CIRCUMSCRIBED,OVAL,
1508,1,mass,digitized,3,"[620, 1488, 1771, 2640]",1,,,./data/CBIS-DDSM/Mass-Training_P_00021_RIGHT_MLO/07-20-2016-DDSM-48943/1.000000-full mammogram images-17746/1-1.dcm,./data/CBIS-DDSM/Mass-Training_P_00021_RIGHT_MLO_1/07-21-2016-DDSM-69339/1.000000-ROI mask images-17382/1-2.dcm,MG,1,benign,P_00021,right,5,mlo,P_00021_RIGHT_MLO_mass_1,CIRCUMSCRIBED,OVAL,
3247,1,mass,digitized,5,"[679, 1756, 1830, 2908]",2,,,./data/CBIS-DDSM/Mass-Training_P_00051_LEFT_CC/07-20-2016-DDSM-93090/1.000000-full mammogram images-62296/1-1.dcm,./data/CBIS-DDSM/Mass-Training_P_00051_LEFT_CC_1/07-21-2016-DDSM-82535/1.000000-ROI mask images-08042/1-2.dcm,MG,1,malignant,P_00051,left,5,cc,P_00051_LEFT_CC_mass_1,SPICULATED,IRREGULAR,
2317,1,mass,digitized,5,"[801, 2779, 1952, 3930]",2,,,./data/CBIS-DDSM/Mass-Training_P_00051_LEFT_MLO/07-20-2016-DDSM-35388/1.000000-full mammogram images-04692/1-1.dcm,./data/CBIS-DDSM/Mass-Training_P_00051_LEFT_MLO_1/07-21-2016-DDSM-14815/1.000000-ROI mask images-93758/1-1.dcm,MG,1,malignant,P_00051,left,5,mlo,P_00051_LEFT_MLO_mass_1,SPICULATED,IRREGULAR,
2996,1,mass,digitized,4,"[1441, 977, 2592, 2128]",2,,,./data/CBIS-DDSM/Mass-Training_P_00081_RIGHT_CC/07-20-2016-DDSM-60587/1.000000-full mammogram images-33720/1-1.dcm,./data/CBIS-DDSM/Mass-Training_P_00081_RIGHT_CC_1/07-21-2016-DDSM-52992/1.000000-ROI mask images-00374/1-1.dcm,MG,1,benign,P_00081,right,5,cc,P_00081_RIGHT_CC_mass_1,CIRCUMSCRIBED,ROUND,
387,1,mass,digitized,4,"[976, 1637, 2128, 2789]",2,,,./data/CBIS-DDSM/Mass-Training_P_00081_RIGHT_MLO/07-20-2016-DDSM-30994/1.000000-full mammogram images-47517/1-1.dcm,./data/CBIS-DDSM/Mass-Training_P_00081_RIGHT_MLO_1/07-21-2016-DDSM-83211/1.000000-ROI mask images-10640/1-2.dcm,MG,1,benign,P_00081,right,5,mlo,P_00081_RIGHT_MLO_mass_1,MICROLOBULATED,ROUND,
1873,1,mass,digitized,4,"[1381, 3637, 2533, 4789]",2,,,./data/CBIS-DDSM/Mass-Training_P_00117_LEFT_MLO/07-20-2016-DDSM-60845/1.000000-full mammogram images-55720/1-1.dcm,./data/CBIS-DDSM/Mass-Training_P_00117_LEFT_MLO_1/07-21-2016-DDSM-13980/1.000000-ROI mask images-02390/1-2.dcm,MG,1,benign,P_00117,left,3,mlo,P_00117_LEFT_MLO_mass_1,CIRCUMSCRIBED,LOBULATED,
1577,1,mass,digitized,4,"[385, 2171, 1536, 3322]",3,,,./data/CBIS-DDSM/Mass-Test_P_00171_RIGHT_CC/10-04-2016-DDSM-41440/1.000000-full mammogram images-42316/1-1.dcm,./data/CBIS-DDSM/Mass-Test_P_00171_RIGHT_CC_1/10-04-2016-DDSM-91479/1.000000-ROI mask images-32071/1-2.dcm,MG,1,benign,P_00171,right,1,cc,P_00171_RIGHT_CC_mass_1,ILL_DEFINED,IRREGULAR,
1568,1,mass,digitized,4,"[166, 3299, 1318, 4451]",3,,,./data/CBIS-DDSM/Mass-Test_P_00171_RIGHT_MLO/10-04-2016-DDSM-95797/1.000000-full mammogram images-78587/1-1.dcm,./data/CBIS-DDSM/Mass-Test_P_00171_RIGHT_MLO_1/10-04-2016-DDSM-40072/1.000000-ROI mask images-64353/1-2.dcm,MG,1,benign,P_00171,right,1,mlo,P_00171_RIGHT_MLO_mass_1,ILL_DEFINED,IRREGULAR,
590,1,mass,digitized,5,"[4419, 1264, 5431, 2415]",3,,,./data/CBIS-DDSM/Mass-Test_P_00209_LEFT_MLO/10-04-2016-DDSM-59659/1.000000-full mammogram images-11221/1-1.dcm,./data/CBIS-DDSM/Mass-Test_P_00209_LEFT_MLO_1/10-04-2016-DDSM-27186/1.000000-ROI mask images-51604/1-2.dcm,MG,1,malignant,P_00209,left,4,mlo,P_00209_LEFT_MLO_mass_1,SPICULATED,IRREGULAR,
2187,1,mass,digitized,4,"[1473, 2351, 2624, 3502]",3,,,./data/CBIS-DDSM/Mass-Test_P_00212_RIGHT_CC/10-04-2016-DDSM-61874/1.000000-full mammogram images-17323/1-1.dcm,./data/CBIS-DDSM/Mass-Test_P_00212_RIGHT_CC_1/10-04-2016-DDSM-92529/1.000000-ROI mask images-61796/1-2.dcm,MG,1,malignant,P_00212,right,3,cc,P_00212_RIGHT_CC_mass_1,ILL_DEFINED,LOBULATED,
2262,1,mass,digitized,4,"[1431, 3125, 2582, 4277]",3,,,./data/CBIS-DDSM/Mass-Test_P_00212_RIGHT_MLO/10-04-2016-DDSM-89373/1.000000-full mammogram images-35518/1-1.dcm,./data/CBIS-DDSM/Mass-Test_P_00212_RIGHT_MLO_1/10-04-2016-DDSM-24592/1.000000-ROI mask images-36547/1-2.dcm,MG,1,malignant,P_00212,right,2,mlo,P_00212_RIGHT_MLO_mass_1,ILL_DEFINED,LOBULATED,
3111,1,mass,digitized,3,"[1005, 1651, 2156, 2803]",3,,,./data/CBIS-DDSM/Mass-Training_P_00215_RIGHT_CC/07-20-2016-DDSM-18569/1.000000-full mammogram images-80744/1-1.dcm,./data/CBIS-DDSM/Mass-Training_P_00215_RIGHT_CC_1/07-21-2016-DDSM-21323/1.000000-ROI mask images-57130/1-1.dcm,MG,1,benign,P_00215,right,5,cc,P_00215_RIGHT_CC_mass_1,CIRCUMSCRIBED,ROUND,
802,1,mass,digitized,3,"[229, 1073, 1380, 2224]",3,,,./data/CBIS-DDSM/Mass-Training_P_00224_LEFT_CC/07-20-2016-DDSM-29754/1.000000-full mammogram images-27487/1-1.dcm,./data/CBIS-DDSM/Mass-Training_P_00224_LEFT_CC_1/07-21-2016-DDSM-87682/1.000000-ROI mask images-97989/1-1.dcm,MG,1,benign,P_00224,left,4,cc,P_00224_LEFT_CC_mass_1,CIRCUMSCRIBED,ROUND,
1087,1,mass,digitized,3,"[764, 1259, 1915, 2411]",3,,,./data/CBIS-DDSM/Mass-Training_P_00224_LEFT_MLO/07-20-2016-DDSM-44250/1.000000-full mammogram images-27010/1-1.dcm,./data/CBIS-DDSM/Mass-Training_P_00224_LEFT_MLO_1/07-21-2016-DDSM-15354/1.000000-ROI mask images-16035/1-1.dcm,MG,1,benign,P_00224,left,5,mlo,P_00224_LEFT_MLO_mass_1,CIRCUMSCRIBED,OVAL,
224,1,mass,digitized,3,"[1023, 999, 2175, 2151]",3,,,./data/CBIS-DDSM/Mass-Training_P_00224_RIGHT_CC/07-20-2016-DDSM-43031/1.000000-full mammogram images-97809/1-1.dcm,./data/CBIS-DDSM/Mass-Training_P_00224_RIGHT_CC_1/07-21-2016-DDSM-62466/1.000000-ROI mask images-50969/1-1.dcm,MG,1,benign,P_00224,right,3,cc,P_00224_RIGHT_CC_mass_1,ILL_DEFINED,LOBULATED,
16,1,mass,digitized,3,"[1167, 1713, 2319, 2865]",3,,,./data/CBIS-DDSM/Mass-Training_P_00224_RIGHT_MLO/07-20-2016-DDSM-47608/1.000000-full mammogram images-46149/1-1.dcm,./data/CBIS-DDSM/Mass-Training_P_00224_RIGHT_MLO_1/07-21-2016-DDSM-26527/1.000000-ROI mask images-42723/1-2.dcm,MG,1,benign,P_00224,right,4,mlo,P_00224_RIGHT_MLO_mass_1,CIRCUMSCRIBED,LOBULATED,
3136,1,mass,digitized,3,"[0, 1002, 1039, 2153]",3,,,./data/CBIS-DDSM/Mass-Training_P_00231_LEFT_CC/07-20-2016-DDSM-72506/1.000000-full mammogram images-97260/1-1.dcm,./data/CBIS-DDSM/Mass-Training_P_00231_LEFT_CC_1/07-21-2016-DDSM-78946/1.000000-ROI mask images-88955/1-1.dcm,MG,1,benign,P_00231,left,1,cc,P_00231_LEFT_CC_mass_1,OBSCURED,OVAL,
3110,1,mass,digitized,3,"[0, 1523, 973, 2675]",3,,,./data/CBIS-DDSM/Mass-Training_P_00231_LEFT_MLO/07-20-2016-DDSM-29582/1.000000-full mammogram images-33044/1-1.dcm,./data/CBIS-DDSM/Mass-Training_P_00231_LEFT_MLO_1/07-21-2016-DDSM-81304/1.000000-ROI mask images-19636/1-1.dcm,MG,1,benign,P_00231,left,5,mlo,P_00231_LEFT_MLO_mass_1,CIRCUMSCRIBED,OVAL,
3473,1,mass,digitized,3,"[858, 1811, 2010, 2963]",3,,,./data/CBIS-DDSM/Mass-Training_P_00234_LEFT_CC/07-20-2016-DDSM-86408/1.000000-full mammogram images-83711/1-1.dcm,./data/CBIS-DDSM/Mass-Training_P_00234_LEFT_CC_1/07-21-2016-DDSM-50217/1.000000-ROI mask images-76961/1-1.dcm,MG,1,benign,P_00234,left,3,cc,P_00234_LEFT_CC_mass_1,OBSCURED,ROUND,
2911,1,mass,digitized,2,"[1448, 676, 2600, 1828]",3,,,./data/CBIS-DDSM/Mass-Test_P_00238_RIGHT_CC/10-04-2016-DDSM-04117/1.000000-full mammogram images-56409/1-1.dcm,./data/CBIS-DDSM/Mass-Test_P_00238_RIGHT_CC_1/10-04-2016-DDSM-19429/1.000000-ROI mask images-37650/1-2.dcm,MG,1,benign,P_00238,right,3,cc,P_00238_RIGHT_CC_mass_1,,LYMPH_NODE,
3148,1,mass,digitized,3,"[1326, 2035, 2477, 3187]",3,,,./data/CBIS-DDSM/Mass-Test_P_00238_RIGHT_MLO/10-04-2016-DDSM-75793/1.000000-full mammogram images-98040/1-1.dcm,./data/CBIS-DDSM/Mass-Test_P_00238_RIGHT_MLO_1/10-04-2016-DDSM-99057/1.000000-ROI mask images-28936/1-2.dcm,MG,1,benign,P_00238,right,3,mlo,P_00238_RIGHT_MLO_mass_1,CIRCUMSCRIBED,OVAL,
211,1,mass,digitized,4,"[3161, 4080, 4208, 5231]",2,,,./data/CBIS-DDSM/Mass-Training_P_00241_RIGHT_CC/07-20-2016-DDSM-37353/1.000000-full mammogram images-62818/1-1.dcm,./data/CBIS-DDSM/Mass-Training_P_00241_RIGHT_CC_1/07-21-2016-DDSM-97247/1.000000-ROI mask images-08873/1-2.dcm,MG,1,malignant,P_00241,right,5,cc,P_00241_RIGHT_CC_mass_1,SPICULATED,IRREGULAR,
3225,1,mass,digitized,4,"[3026, 2549, 4178, 3701]",2,,,./data/CBIS-DDSM/Mass-Training_P_00241_RIGHT_MLO/07-20-2016-DDSM-49350/1.000000-full mammogram images-63368/1-1.dcm,./data/CBIS-DDSM/Mass-Training_P_00241_RIGHT_MLO_1/07-21-2016-DDSM-47203/1.000000-ROI mask images-05771/1-2.dcm,MG,1,malignant,P_00241,right,4,mlo,P_00241_RIGHT_MLO_mass_1,SPICULATED,IRREGULAR,
2536,1,mass,digitized,4,"[0, 1214, 900, 2365]",3,,,./data/CBIS-DDSM/Mass-Training_P_00254_LEFT_CC/07-20-2016-DDSM-98617/1.000000-full mammogram images-99097/1-1.dcm,./data/CBIS-DDSM/Mass-Training_P_00254_LEFT_CC_1/07-21-2016-DDSM-07793/1.000000-ROI mask images-63993/1-1.dcm,MG,1,malignant,P_00254,left,4,cc,P_00254_LEFT_CC_mass_1,ILL_DEFINED,LOBULATED,
1220,1,mass,digitized,4,"[478, 1307, 1630, 2459]",3,,,./data/CBIS-DDSM/Mass-Training_P_00254_LEFT_MLO/07-20-2016-DDSM-07341/1.000000-full mammogram images-44915/1-1.dcm,./data/CBIS-DDSM/Mass-Training_P_00254_LEFT_MLO_1/07-21-2016-DDSM-39837/1.000000-ROI mask images-51747/1-2.dcm,MG,1,malignant,P_00254,left,4,mlo,P_00254_LEFT_MLO_mass_1,ILL_DEFINED,LOBULATED-IRREGULAR,
2842,1,mass,digitized,3,"[550, 2198, 1702, 3350]",2,,,./data/CBIS-DDSM/Mass-Training_P_00264_LEFT_CC/07-20-2016-DDSM-11129/1.000000-full mammogram images-99272/1-1.dcm,./data/CBIS-DDSM/Mass-Training_P_00264_LEFT_CC_1/07-21-2016-DDSM-15257/1.000000-ROI mask images-69321/1-1.dcm,MG,1,malignant,P_00264,left,5,cc,P_00264_LEFT_CC_mass_1,OBSCURED,ROUND,
423,1,mass,digitized,3,"[452, 1731, 1603, 2883]",2,,,./data/CBIS-DDSM/Mass-Training_P_00264_LEFT_MLO/07-20-2016-DDSM-30592/1.000000-full mammogram images-28713/1-1.dcm,./data/CBIS-DDSM/Mass-Training_P_00264_LEFT_MLO_1/07-21-2016-DDSM-36237/1.000000-ROI mask images-71030/1-2.dcm,MG,1,malignant,P_00264,left,5,mlo,P_00264_LEFT_MLO_mass_1,OBSCURED,OVAL,
3451,1,mass,digitized,4,"[2567, 4134, 3719, 5286]",2,,,./data/CBIS-DDSM/Mass-Training_P_00273_LEFT_CC/07-20-2016-DDSM-98859/1.000000-full mammogram images-70722/1-1.dcm,./data/CBIS-DDSM/Mass-Training_P_00273_LEFT_CC_1/07-21-2016-DDSM-98037/1.000000-ROI mask images-11351/1-2.dcm,MG,1,benign,P_00273,left,4,cc,P_00273_LEFT_CC_mass_1,OBSCURED,LOBULATED,
3160,1,mass,digitized,3,"[3026, 1164, 3672, 2315]",1,,,./data/CBIS-DDSM/Mass-Training_P_00342_RIGHT_CC/07-20-2016-DDSM-88828/1.000000-full mammogram images-63066/1-1.dcm,./data/CBIS-DDSM/Mass-Training_P_00342_RIGHT_CC_1/07-21-2016-DDSM-69235/1.000000-ROI mask images-58505/1-1.dcm,MG,1,benign,P_00342,right,5,cc,P_00342_RIGHT_CC_mass_1,CIRCUMSCRIBED,LOBULATED,
825,3,mass,digitized,3,"[2397, 1415, 3549, 2567]",1,,,./data/CBIS-DDSM/Mass-Training_P_00342_RIGHT_MLO/07-20-2016-DDSM-57077/1.000000-full mammogram images-97259/1-1.dcm,./data/CBIS-DDSM/Mass-Training_P_00342_RIGHT_MLO_3/07-21-2016-DDSM-28394/1.000000-ROI mask images-65656/1-2.dcm,MG,3,benign,P_00342,right,5,mlo,P_00342_RIGHT_MLO_mass_3,CIRCUMSCRIBED,OVAL,
1566,2,mass,digitized,3,"[2120, 1168, 3271, 2319]",1,,,./data/CBIS-DDSM/Mass-Training_P_00342_RIGHT_MLO/07-20-2016-DDSM-57077/1.000000-full mammogram images-97259/1-1.dcm,./data/CBIS-DDSM/Mass-Training_P_00342_RIGHT_MLO_2/07-21-2016-DDSM-73565/1.000000-ROI mask images-72264/1-2.dcm,MG,3,benign,P_00342,right,5,mlo,P_00342_RIGHT_MLO_mass_2,CIRCUMSCRIBED,ROUND,
1587,1,mass,digitized,3,"[1963, 1057, 3114, 2209]",1,,,./data/CBIS-DDSM/Mass-Training_P_00342_RIGHT_MLO/07-20-2016-DDSM-57077/1.000000-full mammogram images-97259/1-1.dcm,./data/CBIS-DDSM/Mass-Training_P_00342_RIGHT_MLO_1/07-21-2016-DDSM-76496/1.000000-ROI mask images-34427/1-2.dcm,MG,3,benign,P_00342,right,5,mlo,P_00342_RIGHT_MLO_mass_1,CIRCUMSCRIBED,LOBULATED,
2540,1,mass,digitized,5,"[1462, 319, 2440, 1470]",2,,,./data/CBIS-DDSM/Mass-Test_P_00375_RIGHT_CC/10-04-2016-DDSM-14222/1.000000-full mammogram images-26961/1-1.dcm,./data/CBIS-DDSM/Mass-Test_P_00375_RIGHT_CC_1/10-04-2016-DDSM-38277/1.000000-ROI mask images-41581/1-2.dcm,MG,1,malignant,P_00375,right,5,cc,P_00375_RIGHT_CC_mass_1,MICROLOBULATED,OVAL,
2038,1,mass,digitized,5,"[972, 1240, 2124, 2391]",2,,,./data/CBIS-DDSM/Mass-Test_P_00375_RIGHT_MLO/10-04-2016-DDSM-05072/1.000000-full mammogram images-00443/1-1.dcm,./data/CBIS-DDSM/Mass-Test_P_00375_RIGHT_MLO_1/10-04-2016-DDSM-80360/1.000000-ROI mask images-71161/1-2.dcm,MG,1,malignant,P_00375,right,5,mlo,P_00375_RIGHT_MLO_mass_1,MICROLOBULATED,OVAL,
2549,1,mass,digitized,5,"[868, 3143, 2019, 4294]",1,,,./data/CBIS-DDSM/Mass-Training_P_00383_LEFT_MLO/07-20-2016-DDSM-95975/1.000000-full mammogram images-30575/1-1.dcm,./data/CBIS-DDSM/Mass-Training_P_00383_LEFT_MLO_1/07-21-2016-DDSM-39496/1.000000-ROI mask images-92620/1-2.dcm,MG,1,malignant,P_00383,left,2,mlo,P_00383_LEFT_MLO_mass_1,SPICULATED,IRREGULAR,
2563,1,mass,digitized,4,"[1467, 1294, 2504, 2446]",3,,,./data/CBIS-DDSM/Mass-Training_P_00408_RIGHT_CC/07-20-2016-DDSM-08853/1.000000-full mammogram images-76001/1-1.dcm,./data/CBIS-DDSM/Mass-Training_P_00408_RIGHT_CC_1/07-21-2016-DDSM-73645/1.000000-ROI mask images-67594/1-2.dcm,MG,1,malignant,P_00408,right,3,cc,P_00408_RIGHT_CC_mass_1,ILL_DEFINED,ROUND,
1139,1,mass,digitized,4,"[1579, 1656, 2568, 2808]",3,,,./data/CBIS-DDSM/Mass-Training_P_00408_RIGHT_MLO/07-20-2016-DDSM-13151/1.000000-full mammogram images-33288/1-1.dcm,./data/CBIS-DDSM/Mass-Training_P_00408_RIGHT_MLO_1/07-21-2016-DDSM-99768/1.000000-ROI mask images-93741/1-1.dcm,MG,1,malignant,P_00408,right,3,mlo,P_00408_RIGHT_MLO_mass_1,ILL_DEFINED,ROUND,
1730,2,mass,digitized,4,"[1608, 2862, 2760, 4013]",1,,,./data/CBIS-DDSM/Mass-Training_P_00420_RIGHT_CC/07-20-2016-DDSM-44458/1.000000-full mammogram images-46060/1-1.dcm,./data/CBIS-DDSM/Mass-Training_P_00420_RIGHT_CC_2/07-21-2016-DDSM-03871/1.000000-ROI mask images-81759/1-1.dcm,MG,2,malignant,P_00420,right,3,cc,P_00420_RIGHT_CC_mass_2,ILL_DEFINED,IRREGULAR,
2812,1,mass,digitized,4,"[1317, 2514, 2469, 3666]",1,,,./data/CBIS-DDSM/Mass-Training_P_00420_RIGHT_CC/07-20-2016-DDSM-44458/1.000000-full mammogram images-46060/1-1.dcm,./data/CBIS-DDSM/Mass-Training_P_00420_RIGHT_CC_1/07-21-2016-DDSM-06434/1.000000-ROI mask images-20367/1-1.dcm,MG,2,malignant,P_00420,right,3,cc,P_00420_RIGHT_CC_mass_1,ILL_DEFINED,IRREGULAR,
714,1,mass,digitized,4,"[1981, 2745, 3133, 3896]",1,,,./data/CBIS-DDSM/Mass-Training_P_00420_RIGHT_MLO/07-20-2016-DDSM-13082/1.000000-full mammogram images-14807/1-1.dcm,./data/CBIS-DDSM/Mass-Training_P_00420_RIGHT_MLO_1/07-21-2016-DDSM-83203/1.000000-ROI mask images-51952/1-1.dcm,MG,2,malignant,P_00420,right,3,mlo,P_00420_RIGHT_MLO_mass_1,ILL_DEFINED,IRREGULAR,
1476,2,mass,digitized,4,"[1808, 3522, 2959, 4673]",1,,,./data/CBIS-DDSM/Mass-Training_P_00420_RIGHT_MLO/07-20-2016-DDSM-13082/1.000000-full mammogram images-14807/1-1.dcm,./data/CBIS-DDSM/Mass-Training_P_00420_RIGHT_MLO_2/07-21-2016-DDSM-71506/1.000000-ROI mask images-41101/1-2.dcm,MG,2,malignant,P_00420,right,3,mlo,P_00420_RIGHT_MLO_mass_2,ILL_DEFINED,IRREGULAR,
1544,1,mass,digitized,0,"[740, 1137, 1854, 2288]",3,,,./data/CBIS-DDSM/Mass-Training_P_00423_RIGHT_CC/07-20-2016-DDSM-47778/1.000000-full mammogram images-34100/1-1.dcm,./data/CBIS-DDSM/Mass-Training_P_00423_RIGHT_CC_1/07-21-2016-DDSM-26655/1.000000-ROI mask images-92142/1-1.dcm,MG,1,malignant,P_00423,right,4,cc,P_00423_RIGHT_CC_mass_1,SPICULATED,IRREGULAR,
2736,1,mass,digitized,4,"[1232, 3705, 2384, 4856]",1,,,./data/CBIS-DDSM/Mass-Training_P_00432_LEFT_CC/07-20-2016-DDSM-34642/1.000000-full mammogram images-17561/1-1.dcm,./data/CBIS-DDSM/Mass-Training_P_00432_LEFT_CC_1/07-21-2016-DDSM-81675/1.000000-ROI mask images-91666/1-2.dcm,MG,2,malignant,P_00432,left,3,cc,P_00432_LEFT_CC_mass_1,SPICULATED,IRREGULAR,
3046,2,mass,digitized,4,"[1164, 2698, 2315, 3849]",1,,,./data/CBIS-DDSM/Mass-Training_P_00432_LEFT_CC/07-20-2016-DDSM-34642/1.000000-full mammogram images-17561/1-1.dcm,./data/CBIS-DDSM/Mass-Training_P_00432_LEFT_CC_2/07-21-2016-DDSM-53265/1.000000-ROI mask images-14683/1-2.dcm,MG,2,malignant,P_00432,left,3,cc,P_00432_LEFT_CC_mass_2,SPICULATED,IRREGULAR,
334,1,mass,digitized,4,"[1011, 3252, 2163, 4404]",1,,,./data/CBIS-DDSM/Mass-Training_P_00432_LEFT_MLO/07-20-2016-DDSM-33534/1.000000-full mammogram images-29315/1-1.dcm,./data/CBIS-DDSM/Mass-Training_P_00432_LEFT_MLO_1/07-21-2016-DDSM-90123/1.000000-ROI mask images-47110/1-2.dcm,MG,2,malignant,P_00432,left,3,mlo,P_00432_LEFT_MLO_mass_1,SPICULATED,IRREGULAR,
1813,2,mass,digitized,4,"[567, 3651, 1719, 4803]",1,,,./data/CBIS-DDSM/Mass-Training_P_00432_LEFT_MLO/07-20-2016-DDSM-33534/1.000000-full mammogram images-29315/1-1.dcm,./data/CBIS-DDSM/Mass-Training_P_00432_LEFT_MLO_2/07-21-2016-DDSM-23545/1.000000-ROI mask images-47155/1-2.dcm,MG,2,malignant,P_00432,left,3,mlo,P_00432_LEFT_MLO_mass_2,SPICULATED,IRREGULAR,
2941,1,mass,digitized,5,"[428, 2121, 1579, 3273]",3,,,./data/CBIS-DDSM/Mass-Training_P_00435_RIGHT_MLO/07-20-2016-DDSM-55313/1.000000-full mammogram images-82139/1-1.dcm,./data/CBIS-DDSM/Mass-Training_P_00435_RIGHT_MLO_1/07-21-2016-DDSM-19512/1.000000-ROI mask images-71458/1-1.dcm,MG,1,malignant,P_00435,right,5,mlo,P_00435_RIGHT_MLO_mass_1,SPICULATED,ARCHITECTURAL_DISTORTION,
3156,1,mass,digitized,4,"[715, 1980, 1867, 3131]",1,,,./data/CBIS-DDSM/Mass-Training_P_00439_RIGHT_CC/07-20-2016-DDSM-17979/1.000000-full mammogram images-78923/1-1.dcm,./data/CBIS-DDSM/Mass-Training_P_00439_RIGHT_CC_1/07-21-2016-DDSM-62227/1.000000-ROI mask images-06997/1-1.dcm,MG,1,malignant,P_00439,right,5,cc,P_00439_RIGHT_CC_mass_1,SPICULATED,ARCHITECTURAL_DISTORTION,
1415,1,mass,digitized,3,"[740, 2407, 1891, 3558]",1,,,./data/CBIS-DDSM/Mass-Training_P_00439_RIGHT_MLO/07-20-2016-DDSM-27770/1.000000-full mammogram images-82397/1-1.dcm,./data/CBIS-DDSM/Mass-Training_P_00439_RIGHT_MLO_1/07-21-2016-DDSM-56927/1.000000-ROI mask images-48863/1-1.dcm,MG,1,malignant,P_00439,right,1,mlo,P_00439_RIGHT_MLO_mass_1,,ARCHITECTURAL_DISTORTION,
357,1,mass,digitized,0,"[984, 1880, 2136, 3031]",2,,,./data/CBIS-DDSM/Mass-Training_P_00454_RIGHT_CC/07-20-2016-DDSM-60018/1.000000-full mammogram images-00792/1-1.dcm,./data/CBIS-DDSM/Mass-Training_P_00454_RIGHT_CC_1/07-21-2016-DDSM-82668/1.000000-ROI mask images-60440/1-1.dcm,MG,1,benign,P_00454,right,4,cc,P_00454_RIGHT_CC_mass_1,OBSCURED,ROUND,
2790,1,mass,digitized,0,"[494, 2292, 1645, 3443]",2,,,./data/CBIS-DDSM/Mass-Training_P_00454_RIGHT_MLO/07-20-2016-DDSM-00558/1.000000-full mammogram images-89999/1-1.dcm,./data/CBIS-DDSM/Mass-Training_P_00454_RIGHT_MLO_1/07-21-2016-DDSM-06443/1.000000-ROI mask images-95283/1-1.dcm,MG,1,benign,P_00454,right,4,mlo,P_00454_RIGHT_MLO_mass_1,OBSCURED,ROUND,
1974,1,mass,digitized,5,"[1156, 2578, 2308, 3729]",3,,,./data/CBIS-DDSM/Mass-Training_P_00471_RIGHT_CC/07-20-2016-DDSM-51678/1.000000-full mammogram images-98710/1-1.dcm,./data/CBIS-DDSM/Mass-Training_P_00471_RIGHT_CC_1/07-21-2016-DDSM-54295/1.000000-ROI mask images-04460/1-1.dcm,MG,1,malignant,P_00471,right,5,cc,P_00471_RIGHT_CC_mass_1,SPICULATED,IRREGULAR-ARCHITECTURAL_DISTORTION,
3264,1,mass,digitized,5,"[1019, 2566, 2171, 3718]",3,,,./data/CBIS-DDSM/Mass-Training_P_00471_RIGHT_MLO/07-20-2016-DDSM-62612/1.000000-full mammogram images-64061/1-1.dcm,./data/CBIS-DDSM/Mass-Training_P_00471_RIGHT_MLO_1/07-21-2016-DDSM-23837/1.000000-ROI mask images-90823/1-1.dcm,MG,1,malignant,P_00471,right,5,mlo,P_00471_RIGHT_MLO_mass_1,OBSCURED-SPICULATED,IRREGULAR-ARCHITECTURAL_DISTORTION,
539,1,mass,digitized,4,"[1149, 1977, 2301, 3128]",2,,,./data/CBIS-DDSM/Mass-Test_P_00481_RIGHT_CC/10-04-2016-DDSM-42679/1.000000-full mammogram images-53068/1-1.dcm,./data/CBIS-DDSM/Mass-Test_P_00481_RIGHT_CC_1/10-04-2016-DDSM-85247/1.000000-ROI mask images-46983/1-2.dcm,MG,1,malignant,P_00481,right,4,cc,P_00481_RIGHT_CC_mass_1,SPICULATED,ROUND,
5,1,mass,digitized,4,"[1344, 3048, 2496, 4199]",2,,,./data/CBIS-DDSM/Mass-Test_P_00481_RIGHT_MLO/10-04-2016-DDSM-32511/1.000000-full mammogram images-25163/1-1.dcm,./data/CBIS-DDSM/Mass-Test_P_00481_RIGHT_MLO_1/10-04-2016-DDSM-88946/1.000000-ROI mask images-27345/1-2.dcm,MG,1,malignant,P_00481,right,4,mlo,P_00481_RIGHT_MLO_mass_1,SPICULATED,ROUND,
2408,1,mass,digitized,4,"[1565, 819, 2624, 1971]",3,,,./data/CBIS-DDSM/Mass-Test_P_00490_RIGHT_CC/10-04-2016-DDSM-82206/1.000000-full mammogram images-71236/1-1.dcm,./data/CBIS-DDSM/Mass-Test_P_00490_RIGHT_CC_1/10-04-2016-DDSM-73638/1.000000-ROI mask images-12344/1-2.dcm,MG,1,benign,P_00490,right,2,cc,P_00490_RIGHT_CC_mass_1,CIRCUMSCRIBED-OBSCURED-ILL_DEFINED,OVAL,
364,1,mass,digitized,4,"[958, 1168, 2109, 2320]",3,,,./data/CBIS-DDSM/Mass-Test_P_00490_RIGHT_MLO/10-04-2016-DDSM-85430/1.000000-full mammogram images-82504/1-1.dcm,./data/CBIS-DDSM/Mass-Test_P_00490_RIGHT_MLO_1/10-04-2016-DDSM-40041/1.000000-ROI mask images-83620/1-2.dcm,MG,1,benign,P_00490,right,3,mlo,P_00490_RIGHT_MLO_mass_1,CIRCUMSCRIBED-OBSCURED-ILL_DEFINED,OVAL,
3398,2,mass,digitized,4,"[873, 2542, 2024, 3693]",2,,,./data/CBIS-DDSM/Mass-Training_P_00515_LEFT_CC/07-20-2016-DDSM-12905/1.000000-full mammogram images-10961/1-1.dcm,./data/CBIS-DDSM/Mass-Training_P_00515_LEFT_CC_2/07-21-2016-DDSM-92735/1.000000-ROI mask images-39907/1-2.dcm,MG,1,benign,P_00515,left,3,cc,P_00515_LEFT_CC_mass_2,OBSCURED,ROUND,
482,2,mass,digitized,4,"[751, 3259, 1902, 4410]",2,,,./data/CBIS-DDSM/Mass-Training_P_00515_LEFT_MLO/07-20-2016-DDSM-10678/1.000000-full mammogram images-03085/1-1.dcm,./data/CBIS-DDSM/Mass-Training_P_00515_LEFT_MLO_2/07-21-2016-DDSM-59581/1.000000-ROI mask images-97498/1-2.dcm,MG,1,benign,P_00515,left,3,mlo,P_00515_LEFT_MLO_mass_2,CIRCUMSCRIBED,ROUND,
797,1,mass,digitized,4,"[434, 2161, 1585, 3313]",2,,,./data/CBIS-DDSM/Mass-Training_P_00515_RIGHT_CC/07-20-2016-DDSM-48774/1.000000-full mammogram images-19820/1-1.dcm,./data/CBIS-DDSM/Mass-Training_P_00515_RIGHT_CC_1/07-21-2016-DDSM-53502/1.000000-ROI mask images-44837/1-2.dcm,MG,1,benign,P_00515,right,4,cc,P_00515_RIGHT_CC_mass_1,ILL_DEFINED,OVAL,
2422,1,mass,digitized,5,"[207, 2518, 1359, 3669]",2,,,./data/CBIS-DDSM/Mass-Test_P_00516_LEFT_CC/10-04-2016-DDSM-97493/1.000000-full mammogram images-52486/1-1.dcm,./data/CBIS-DDSM/Mass-Test_P_00516_LEFT_CC_1/10-04-2016-DDSM-55301/1.000000-ROI mask images-25901/1-2.dcm,MG,1,malignant,P_00516,left,5,cc,P_00516_LEFT_CC_mass_1,ILL_DEFINED,IRREGULAR,
1909,1,mass,digitized,4,"[0, 2550, 1133, 3702]",2,,,./data/CBIS-DDSM/Mass-Test_P_00516_LEFT_MLO/10-04-2016-DDSM-81745/1.000000-full mammogram images-63647/1-1.dcm,./data/CBIS-DDSM/Mass-Test_P_00516_LEFT_MLO_1/10-04-2016-DDSM-89836/1.000000-ROI mask images-89266/1-2.dcm,MG,1,malignant,P_00516,left,5,mlo,P_00516_LEFT_MLO_mass_1,ILL_DEFINED,IRREGULAR,
1497,1,mass,digitized,3,"[0, 1705, 874, 2857]",3,,,./data/CBIS-DDSM/Mass-Test_P_00533_LEFT_CC/10-04-2016-DDSM-45627/1.000000-full mammogram images-57584/1-1.dcm,./data/CBIS-DDSM/Mass-Test_P_00533_LEFT_CC_1/10-04-2016-DDSM-05751/1.000000-ROI mask images-86114/1-2.dcm,MG,1,benign,P_00533,left,2,cc,P_00533_LEFT_CC_mass_1,SPICULATED,IRREGULAR,
1482,1,mass,digitized,3,"[0, 2358, 872, 3510]",3,,,./data/CBIS-DDSM/Mass-Test_P_00533_LEFT_MLO/10-04-2016-DDSM-30544/1.000000-full mammogram images-91797/1-1.dcm,./data/CBIS-DDSM/Mass-Test_P_00533_LEFT_MLO_1/10-04-2016-DDSM-07841/1.000000-ROI mask images-09235/1-2.dcm,MG,1,benign,P_00533,left,4,mlo,P_00533_LEFT_MLO_mass_1,CIRCUMSCRIBED,OVAL,
172,1,mass,digitized,3,"[692, 2192, 1843, 3343]",3,,,./data/CBIS-DDSM/Mass-Training_P_00534_LEFT_CC/07-20-2016-DDSM-22766/1.000000-full mammogram images-12823/1-1.dcm,./data/CBIS-DDSM/Mass-Training_P_00534_LEFT_CC_1/07-21-2016-DDSM-38618/1.000000-ROI mask images-38247/1-2.dcm,MG,1,benign,P_00534,left,5,cc,P_00534_LEFT_CC_mass_1,CIRCUMSCRIBED,OVAL,
3537,1,mass,digitized,3,"[615, 2628, 1767, 3779]",3,,,./data/CBIS-DDSM/Mass-Training_P_00534_LEFT_MLO/07-20-2016-DDSM-75907/1.000000-full mammogram images-25301/1-1.dcm,./data/CBIS-DDSM/Mass-Training_P_00534_LEFT_MLO_1/07-21-2016-DDSM-46937/1.000000-ROI mask images-27674/1-1.dcm,MG,1,benign,P_00534,left,5,mlo,P_00534_LEFT_MLO_mass_1,CIRCUMSCRIBED,OVAL,
3374,1,mass,digitized,5,"[1437, 4099, 2589, 5250]",1,,,./data/CBIS-DDSM/Mass-Training_P_00545_LEFT_MLO/07-20-2016-DDSM-52111/1.000000-full mammogram images-44043/1-1.dcm,./data/CBIS-DDSM/Mass-Training_P_00545_LEFT_MLO_1/07-21-2016-DDSM-62112/1.000000-ROI mask images-90645/1-2.dcm,MG,1,malignant,P_00545,left,1,mlo,P_00545_LEFT_MLO_mass_1,SPICULATED,IRREGULAR,
1273,1,mass,digitized,0,"[618, 1897, 1770, 3048]",1,,,./data/CBIS-DDSM/Mass-Training_P_00549_LEFT_CC/07-20-2016-DDSM-15623/1.000000-full mammogram images-11837/1-1.dcm,./data/CBIS-DDSM/Mass-Training_P_00549_LEFT_CC_1/07-21-2016-DDSM-92668/1.000000-ROI mask images-52624/1-2.dcm,MG,1,benign,P_00549,left,4,cc,P_00549_LEFT_CC_mass_1,OBSCURED,ROUND,
2054,1,mass,digitized,0,"[705, 3141, 1857, 4293]",1,,,./data/CBIS-DDSM/Mass-Training_P_00549_LEFT_MLO/07-20-2016-DDSM-81056/1.000000-full mammogram images-74936/1-1.dcm,./data/CBIS-DDSM/Mass-Training_P_00549_LEFT_MLO_1/07-21-2016-DDSM-41734/1.000000-ROI mask images-16056/1-1.dcm,MG,1,benign,P_00549,left,4,mlo,P_00549_LEFT_MLO_mass_1,OBSCURED,ROUND,
1760,1,mass,digitized,3,"[1302, 3388, 2453, 4540]",1,,,./data/CBIS-DDSM/Mass-Training_P_00560_RIGHT_MLO/07-20-2016-DDSM-33194/1.000000-full mammogram images-75422/1-1.dcm,./data/CBIS-DDSM/Mass-Training_P_00560_RIGHT_MLO_1/07-21-2016-DDSM-97770/1.000000-ROI mask images-68671/1-2.dcm,MG,1,benign,P_00560,right,5,mlo,P_00560_RIGHT_MLO_mass_1,MICROLOBULATED,ROUND,
862,1,mass,digitized,5,"[978, 2369, 2130, 3521]",4,,,./data/CBIS-DDSM/Mass-Training_P_00564_RIGHT_CC/07-20-2016-DDSM-54744/1.000000-full mammogram images-88932/1-1.dcm,./data/CBIS-DDSM/Mass-Training_P_00564_RIGHT_CC_1/07-21-2016-DDSM-93360/1.000000-ROI mask images-03058/1-1.dcm,MG,1,malignant,P_00564,right,3,cc,P_00564_RIGHT_CC_mass_1,SPICULATED,ARCHITECTURAL_DISTORTION,
1835,1,mass,digitized,4,"[2329, 1295, 3136, 2446]",3,,,./data/CBIS-DDSM/Mass-Training_P_00577_RIGHT_CC/07-20-2016-DDSM-15744/1.000000-full mammogram images-90125/1-1.dcm,./data/CBIS-DDSM/Mass-Training_P_00577_RIGHT_CC_1/07-21-2016-DDSM-69074/1.000000-ROI mask images-38290/1-2.dcm,MG,1,malignant,P_00577,right,2,cc,P_00577_RIGHT_CC_mass_1,ILL_DEFINED,ARCHITECTURAL_DISTORTION,
1612,1,mass,digitized,4,"[2286, 2265, 3120, 3416]",3,,,./data/CBIS-DDSM/Mass-Training_P_00577_RIGHT_MLO/07-20-2016-DDSM-39658/1.000000-full mammogram images-36804/1-1.dcm,./data/CBIS-DDSM/Mass-Training_P_00577_RIGHT_MLO_1/07-21-2016-DDSM-15299/1.000000-ROI mask images-55848/1-2.dcm,MG,1,malignant,P_00577,right,2,mlo,P_00577_RIGHT_MLO_mass_1,ILL_DEFINED,ARCHITECTURAL_DISTORTION,
592,1,mass,digitized,5,"[3, 2269, 1155, 3421]",1,,,./data/CBIS-DDSM/Mass-Training_P_00584_LEFT_MLO/07-20-2016-DDSM-85641/1.000000-full mammogram images-60832/1-1.dcm,./data/CBIS-DDSM/Mass-Training_P_00584_LEFT_MLO_1/07-21-2016-DDSM-75517/1.000000-ROI mask images-28928/1-1.dcm,MG,1,malignant,P_00584,left,5,mlo,P_00584_LEFT_MLO_mass_1,SPICULATED,IRREGULAR,
2905,1,mass,digitized,4,"[901, 1748, 2053, 2899]",2,,,./data/CBIS-DDSM/Mass-Test_P_00587_RIGHT_CC/10-04-2016-DDSM-57947/1.000000-full mammogram images-78726/1-1.dcm,./data/CBIS-DDSM/Mass-Test_P_00587_RIGHT_CC_1/10-04-2016-DDSM-60565/1.000000-ROI mask images-35730/1-2.dcm,MG,1,benign,P_00587,right,4,cc,P_00587_RIGHT_CC_mass_1,ILL_DEFINED,ROUND,
263,1,mass,digitized,4,"[1357, 2902, 2508, 4054]",2,,,./data/CBIS-DDSM/Mass-Test_P_00587_RIGHT_MLO/10-04-2016-DDSM-98522/1.000000-full mammogram images-27999/1-1.dcm,./data/CBIS-DDSM/Mass-Test_P_00587_RIGHT_MLO_1/10-04-2016-DDSM-55024/1.000000-ROI mask images-07678/1-2.dcm,MG,1,benign,P_00587,right,4,mlo,P_00587_RIGHT_MLO_mass_1,ILL_DEFINED,ROUND,
3250,1,mass,digitized,3,"[852, 2924, 2004, 4076]",2,,,./data/CBIS-DDSM/Mass-Test_P_00601_LEFT_CC/10-04-2016-DDSM-04891/1.000000-full mammogram images-19557/1-1.dcm,./data/CBIS-DDSM/Mass-Test_P_00601_LEFT_CC_1/10-04-2016-DDSM-69719/1.000000-ROI mask images-82599/1-2.dcm,MG,1,benign,P_00601,left,5,cc,P_00601_LEFT_CC_mass_1,CIRCUMSCRIBED,OVAL,
420,2,mass,digitized,3,"[753, 3524, 1904, 4675]",2,,,./data/CBIS-DDSM/Mass-Test_P_00601_LEFT_MLO/10-04-2016-DDSM-77684/1.000000-full mammogram images-45032/1-1.dcm,./data/CBIS-DDSM/Mass-Test_P_00601_LEFT_MLO_2/10-04-2016-DDSM-67554/1.000000-ROI mask images-60917/1-2.dcm,MG,1,benign,P_00601,left,5,mlo,P_00601_LEFT_MLO_mass_2,OBSCURED,OVAL,
3307,1,mass,digitized,1,"[369, 2365, 1520, 3517]",1,,,./data/CBIS-DDSM/Mass-Training_P_00607_RIGHT_CC/07-20-2016-DDSM-31826/1.000000-full mammogram images-84304/1-1.dcm,./data/CBIS-DDSM/Mass-Training_P_00607_RIGHT_CC_1/07-21-2016-DDSM-03944/1.000000-ROI mask images-02410/1-1.dcm,MG,1,malignant,P_00607,right,1,cc,P_00607_RIGHT_CC_mass_1,ILL_DEFINED,IRREGULAR,
2455,1,mass,digitized,3,"[491, 4125, 1642, 5277]",1,,,./data/CBIS-DDSM/Mass-Training_P_00607_RIGHT_MLO/07-20-2016-DDSM-44847/1.000000-full mammogram images-73139/1-1.dcm,./data/CBIS-DDSM/Mass-Training_P_00607_RIGHT_MLO_1/07-21-2016-DDSM-25461/1.000000-ROI mask images-65137/1-1.dcm,MG,1,malignant,P_00607,right,2,mlo,P_00607_RIGHT_MLO_mass_1,ILL_DEFINED,IRREGULAR,
940,1,mass,digitized,4,"[0, 1093, 829, 2245]",2,,,./data/CBIS-DDSM/Mass-Test_P_00615_RIGHT_CC/10-04-2016-DDSM-51589/1.000000-full mammogram images-74346/1-1.dcm,./data/CBIS-DDSM/Mass-Test_P_00615_RIGHT_CC_1/10-04-2016-DDSM-98870/1.000000-ROI mask images-12860/1-2.dcm,MG,1,benign,P_00615,right,3,cc,P_00615_RIGHT_CC_mass_1,ILL_DEFINED,ASYMMETRIC_BREAST_TISSUE,
1948,1,mass,digitized,4,"[381, 1564, 1533, 2715]",2,,,./data/CBIS-DDSM/Mass-Test_P_00615_RIGHT_MLO/10-04-2016-DDSM-59484/1.000000-full mammogram images-98624/1-1.dcm,./data/CBIS-DDSM/Mass-Test_P_00615_RIGHT_MLO_1/10-04-2016-DDSM-24223/1.000000-ROI mask images-35643/1-2.dcm,MG,1,benign,P_00615,right,3,mlo,P_00615_RIGHT_MLO_mass_1,ILL_DEFINED,ASYMMETRIC_BREAST_TISSUE,
3490,1,mass,digitized,4,"[1539, 3800, 2690, 4952]",3,,,./data/CBIS-DDSM/Mass-Training_P_00622_LEFT_CC/07-20-2016-DDSM-25965/1.000000-full mammogram images-50549/1-1.dcm,./data/CBIS-DDSM/Mass-Training_P_00622_LEFT_CC_1/07-21-2016-DDSM-64217/1.000000-ROI mask images-29344/1-1.dcm,MG,1,benign,P_00622,left,3,cc,P_00622_LEFT_CC_mass_1,CIRCUMSCRIBED,LOBULATED,
967,1,mass,digitized,3,"[0, 1777, 938, 2929]",2,,,./data/CBIS-DDSM/Mass-Test_P_00623_LEFT_CC/10-04-2016-DDSM-27728/1.000000-full mammogram images-91525/1-1.dcm,./data/CBIS-DDSM/Mass-Test_P_00623_LEFT_CC_1/10-04-2016-DDSM-79842/1.000000-ROI mask images-70492/1-2.dcm,MG,1,benign,P_00623,left,5,cc,P_00623_LEFT_CC_mass_1,CIRCUMSCRIBED,ROUND,
738,1,mass,digitized,3,"[398, 1059, 1549, 2211]",2,,,./data/CBIS-DDSM/Mass-Test_P_00623_LEFT_MLO/10-04-2016-DDSM-19757/1.000000-full mammogram images-19150/1-1.dcm,./data/CBIS-DDSM/Mass-Test_P_00623_LEFT_MLO_1/10-04-2016-DDSM-25043/1.000000-ROI mask images-59553/1-2.dcm,MG,1,benign,P_00623,left,5,mlo,P_00623_LEFT_MLO_mass_1,CIRCUMSCRIBED,OVAL,
35,1,mass,digitized,1,"[2629, 1046, 3584, 2198]",2,,,./data/CBIS-DDSM/Mass-Test_P_00641_RIGHT_CC/10-04-2016-DDSM-76887/1.000000-full mammogram images-83858/1-1.dcm,./data/CBIS-DDSM/Mass-Test_P_00641_RIGHT_CC_1/10-04-2016-DDSM-10462/1.000000-ROI mask images-30884/1-2.dcm,MG,1,malignant,P_00641,right,2,cc,P_00641_RIGHT_CC_mass_1,OBSCURED-ILL_DEFINED,IRREGULAR,
2930,1,mass,digitized,1,"[1416, 1548, 2568, 2700]",2,,,./data/CBIS-DDSM/Mass-Test_P_00641_RIGHT_MLO/10-04-2016-DDSM-18396/1.000000-full mammogram images-73003/1-1.dcm,./data/CBIS-DDSM/Mass-Test_P_00641_RIGHT_MLO_1/10-04-2016-DDSM-01158/1.000000-ROI mask images-75228/1-2.dcm,MG,1,malignant,P_00641,right,2,mlo,P_00641_RIGHT_MLO_mass_1,ILL_DEFINED,IRREGULAR,
872,1,mass,digitized,4,"[1456, 1503, 2608, 2655]",2,,,./data/CBIS-DDSM/Mass-Training_P_00670_RIGHT_CC/07-20-2016-DDSM-76964/1.000000-full mammogram images-65276/1-1.dcm,./data/CBIS-DDSM/Mass-Training_P_00670_RIGHT_CC_1/07-21-2016-DDSM-27570/1.000000-ROI mask images-79925/1-1.dcm,MG,1,benign,P_00670,right,4,cc,P_00670_RIGHT_CC_mass_1,CIRCUMSCRIBED,LOBULATED,
785,1,mass,digitized,4,"[1570, 2927, 2721, 4078]",2,,,./data/CBIS-DDSM/Mass-Training_P_00670_RIGHT_MLO/07-20-2016-DDSM-36052/1.000000-full mammogram images-90294/1-1.dcm,./data/CBIS-DDSM/Mass-Training_P_00670_RIGHT_MLO_1/07-21-2016-DDSM-19903/1.000000-ROI mask images-06966/1-1.dcm,MG,1,benign,P_00670,right,3,mlo,P_00670_RIGHT_MLO_mass_1,MICROLOBULATED-ILL_DEFINED,IRREGULAR,
3316,1,mass,digitized,4,"[380, 2052, 1532, 3204]",1,,,./data/CBIS-DDSM/Mass-Test_P_00671_LEFT_CC/10-04-2016-DDSM-34610/1.000000-full mammogram images-79257/1-1.dcm,./data/CBIS-DDSM/Mass-Test_P_00671_LEFT_CC_1/10-04-2016-DDSM-51113/1.000000-ROI mask images-89563/1-2.dcm,MG,1,benign,P_00671,left,3,cc,P_00671_LEFT_CC_mass_1,ILL_DEFINED,IRREGULAR,
1388,1,mass,digitized,4,"[827, 2376, 1978, 3528]",1,,,./data/CBIS-DDSM/Mass-Test_P_00671_LEFT_MLO/10-04-2016-DDSM-98976/1.000000-full mammogram images-69934/1-1.dcm,./data/CBIS-DDSM/Mass-Test_P_00671_LEFT_MLO_1/10-04-2016-DDSM-59464/1.000000-ROI mask images-41038/1-2.dcm,MG,1,benign,P_00671,left,3,mlo,P_00671_LEFT_MLO_mass_1,ILL_DEFINED,IRREGULAR,
1943,2,mass,digitized,5,"[1592, 1544, 2743, 2695]",4,,,./data/CBIS-DDSM/Mass-Training_P_00678_LEFT_CC/07-20-2016-DDSM-33097/1.000000-full mammogram images-91644/1-1.dcm,./data/CBIS-DDSM/Mass-Training_P_00678_LEFT_CC_2/07-21-2016-DDSM-95167/1.000000-ROI mask images-34185/1-1.dcm,MG,1,malignant,P_00678,left,4,cc,P_00678_LEFT_CC_mass_2,SPICULATED,IRREGULAR,
3519,2,mass,digitized,5,"[2212, 2747, 3363, 3898]",4,,,./data/CBIS-DDSM/Mass-Training_P_00678_LEFT_MLO/07-20-2016-DDSM-37484/1.000000-full mammogram images-99904/1-1.dcm,./data/CBIS-DDSM/Mass-Training_P_00678_LEFT_MLO_2/07-21-2016-DDSM-57363/1.000000-ROI mask images-53025/1-2.dcm,MG,1,malignant,P_00678,left,4,mlo,P_00678_LEFT_MLO_mass_2,SPICULATED,IRREGULAR,
3001,1,mass,digitized,0,"[554, 1517, 1705, 2669]",3,,,./data/CBIS-DDSM/Mass-Training_P_00687_LEFT_CC/07-20-2016-DDSM-85033/1.000000-full mammogram images-91336/1-1.dcm,./data/CBIS-DDSM/Mass-Training_P_00687_LEFT_CC_1/07-21-2016-DDSM-29314/1.000000-ROI mask images-53937/1-1.dcm,MG,1,benign,P_00687,left,4,cc,P_00687_LEFT_CC_mass_1,CIRCUMSCRIBED,LOBULATED,
1889,1,mass,digitized,0,"[630, 2742, 1781, 3893]",3,,,./data/CBIS-DDSM/Mass-Training_P_00687_LEFT_MLO/07-20-2016-DDSM-76704/1.000000-full mammogram images-51366/1-1.dcm,./data/CBIS-DDSM/Mass-Training_P_00687_LEFT_MLO_1/07-21-2016-DDSM-15782/1.000000-ROI mask images-00157/1-1.dcm,MG,1,benign,P_00687,left,4,mlo,P_00687_LEFT_MLO_mass_1,CIRCUMSCRIBED,LOBULATED,
2225,1,mass,digitized,4,"[0, 607, 924, 1759]",3,,,./data/CBIS-DDSM/Mass-Training_P_00716_LEFT_MLO/07-20-2016-DDSM-88591/1.000000-full mammogram images-14874/1-1.dcm,./data/CBIS-DDSM/Mass-Training_P_00716_LEFT_MLO_1/07-21-2016-DDSM-76545/1.000000-ROI mask images-76862/1-1.dcm,MG,1,malignant,P_00716,left,4,mlo,P_00716_LEFT_MLO_mass_1,ILL_DEFINED-SPICULATED,IRREGULAR,
428,1,mass,digitized,4,"[0, 3009, 822, 4160]",1,,,./data/CBIS-DDSM/Mass-Training_P_00719_LEFT_CC/07-20-2016-DDSM-18436/1.000000-full mammogram images-72601/1-1.dcm,./data/CBIS-DDSM/Mass-Training_P_00719_LEFT_CC_1/07-21-2016-DDSM-69326/1.000000-ROI mask images-38749/1-2.dcm,MG,1,malignant,P_00719,left,5,cc,P_00719_LEFT_CC_mass_1,CIRCUMSCRIBED-ILL_DEFINED,IRREGULAR,
1632,1,mass,digitized,4,"[0, 2384, 759, 3536]",1,,,./data/CBIS-DDSM/Mass-Training_P_00719_LEFT_MLO/07-20-2016-DDSM-87988/1.000000-full mammogram images-28906/1-1.dcm,./data/CBIS-DDSM/Mass-Training_P_00719_LEFT_MLO_1/07-21-2016-DDSM-76819/1.000000-ROI mask images-48226/1-2.dcm,MG,1,malignant,P_00719,left,5,mlo,P_00719_LEFT_MLO_mass_1,CIRCUMSCRIBED-ILL_DEFINED,IRREGULAR,
3068,1,mass,digitized,4,"[2046, 1472, 2672, 2623]",3,,,./data/CBIS-DDSM/Mass-Training_P_00730_RIGHT_CC/07-20-2016-DDSM-11660/1.000000-full mammogram images-69416/1-1.dcm,./data/CBIS-DDSM/Mass-Training_P_00730_RIGHT_CC_1/07-21-2016-DDSM-59801/1.000000-ROI mask images-54103/1-2.dcm,MG,1,malignant,P_00730,right,1,cc,P_00730_RIGHT_CC_mass_1,MICROLOBULATED,LOBULATED,
433,1,mass,digitized,4,"[1200, 3687, 2351, 4839]",2,,,./data/CBIS-DDSM/Mass-Training_P_00770_RIGHT_CC/07-20-2016-DDSM-22029/1.000000-full mammogram images-72257/1-1.dcm,./data/CBIS-DDSM/Mass-Training_P_00770_RIGHT_CC_1/07-21-2016-DDSM-92894/1.000000-ROI mask images-58363/1-2.dcm,MG,1,malignant,P_00770,right,3,cc,P_00770_RIGHT_CC_mass_1,ILL_DEFINED,LOBULATED,
1968,1,mass,digitized,5,"[547, 1353, 1699, 2505]",1,,,./data/CBIS-DDSM/Mass-Training_P_00779_LEFT_CC/07-20-2016-DDSM-16686/1.000000-full mammogram images-92377/1-1.dcm,./data/CBIS-DDSM/Mass-Training_P_00779_LEFT_CC_1/07-20-2016-DDSM-03395/1.000000-ROI mask images-75890/1-2.dcm,MG,1,malignant,P_00779,left,5,cc,P_00779_LEFT_CC_mass_1,ILL_DEFINED,IRREGULAR,
1766,1,mass,digitized,5,"[845, 2602, 1996, 3754]",1,,,./data/CBIS-DDSM/Mass-Training_P_00779_LEFT_MLO/07-20-2016-DDSM-31809/1.000000-full mammogram images-46070/1-1.dcm,./data/CBIS-DDSM/Mass-Training_P_00779_LEFT_MLO_1/07-21-2016-DDSM-50664/1.000000-ROI mask images-34660/1-2.dcm,MG,1,malignant,P_00779,left,5,mlo,P_00779_LEFT_MLO_mass_1,SPICULATED,IRREGULAR,
3189,1,mass,digitized,5,"[464, 2121, 1616, 3273]",2,,,./data/CBIS-DDSM/Mass-Training_P_00802_LEFT_CC/07-20-2016-DDSM-69171/1.000000-full mammogram images-66344/1-1.dcm,./data/CBIS-DDSM/Mass-Training_P_00802_LEFT_CC_1/07-21-2016-DDSM-08580/1.000000-ROI mask images-36615/1-1.dcm,MG,1,malignant,P_00802,left,5,cc,P_00802_LEFT_CC_mass_1,SPICULATED,IRREGULAR,
429,2,mass,digitized,5,"[916, 1465, 2068, 2616]",2,,,./data/CBIS-DDSM/Mass-Training_P_00802_LEFT_MLO/07-20-2016-DDSM-39837/1.000000-full mammogram images-98402/1-1.dcm,./data/CBIS-DDSM/Mass-Training_P_00802_LEFT_MLO_2/07-21-2016-DDSM-12484/1.000000-ROI mask images-55011/1-2.dcm,MG,3,malignant,P_00802,left,5,mlo,P_00802_LEFT_MLO_mass_2,SPICULATED,IRREGULAR,
858,3,mass,digitized,5,"[419, 1240, 1570, 2391]",2,,,./data/CBIS-DDSM/Mass-Training_P_00802_LEFT_MLO/07-20-2016-DDSM-39837/1.000000-full mammogram images-98402/1-1.dcm,./data/CBIS-DDSM/Mass-Training_P_00802_LEFT_MLO_3/07-21-2016-DDSM-52703/1.000000-ROI mask images-16723/1-2.dcm,MG,3,malignant,P_00802,left,5,mlo,P_00802_LEFT_MLO_mass_3,SPICULATED,IRREGULAR,
2409,1,mass,digitized,5,"[1433, 1654, 2584, 2805]",2,,,./data/CBIS-DDSM/Mass-Training_P_00802_LEFT_MLO/07-20-2016-DDSM-39837/1.000000-full mammogram images-98402/1-1.dcm,./data/CBIS-DDSM/Mass-Training_P_00802_LEFT_MLO_1/07-21-2016-DDSM-95969/1.000000-ROI mask images-90930/1-1.dcm,MG,3,malignant,P_00802,left,5,mlo,P_00802_LEFT_MLO_mass_1,SPICULATED,IRREGULAR,
672,1,mass,digitized,4,"[975, 2855, 2126, 4006]",2,,,./data/CBIS-DDSM/Mass-Training_P_00810_RIGHT_MLO/07-20-2016-DDSM-69877/1.000000-full mammogram images-95740/1-1.dcm,./data/CBIS-DDSM/Mass-Training_P_00810_RIGHT_MLO_1/07-21-2016-DDSM-84890/1.000000-ROI mask images-62096/1-1.dcm,MG,1,malignant,P_00810,right,2,mlo,P_00810_RIGHT_MLO_mass_1,OBSCURED,LOBULATED,
1528,1,mass,digitized,4,"[0, 3647, 1009, 4799]",1,,,./data/CBIS-DDSM/Mass-Test_P_00813_RIGHT_MLO/10-04-2016-DDSM-00310/1.000000-full mammogram images-08438/1-1.dcm,./data/CBIS-DDSM/Mass-Test_P_00813_RIGHT_MLO_1/10-04-2016-DDSM-68103/1.000000-ROI mask images-75239/1-2.dcm,MG,1,malignant,P_00813,right,3,mlo,P_00813_RIGHT_MLO_mass_1,ILL_DEFINED,ROUND,
2863,1,mass,digitized,4,"[0, 1513, 734, 2664]",3,,,./data/CBIS-DDSM/Mass-Training_P_00814_LEFT_CC/07-20-2016-DDSM-26605/1.000000-full mammogram images-06869/1-1.dcm,./data/CBIS-DDSM/Mass-Training_P_00814_LEFT_CC_1/07-21-2016-DDSM-42998/1.000000-ROI mask images-90715/1-2.dcm,MG,1,benign,P_00814,left,4,cc,P_00814_LEFT_CC_mass_1,ILL_DEFINED,ROUND,
691,1,mass,digitized,4,"[1, 1604, 1153, 2755]",3,,,./data/CBIS-DDSM/Mass-Training_P_00814_LEFT_MLO/07-20-2016-DDSM-23598/1.000000-full mammogram images-42300/1-1.dcm,./data/CBIS-DDSM/Mass-Training_P_00814_LEFT_MLO_1/07-21-2016-DDSM-87029/1.000000-ROI mask images-37284/1-1.dcm,MG,1,benign,P_00814,left,5,mlo,P_00814_LEFT_MLO_mass_1,OBSCURED,LOBULATED,
309,1,mass,digitized,5,"[1093, 2599, 2245, 3750]",4,,,./data/CBIS-DDSM/Mass-Training_P_00831_RIGHT_MLO/07-20-2016-DDSM-25920/1.000000-full mammogram images-78612/1-1.dcm,./data/CBIS-DDSM/Mass-Training_P_00831_RIGHT_MLO_1/07-21-2016-DDSM-67429/1.000000-ROI mask images-22020/1-1.dcm,MG,1,malignant,P_00831,right,2,mlo,P_00831_RIGHT_MLO_mass_1,SPICULATED,IRREGULAR,
3027,1,mass,digitized,4,"[6, 1254, 1157, 2405]",2,,,./data/CBIS-DDSM/Mass-Training_P_00845_RIGHT_CC/07-20-2016-DDSM-65412/1.000000-full mammogram images-80500/1-1.dcm,./data/CBIS-DDSM/Mass-Training_P_00845_RIGHT_CC_1/07-21-2016-DDSM-89796/1.000000-ROI mask images-79476/1-2.dcm,MG,1,malignant,P_00845,right,2,cc,P_00845_RIGHT_CC_mass_1,OBSCURED,LOBULATED,
596,1,mass,digitized,3,"[0, 670, 772, 1822]",1,,,./data/CBIS-DDSM/Mass-Training_P_00869_LEFT_CC/07-20-2016-DDSM-97325/1.000000-full mammogram images-13234/1-1.dcm,./data/CBIS-DDSM/Mass-Training_P_00869_LEFT_CC_1/07-21-2016-DDSM-41267/1.000000-ROI mask images-82034/1-1.dcm,MG,1,benign,P_00869,left,4,cc,P_00869_LEFT_CC_mass_1,CIRCUMSCRIBED,LOBULATED,
513,1,mass,digitized,3,"[0, 1424, 1055, 2575]",1,,,./data/CBIS-DDSM/Mass-Training_P_00869_LEFT_MLO/07-20-2016-DDSM-35214/1.000000-full mammogram images-79418/1-1.dcm,./data/CBIS-DDSM/Mass-Training_P_00869_LEFT_MLO_1/07-21-2016-DDSM-96456/1.000000-ROI mask images-63312/1-1.dcm,MG,1,benign,P_00869,left,5,mlo,P_00869_LEFT_MLO_mass_1,CIRCUMSCRIBED,LOBULATED,
2259,1,mass,digitized,4,"[449, 2060, 1600, 3211]",2,,,./data/CBIS-DDSM/Mass-Test_P_00882_RIGHT_CC/10-04-2016-DDSM-29926/1.000000-full mammogram images-66996/1-1.dcm,./data/CBIS-DDSM/Mass-Test_P_00882_RIGHT_CC_1/10-04-2016-DDSM-93416/1.000000-ROI mask images-12127/1-2.dcm,MG,1,benign,P_00882,right,5,cc,P_00882_RIGHT_CC_mass_1,CIRCUMSCRIBED,LOBULATED,
1249,1,mass,digitized,4,"[343, 3283, 1495, 4434]",2,,,./data/CBIS-DDSM/Mass-Test_P_00882_RIGHT_MLO/10-04-2016-DDSM-39106/1.000000-full mammogram images-04709/1-1.dcm,./data/CBIS-DDSM/Mass-Test_P_00882_RIGHT_MLO_1/10-04-2016-DDSM-67134/1.000000-ROI mask images-57123/1-2.dcm,MG,1,benign,P_00882,right,5,mlo,P_00882_RIGHT_MLO_mass_1,CIRCUMSCRIBED,LOBULATED,
2730,1,mass,digitized,4,"[0, 314, 717, 1466]",3,,,./data/CBIS-DDSM/Mass-Training_P_00892_LEFT_CC/07-20-2016-DDSM-70543/1.000000-full mammogram images-49789/1-1.dcm,./data/CBIS-DDSM/Mass-Training_P_00892_LEFT_CC_1/07-21-2016-DDSM-80496/1.000000-ROI mask images-36897/1-1.dcm,MG,1,malignant,P_00892,left,4,cc,P_00892_LEFT_CC_mass_1,SPICULATED,IRREGULAR,
1739,1,mass,digitized,5,"[0, 772, 1136, 1924]",3,,,./data/CBIS-DDSM/Mass-Training_P_00892_LEFT_MLO/07-20-2016-DDSM-87036/1.000000-full mammogram images-83073/1-1.dcm,./data/CBIS-DDSM/Mass-Training_P_00892_LEFT_MLO_1/07-21-2016-DDSM-33721/1.000000-ROI mask images-54081/1-1.dcm,MG,1,malignant,P_00892,left,5,mlo,P_00892_LEFT_MLO_mass_1,SPICULATED,IRREGULAR,
1765,1,mass,digitized,3,"[303, 4954, 1455, 6105]",2,,,./data/CBIS-DDSM/Mass-Training_P_00894_RIGHT_MLO/07-20-2016-DDSM-79585/1.000000-full mammogram images-44353/1-1.dcm,./data/CBIS-DDSM/Mass-Training_P_00894_RIGHT_MLO_1/07-21-2016-DDSM-98158/1.000000-ROI mask images-67073/1-2.dcm,MG,1,benign,P_00894,right,1,mlo,P_00894_RIGHT_MLO_mass_1,CIRCUMSCRIBED,LOBULATED,
2751,1,mass,digitized,4,"[2134, 1099, 2840, 2250]",4,,,./data/CBIS-DDSM/Mass-Training_P_00917_RIGHT_MLO/07-20-2016-DDSM-30726/1.000000-full mammogram images-62348/1-1.dcm,./data/CBIS-DDSM/Mass-Training_P_00917_RIGHT_MLO_1/07-21-2016-DDSM-98644/1.000000-ROI mask images-83045/1-1.dcm,MG,1,benign,P_00917,right,4,mlo,P_00917_RIGHT_MLO_mass_1,OBSCURED,OVAL,
3356,1,mass,digitized,0,"[0, 1132, 750, 2284]",1,,,./data/CBIS-DDSM/Mass-Training_P_00927_LEFT_CC/07-20-2016-DDSM-65733/1.000000-full mammogram images-55604/1-1.dcm,./data/CBIS-DDSM/Mass-Training_P_00927_LEFT_CC_1/07-21-2016-DDSM-86446/1.000000-ROI mask images-34706/1-1.dcm,MG,1,benign,P_00927,left,4,cc,P_00927_LEFT_CC_mass_1,OBSCURED,IRREGULAR,
1156,1,mass,digitized,0,"[206, 433, 1357, 1584]",1,,,./data/CBIS-DDSM/Mass-Training_P_00927_LEFT_MLO/07-20-2016-DDSM-36521/1.000000-full mammogram images-27422/1-1.dcm,./data/CBIS-DDSM/Mass-Training_P_00927_LEFT_MLO_1/07-21-2016-DDSM-54964/1.000000-ROI mask images-68258/1-2.dcm,MG,1,benign,P_00927,left,4,mlo,P_00927_LEFT_MLO_mass_1,OBSCURED,IRREGULAR,
2899,1,mass,digitized,4,"[793, 2728, 1945, 3879]",2,,,./data/CBIS-DDSM/Mass-Training_P_00935_LEFT_CC/07-20-2016-DDSM-08186/1.000000-full mammogram images-72974/1-1.dcm,./data/CBIS-DDSM/Mass-Training_P_00935_LEFT_CC_1/07-21-2016-DDSM-98044/1.000000-ROI mask images-89111/1-1.dcm,MG,1,malignant,P_00935,left,4,cc,P_00935_LEFT_CC_mass_1,OBSCURED,OVAL,
2452,1,mass,digitized,4,"[1267, 2304, 2418, 3455]",2,,,./data/CBIS-DDSM/Mass-Training_P_00935_LEFT_MLO/07-20-2016-DDSM-30021/1.000000-full mammogram images-53077/1-1.dcm,./data/CBIS-DDSM/Mass-Training_P_00935_LEFT_MLO_1/07-21-2016-DDSM-75556/1.000000-ROI mask images-77034/1-2.dcm,MG,1,malignant,P_00935,left,4,mlo,P_00935_LEFT_MLO_mass_1,OBSCURED,OVAL,
299,2,mass,digitized,3,"[134, 851, 1285, 2002]",3,,,./data/CBIS-DDSM/Mass-Training_P_00958_LEFT_CC/07-20-2016-DDSM-84498/1.000000-full mammogram images-54845/1-1.dcm,./data/CBIS-DDSM/Mass-Training_P_00958_LEFT_CC_2/07-21-2016-DDSM-22891/1.000000-ROI mask images-68878/1-2.dcm,MG,1,benign,P_00958,left,3,cc,P_00958_LEFT_CC_mass_2,OBSCURED,LOBULATED,
2618,2,mass,digitized,3,"[155, 1076, 1307, 2228]",3,,,./data/CBIS-DDSM/Mass-Training_P_00958_LEFT_MLO/07-20-2016-DDSM-43437/1.000000-full mammogram images-24398/1-1.dcm,./data/CBIS-DDSM/Mass-Training_P_00958_LEFT_MLO_2/07-21-2016-DDSM-38054/1.000000-ROI mask images-81615/1-1.dcm,MG,1,benign,P_00958,left,4,mlo,P_00958_LEFT_MLO_mass_2,OBSCURED,OVAL,
456,1,mass,digitized,3,"[1100, 3333, 2252, 4484]",1,,,./data/CBIS-DDSM/Mass-Training_P_00963_LEFT_CC/07-20-2016-DDSM-28582/1.000000-full mammogram images-08950/1-1.dcm,./data/CBIS-DDSM/Mass-Training_P_00963_LEFT_CC_1/07-21-2016-DDSM-42213/1.000000-ROI mask images-00428/1-2.dcm,MG,1,benign,P_00963,left,5,cc,P_00963_LEFT_CC_mass_1,ILL_DEFINED,FOCAL_ASYMMETRIC_DENSITY,
2897,1,mass,digitized,3,"[1330, 3234, 2481, 4386]",1,,,./data/CBIS-DDSM/Mass-Training_P_00963_LEFT_MLO/07-20-2016-DDSM-03339/1.000000-full mammogram images-04562/1-1.dcm,./data/CBIS-DDSM/Mass-Training_P_00963_LEFT_MLO_1/07-21-2016-DDSM-64064/1.000000-ROI mask images-52098/1-2.dcm,MG,1,benign,P_00963,left,5,mlo,P_00963_LEFT_MLO_mass_1,ILL_DEFINED,FOCAL_ASYMMETRIC_DENSITY,
3532,1,mass,digitized,3,"[2739, 564, 3891, 1716]",3,,,./data/CBIS-DDSM/Mass-Training_P_00978_RIGHT_CC/07-20-2016-DDSM-78913/1.000000-full mammogram images-71290/1-1.dcm,./data/CBIS-DDSM/Mass-Training_P_00978_RIGHT_CC_1/07-21-2016-DDSM-25277/1.000000-ROI mask images-09960/1-2.dcm,MG,1,benign,P_00978,right,3,cc,P_00978_RIGHT_CC_mass_1,CIRCUMSCRIBED-OBSCURED,OVAL,
1020,1,mass,digitized,3,"[2733, 1797, 3885, 2949]",3,,,./data/CBIS-DDSM/Mass-Training_P_00978_RIGHT_MLO/07-20-2016-DDSM-79072/1.000000-full mammogram images-47705/1-1.dcm,./data/CBIS-DDSM/Mass-Training_P_00978_RIGHT_MLO_1/07-21-2016-DDSM-55738/1.000000-ROI mask images-23650/1-2.dcm,MG,1,benign,P_00978,right,4,mlo,P_00978_RIGHT_MLO_mass_1,CIRCUMSCRIBED-OBSCURED,OVAL,
1454,1,mass,digitized,4,"[2354, 1437, 3286, 2589]",3,,,./data/CBIS-DDSM/Mass-Test_P_00979_LEFT_CC/10-04-2016-DDSM-75064/1.000000-full mammogram images-05365/1-1.dcm,./data/CBIS-DDSM/Mass-Test_P_00979_LEFT_CC_1/10-04-2016-DDSM-40849/1.000000-ROI mask images-29547/1-2.dcm,MG,1,benign,P_00979,left,1,cc,P_00979_LEFT_CC_mass_1,SPICULATED,IRREGULAR,
1299,1,mass,digitized,4,"[1746, 2038, 2897, 3190]",3,,,./data/CBIS-DDSM/Mass-Test_P_00979_LEFT_MLO/10-04-2016-DDSM-71881/1.000000-full mammogram images-08203/1-1.dcm,./data/CBIS-DDSM/Mass-Test_P_00979_LEFT_MLO_1/10-04-2016-DDSM-73204/1.000000-ROI mask images-06617/1-2.dcm,MG,1,benign,P_00979,left,1,mlo,P_00979_LEFT_MLO_mass_1,SPICULATED,IRREGULAR,
1074,1,mass,digitized,0,"[749, 2436, 1900, 3588]",1,,,./data/CBIS-DDSM/Mass-Training_P_00988_LEFT_CC/07-20-2016-DDSM-55648/1.000000-full mammogram images-55585/1-1.dcm,./data/CBIS-DDSM/Mass-Training_P_00988_LEFT_CC_1/07-21-2016-DDSM-58189/1.000000-ROI mask images-81411/1-2.dcm,MG,1,benign,P_00988,left,5,cc,P_00988_LEFT_CC_mass_1,OBSCURED,OVAL,
611,1,mass,digitized,0,"[456, 3125, 1607, 4276]",1,,,./data/CBIS-DDSM/Mass-Training_P_00988_LEFT_MLO/07-20-2016-DDSM-73638/1.000000-full mammogram images-11758/1-1.dcm,./data/CBIS-DDSM/Mass-Training_P_00988_LEFT_MLO_1/07-21-2016-DDSM-59305/1.000000-ROI mask images-00011/1-1.dcm,MG,1,benign,P_00988,left,5,mlo,P_00988_LEFT_MLO_mass_1,OBSCURED,OVAL,
330,1,mass,digitized,4,"[1243, 2303, 2394, 3454]",4,,,./data/CBIS-DDSM/Mass-Training_P_00994_RIGHT_MLO/07-20-2016-DDSM-96651/1.000000-full mammogram images-67595/1-1.dcm,./data/CBIS-DDSM/Mass-Training_P_00994_RIGHT_MLO_1/07-21-2016-DDSM-45898/1.000000-ROI mask images-57780/1-1.dcm,MG,1,benign,P_00994,right,5,mlo,P_00994_RIGHT_MLO_mass_1,OBSCURED,OVAL,
1145,1,mass,digitized,4,"[1621, 1128, 2480, 2279]",3,,,./data/CBIS-DDSM/Mass-Training_P_01035_RIGHT_CC/07-20-2016-DDSM-43306/1.000000-full mammogram images-35946/1-1.dcm,./data/CBIS-DDSM/Mass-Training_P_01035_RIGHT_CC_1/07-21-2016-DDSM-25919/1.000000-ROI mask images-91316/1-2.dcm,MG,1,malignant,P_01035,right,4,cc,P_01035_RIGHT_CC_mass_1,ILL_DEFINED,IRREGULAR,
653,1,mass,digitized,4,"[1473, 1498, 2512, 2650]",3,,,./data/CBIS-DDSM/Mass-Training_P_01035_RIGHT_MLO/07-20-2016-DDSM-84590/1.000000-full mammogram images-85635/1-1.dcm,./data/CBIS-DDSM/Mass-Training_P_01035_RIGHT_MLO_1/07-21-2016-DDSM-21018/1.000000-ROI mask images-98357/1-2.dcm,MG,1,malignant,P_01035,right,2,mlo,P_01035_RIGHT_MLO_mass_1,ILL_DEFINED,IRREGULAR,
757,1,mass,digitized,5,"[1351, 2215, 2503, 3367]",1,,,./data/CBIS-DDSM/Mass-Training_P_01039_LEFT_CC/07-20-2016-DDSM-25044/1.000000-full mammogram images-69380/1-1.dcm,./data/CBIS-DDSM/Mass-Training_P_01039_LEFT_CC_1/07-21-2016-DDSM-48630/1.000000-ROI mask images-53031/1-2.dcm,MG,1,malignant,P_01039,left,5,cc,P_01039_LEFT_CC_mass_1,SPICULATED,OVAL,
407,2,mass,digitized,2,"[2027, 151, 3179, 1302]",1,,,./data/CBIS-DDSM/Mass-Training_P_01039_RIGHT_CC/07-20-2016-DDSM-51575/1.000000-full mammogram images-31890/1-1.dcm,./data/CBIS-DDSM/Mass-Training_P_01039_RIGHT_CC_2/07-21-2016-DDSM-60103/1.000000-ROI mask images-73508/1-2.dcm,MG,5,benign,P_01039,right,5,cc,P_01039_RIGHT_CC_mass_2,CIRCUMSCRIBED,ROUND,
783,4,mass,digitized,2,"[2305, 995, 3456, 2147]",1,,,./data/CBIS-DDSM/Mass-Training_P_01039_RIGHT_CC/07-20-2016-DDSM-51575/1.000000-full mammogram images-31890/1-1.dcm,./data/CBIS-DDSM/Mass-Training_P_01039_RIGHT_CC_4/07-21-2016-DDSM-94257/1.000000-ROI mask images-99745/1-2.dcm,MG,5,benign,P_01039,right,5,cc,P_01039_RIGHT_CC_mass_4,CIRCUMSCRIBED,ROUND,
1879,1,mass,digitized,2,"[712, 755, 1864, 1907]",1,,,./data/CBIS-DDSM/Mass-Training_P_01039_RIGHT_CC/07-20-2016-DDSM-51575/1.000000-full mammogram images-31890/1-1.dcm,./data/CBIS-DDSM/Mass-Training_P_01039_RIGHT_CC_1/07-21-2016-DDSM-71332/1.000000-ROI mask images-18051/1-2.dcm,MG,5,benign,P_01039,right,5,cc,P_01039_RIGHT_CC_mass_1,CIRCUMSCRIBED,ROUND,
2613,3,mass,digitized,2,"[2939, 167, 3752, 1319]",1,,,./data/CBIS-DDSM/Mass-Training_P_01039_RIGHT_CC/07-20-2016-DDSM-51575/1.000000-full mammogram images-31890/1-1.dcm,./data/CBIS-DDSM/Mass-Training_P_01039_RIGHT_CC_3/07-21-2016-DDSM-81818/1.000000-ROI mask images-03032/1-2.dcm,MG,5,benign,P_01039,right,5,cc,P_01039_RIGHT_CC_mass_3,CIRCUMSCRIBED,ROUND,
2721,6,mass,digitized,2,"[1747, 3882, 2899, 5033]",1,,,./data/CBIS-DDSM/Mass-Training_P_01039_RIGHT_CC/07-20-2016-DDSM-51575/1.000000-full mammogram images-31890/1-1.dcm,./data/CBIS-DDSM/Mass-Training_P_01039_RIGHT_CC_6/07-21-2016-DDSM-60425/1.000000-ROI mask images-63503/1-2.dcm,MG,5,benign,P_01039,right,5,cc,P_01039_RIGHT_CC_mass_6,CIRCUMSCRIBED,ROUND,
134,2,mass,digitized,2,"[1105, 658, 2257, 1810]",1,,,./data/CBIS-DDSM/Mass-Training_P_01039_RIGHT_MLO/07-20-2016-DDSM-08034/1.000000-full mammogram images-08222/1-1.dcm,./data/CBIS-DDSM/Mass-Training_P_01039_RIGHT_MLO_2/07-21-2016-DDSM-47698/1.000000-ROI mask images-98495/1-2.dcm,MG,6,benign,P_01039,right,5,mlo,P_01039_RIGHT_MLO_mass_2,CIRCUMSCRIBED,ROUND,
1002,4,mass,digitized,2,"[1244, 2832, 2395, 3983]",1,,,./data/CBIS-DDSM/Mass-Training_P_01039_RIGHT_MLO/07-20-2016-DDSM-08034/1.000000-full mammogram images-08222/1-1.dcm,./data/CBIS-DDSM/Mass-Training_P_01039_RIGHT_MLO_4/07-21-2016-DDSM-58078/1.000000-ROI mask images-06637/1-2.dcm,MG,6,benign,P_01039,right,5,mlo,P_01039_RIGHT_MLO_mass_4,CIRCUMSCRIBED,ROUND,
1166,6,mass,digitized,2,"[1950, 3551, 3102, 4703]",1,,,./data/CBIS-DDSM/Mass-Training_P_01039_RIGHT_MLO/07-20-2016-DDSM-08034/1.000000-full mammogram images-08222/1-1.dcm,./data/CBIS-DDSM/Mass-Training_P_01039_RIGHT_MLO_6/07-21-2016-DDSM-63294/1.000000-ROI mask images-22478/1-2.dcm,MG,6,benign,P_01039,right,5,mlo,P_01039_RIGHT_MLO_mass_6,CIRCUMSCRIBED,ROUND,
2667,5,mass,digitized,2,"[1574, 4690, 2725, 5841]",1,,,./data/CBIS-DDSM/Mass-Training_P_01039_RIGHT_MLO/07-20-2016-DDSM-08034/1.000000-full mammogram images-08222/1-1.dcm,./data/CBIS-DDSM/Mass-Training_P_01039_RIGHT_MLO_5/07-21-2016-DDSM-53665/1.000000-ROI mask images-92136/1-2.dcm,MG,6,benign,P_01039,right,5,mlo,P_01039_RIGHT_MLO_mass_5,CIRCUMSCRIBED,ROUND,
3029,1,mass,digitized,2,"[1648, 238, 2800, 1389]",1,,,./data/CBIS-DDSM/Mass-Training_P_01039_RIGHT_MLO/07-20-2016-DDSM-08034/1.000000-full mammogram images-08222/1-1.dcm,./data/CBIS-DDSM/Mass-Training_P_01039_RIGHT_MLO_1/07-21-2016-DDSM-40783/1.000000-ROI mask images-92864/1-2.dcm,MG,6,benign,P_01039,right,5,mlo,P_01039_RIGHT_MLO_mass_1,CIRCUMSCRIBED,ROUND,
3299,3,mass,digitized,2,"[504, 2173, 1656, 3324]",1,,,./data/CBIS-DDSM/Mass-Training_P_01039_RIGHT_MLO/07-20-2016-DDSM-08034/1.000000-full mammogram images-08222/1-1.dcm,./data/CBIS-DDSM/Mass-Training_P_01039_RIGHT_MLO_3/07-21-2016-DDSM-95296/1.000000-ROI mask images-35851/1-2.dcm,MG,6,benign,P_01039,right,5,mlo,P_01039_RIGHT_MLO_mass_3,CIRCUMSCRIBED,ROUND,
2220,1,mass,digitized,4,"[354, 2153, 1505, 3305]",1,,,./data/CBIS-DDSM/Mass-Training_P_01054_RIGHT_MLO/07-20-2016-DDSM-14957/1.000000-full mammogram images-66945/1-1.dcm,./data/CBIS-DDSM/Mass-Training_P_01054_RIGHT_MLO_1/07-21-2016-DDSM-91128/1.000000-ROI mask images-19857/1-2.dcm,MG,1,malignant,P_01054,right,5,mlo,P_01054_RIGHT_MLO_mass_1,ILL_DEFINED,IRREGULAR,
1697,1,mass,digitized,5,"[1299, 546, 2451, 1697]",3,,,./data/CBIS-DDSM/Mass-Training_P_01083_RIGHT_MLO/07-20-2016-DDSM-20832/1.000000-full mammogram images-49554/1-1.dcm,./data/CBIS-DDSM/Mass-Training_P_01083_RIGHT_MLO_1/07-21-2016-DDSM-79493/1.000000-ROI mask images-25392/1-2.dcm,MG,1,malignant,P_01083,right,5,mlo,P_01083_RIGHT_MLO_mass_1,CIRCUMSCRIBED,ROUND,
2147,1,mass,digitized,4,"[0, 1141, 877, 2293]",3,,,./data/CBIS-DDSM/Mass-Training_P_01084_LEFT_CC/07-20-2016-DDSM-64174/1.000000-full mammogram images-17732/1-1.dcm,./data/CBIS-DDSM/Mass-Training_P_01084_LEFT_CC_1/07-21-2016-DDSM-00735/1.000000-ROI mask images-28678/1-1.dcm,MG,1,malignant,P_01084,left,4,cc,P_01084_LEFT_CC_mass_1,OBSCURED-SPICULATED,IRREGULAR-ARCHITECTURAL_DISTORTION,
3149,1,mass,digitized,4,"[0, 1384, 955, 2536]",3,,,./data/CBIS-DDSM/Mass-Training_P_01084_LEFT_MLO/07-20-2016-DDSM-77584/1.000000-full mammogram images-87465/1-1.dcm,./data/CBIS-DDSM/Mass-Training_P_01084_LEFT_MLO_1/07-21-2016-DDSM-56131/1.000000-ROI mask images-21311/1-1.dcm,MG,1,malignant,P_01084,left,4,mlo,P_01084_LEFT_MLO_mass_1,OBSCURED-SPICULATED,IRREGULAR-ARCHITECTURAL_DISTORTION,
331,1,mass,digitized,4,"[1909, 629, 2971, 1781]",4,,,./data/CBIS-DDSM/Mass-Training_P_01093_LEFT_CC/07-20-2016-DDSM-95565/1.000000-full mammogram images-52695/1-1.dcm,./data/CBIS-DDSM/Mass-Training_P_01093_LEFT_CC_1/07-21-2016-DDSM-52645/1.000000-ROI mask images-20298/1-1.dcm,MG,1,malignant,P_01093,left,4,cc,P_01093_LEFT_CC_mass_1,MICROLOBULATED,LOBULATED,
633,1,mass,digitized,4,"[1796, 1815, 2947, 2966]",4,,,./data/CBIS-DDSM/Mass-Training_P_01093_LEFT_MLO/07-20-2016-DDSM-08295/1.000000-full mammogram images-89523/1-1.dcm,./data/CBIS-DDSM/Mass-Training_P_01093_LEFT_MLO_1/07-21-2016-DDSM-56320/1.000000-ROI mask images-67252/1-2.dcm,MG,1,malignant,P_01093,left,4,mlo,P_01093_LEFT_MLO_mass_1,MICROLOBULATED,LOBULATED,
3040,1,mass,digitized,0,"[1569, 1944, 2546, 3096]",2,,,./data/CBIS-DDSM/Mass-Training_P_01115_RIGHT_CC/07-20-2016-DDSM-33349/1.000000-full mammogram images-50733/1-1.dcm,./data/CBIS-DDSM/Mass-Training_P_01115_RIGHT_CC_1/07-21-2016-DDSM-59339/1.000000-ROI mask images-58317/1-1.dcm,MG,1,benign,P_01115,right,4,cc,P_01115_RIGHT_CC_mass_1,OBSCURED,OVAL,
2019,1,mass,digitized,0,"[1005, 1663, 2156, 2814]",2,,,./data/CBIS-DDSM/Mass-Training_P_01115_RIGHT_MLO/07-20-2016-DDSM-86763/1.000000-full mammogram images-09159/1-1.dcm,./data/CBIS-DDSM/Mass-Training_P_01115_RIGHT_MLO_1/07-21-2016-DDSM-41384/1.000000-ROI mask images-50166/1-1.dcm,MG,1,benign,P_01115,right,4,mlo,P_01115_RIGHT_MLO_mass_1,OBSCURED,OVAL,
3429,1,mass,digitized,5,"[0, 2195, 1064, 3347]",3,,,./data/CBIS-DDSM/Mass-Training_P_01120_LEFT_CC/07-20-2016-DDSM-67939/1.000000-full mammogram images-73774/1-1.dcm,./data/CBIS-DDSM/Mass-Training_P_01120_LEFT_CC_1/07-21-2016-DDSM-23518/1.000000-ROI mask images-95335/1-1.dcm,MG,1,malignant,P_01120,left,4,cc,P_01120_LEFT_CC_mass_1,SPICULATED,IRREGULAR,
987,1,mass,digitized,5,"[70, 2217, 1222, 3369]",3,,,./data/CBIS-DDSM/Mass-Training_P_01120_LEFT_MLO/07-20-2016-DDSM-37271/1.000000-full mammogram images-81008/1-1.dcm,./data/CBIS-DDSM/Mass-Training_P_01120_LEFT_MLO_1/07-21-2016-DDSM-12466/1.000000-ROI mask images-17484/1-2.dcm,MG,1,malignant,P_01120,left,4,mlo,P_01120_LEFT_MLO_mass_1,SPICULATED,IRREGULAR,
1669,1,mass,digitized,0,"[912, 3356, 2064, 4508]",2,,,./data/CBIS-DDSM/Mass-Training_P_01124_RIGHT_CC/07-20-2016-DDSM-82178/1.000000-full mammogram images-91583/1-1.dcm,./data/CBIS-DDSM/Mass-Training_P_01124_RIGHT_CC_1/07-21-2016-DDSM-62163/1.000000-ROI mask images-02152/1-1.dcm,MG,1,benign,P_01124,right,4,cc,P_01124_RIGHT_CC_mass_1,OBSCURED,OVAL,
888,1,mass,digitized,0,"[1323, 3473, 2474, 4625]",2,,,./data/CBIS-DDSM/Mass-Training_P_01124_RIGHT_MLO/07-20-2016-DDSM-78541/1.000000-full mammogram images-50079/1-1.dcm,./data/CBIS-DDSM/Mass-Training_P_01124_RIGHT_MLO_1/07-21-2016-DDSM-48455/1.000000-ROI mask images-09243/1-1.dcm,MG,1,benign,P_01124,right,4,mlo,P_01124_RIGHT_MLO_mass_1,OBSCURED,OVAL,
1878,1,mass,digitized,0,"[622, 1566, 1773, 2717]",3,,,./data/CBIS-DDSM/Mass-Training_P_01131_LEFT_CC/07-20-2016-DDSM-45472/1.000000-full mammogram images-18326/1-1.dcm,./data/CBIS-DDSM/Mass-Training_P_01131_LEFT_CC_1/07-21-2016-DDSM-41088/1.000000-ROI mask images-25902/1-2.dcm,MG,1,benign,P_01131,left,5,cc,P_01131_LEFT_CC_mass_1,CIRCUMSCRIBED,LOBULATED,
1306,1,mass,digitized,0,"[1329, 2109, 2481, 3260]",3,,,./data/CBIS-DDSM/Mass-Training_P_01131_LEFT_MLO/07-20-2016-DDSM-45087/1.000000-full mammogram images-90722/1-1.dcm,./data/CBIS-DDSM/Mass-Training_P_01131_LEFT_MLO_1/07-21-2016-DDSM-83670/1.000000-ROI mask images-96570/1-1.dcm,MG,1,benign,P_01131,left,5,mlo,P_01131_LEFT_MLO_mass_1,CIRCUMSCRIBED,LOBULATED,
1090,1,mass,digitized,4,"[1414, 1270, 2565, 2422]",2,,,./data/CBIS-DDSM/Mass-Training_P_01133_RIGHT_CC/07-20-2016-DDSM-84799/1.000000-full mammogram images-26841/1-1.dcm,./data/CBIS-DDSM/Mass-Training_P_01133_RIGHT_CC_1/07-21-2016-DDSM-13775/1.000000-ROI mask images-28380/1-1.dcm,MG,1,benign,P_01133,right,4,cc,P_01133_RIGHT_CC_mass_1,,ARCHITECTURAL_DISTORTION,
707,1,mass,digitized,5,"[1522, 1667, 2632, 2819]",2,,,./data/CBIS-DDSM/Mass-Training_P_01134_RIGHT_CC/07-20-2016-DDSM-92625/1.000000-full mammogram images-75580/1-1.dcm,./data/CBIS-DDSM/Mass-Training_P_01134_RIGHT_CC_1/07-21-2016-DDSM-43830/1.000000-ROI mask images-88481/1-1.dcm,MG,1,malignant,P_01134,right,5,cc,P_01134_RIGHT_CC_mass_1,SPICULATED,IRREGULAR,
529,1,mass,digitized,5,"[945, 1658, 2096, 2810]",2,,,./data/CBIS-DDSM/Mass-Training_P_01134_RIGHT_MLO/07-20-2016-DDSM-33407/1.000000-full mammogram images-82163/1-1.dcm,./data/CBIS-DDSM/Mass-Training_P_01134_RIGHT_MLO_1/07-21-2016-DDSM-87978/1.000000-ROI mask images-16114/1-2.dcm,MG,1,malignant,P_01134,right,5,mlo,P_01134_RIGHT_MLO_mass_1,SPICULATED,IRREGULAR,
1148,1,mass,digitized,4,"[1526, 2544, 2678, 3695]",3,,,./data/CBIS-DDSM/Mass-Training_P_01162_LEFT_CC/07-20-2016-DDSM-88958/1.000000-full mammogram images-81282/1-1.dcm,./data/CBIS-DDSM/Mass-Training_P_01162_LEFT_CC_1/07-21-2016-DDSM-45810/1.000000-ROI mask images-77924/1-2.dcm,MG,1,benign,P_01162,left,4,cc,P_01162_LEFT_CC_mass_1,CIRCUMSCRIBED,ROUND,
2645,1,mass,digitized,4,"[1240, 1931, 2392, 3083]",3,,,./data/CBIS-DDSM/Mass-Training_P_01162_LEFT_MLO/07-20-2016-DDSM-63698/1.000000-full mammogram images-54711/1-1.dcm,./data/CBIS-DDSM/Mass-Training_P_01162_LEFT_MLO_1/07-21-2016-DDSM-92007/1.000000-ROI mask images-70940/1-2.dcm,MG,1,benign,P_01162,left,4,mlo,P_01162_LEFT_MLO_mass_1,CIRCUMSCRIBED,ROUND,
661,1,mass,digitized,4,"[0, 2581, 715, 3733]",2,,,./data/CBIS-DDSM/Mass-Training_P_01163_LEFT_CC/07-20-2016-DDSM-30751/1.000000-full mammogram images-05225/1-1.dcm,./data/CBIS-DDSM/Mass-Training_P_01163_LEFT_CC_1/07-21-2016-DDSM-20990/1.000000-ROI mask images-87670/1-1.dcm,MG,1,malignant,P_01163,left,5,cc,P_01163_LEFT_CC_mass_1,SPICULATED,OVAL,
3152,1,mass,digitized,4,"[0, 1779, 815, 2931]",2,,,./data/CBIS-DDSM/Mass-Training_P_01163_LEFT_MLO/07-20-2016-DDSM-23781/1.000000-full mammogram images-38012/1-1.dcm,./data/CBIS-DDSM/Mass-Training_P_01163_LEFT_MLO_1/07-21-2016-DDSM-30854/1.000000-ROI mask images-34208/1-1.dcm,MG,1,malignant,P_01163,left,5,mlo,P_01163_LEFT_MLO_mass_1,SPICULATED,OVAL,
865,1,mass,digitized,0,"[1035, 2004, 2187, 3155]",2,,,./data/CBIS-DDSM/Mass-Training_P_01164_RIGHT_CC/07-20-2016-DDSM-64788/1.000000-full mammogram images-48025/1-1.dcm,./data/CBIS-DDSM/Mass-Training_P_01164_RIGHT_CC_1/07-21-2016-DDSM-14260/1.000000-ROI mask images-25239/1-2.dcm,MG,1,benign,P_01164,right,5,cc,P_01164_RIGHT_CC_mass_1,OBSCURED,OVAL,
2446,1,mass,digitized,0,"[1484, 3295, 2635, 4446]",2,,,./data/CBIS-DDSM/Mass-Training_P_01164_RIGHT_MLO/07-20-2016-DDSM-12963/1.000000-full mammogram images-51528/1-1.dcm,./data/CBIS-DDSM/Mass-Training_P_01164_RIGHT_MLO_1/07-21-2016-DDSM-90840/1.000000-ROI mask images-73269/1-2.dcm,MG,1,benign,P_01164,right,5,mlo,P_01164_RIGHT_MLO_mass_1,OBSCURED,OVAL,
1966,1,mass,digitized,4,"[2158, 2268, 2928, 3419]",3,,,./data/CBIS-DDSM/Mass-Training_P_01178_RIGHT_CC/07-20-2016-DDSM-87839/1.000000-full mammogram images-53115/1-1.dcm,./data/CBIS-DDSM/Mass-Training_P_01178_RIGHT_CC_1/07-21-2016-DDSM-77624/1.000000-ROI mask images-22068/1-1.dcm,MG,1,benign,P_01178,right,3,cc,P_01178_RIGHT_CC_mass_1,ILL_DEFINED,OVAL,
2396,1,mass,digitized,4,"[2053, 1205, 2912, 2357]",3,,,./data/CBIS-DDSM/Mass-Training_P_01178_RIGHT_MLO/07-20-2016-DDSM-45396/1.000000-full mammogram images-11547/1-1.dcm,./data/CBIS-DDSM/Mass-Training_P_01178_RIGHT_MLO_1/07-21-2016-DDSM-47042/1.000000-ROI mask images-39886/1-2.dcm,MG,1,benign,P_01178,right,4,mlo,P_01178_RIGHT_MLO_mass_1,CIRCUMSCRIBED,OVAL,
1983,1,mass,digitized,4,"[747, 2342, 1899, 3494]",2,,,./data/CBIS-DDSM/Mass-Test_P_01183_LEFT_CC/10-04-2016-DDSM-02655/1.000000-full mammogram images-65284/1-1.dcm,./data/CBIS-DDSM/Mass-Test_P_01183_LEFT_CC_1/10-04-2016-DDSM-25201/1.000000-ROI mask images-28225/1-2.dcm,MG,1,benign,P_01183,left,3,cc,P_01183_LEFT_CC_mass_1,MICROLOBULATED,ROUND,
3442,1,mass,digitized,3,"[1158, 2052, 2310, 3204]",2,,,./data/CBIS-DDSM/Mass-Test_P_01183_LEFT_MLO/10-04-2016-DDSM-15664/1.000000-full mammogram images-39218/1-1.dcm,./data/CBIS-DDSM/Mass-Test_P_01183_LEFT_MLO_1/10-04-2016-DDSM-61313/1.000000-ROI mask images-65149/1-2.dcm,MG,1,benign,P_01183,left,2,mlo,P_01183_LEFT_MLO_mass_1,OBSCURED-ILL_DEFINED,IRREGULAR,
2372,1,mass,digitized,2,"[3241, 2584, 3936, 3736]",2,,,./data/CBIS-DDSM/Mass-Training_P_01185_RIGHT_CC/07-20-2016-DDSM-45666/1.000000-full mammogram images-38482/1-1.dcm,./data/CBIS-DDSM/Mass-Training_P_01185_RIGHT_CC_1/07-21-2016-DDSM-15551/1.000000-ROI mask images-13870/1-2.dcm,MG,1,benign,P_01185,right,4,cc,P_01185_RIGHT_CC_mass_1,,ASYMMETRIC_BREAST_TISSUE,
138,1,mass,digitized,2,"[2237, 233, 3389, 1384]",2,,,./data/CBIS-DDSM/Mass-Training_P_01185_RIGHT_MLO/07-20-2016-DDSM-81896/1.000000-full mammogram images-90284/1-1.dcm,./data/CBIS-DDSM/Mass-Training_P_01185_RIGHT_MLO_1/07-21-2016-DDSM-35371/1.000000-ROI mask images-05414/1-1.dcm,MG,1,benign,P_01185,right,4,mlo,P_01185_RIGHT_MLO_mass_1,,ASYMMETRIC_BREAST_TISSUE,
2575,1,mass,digitized,4,"[798, 2271, 1949, 3423]",3,,,./data/CBIS-DDSM/Mass-Training_P_01212_RIGHT_CC/07-20-2016-DDSM-16851/1.000000-full mammogram images-99464/1-1.dcm,./data/CBIS-DDSM/Mass-Training_P_01212_RIGHT_CC_1/07-21-2016-DDSM-88149/1.000000-ROI mask images-69556/1-2.dcm,MG,1,benign,P_01212,right,2,cc,P_01212_RIGHT_CC_mass_1,ILL_DEFINED,LOBULATED,
1942,1,mass,digitized,4,"[1304, 1717, 2456, 2869]",3,,,./data/CBIS-DDSM/Mass-Training_P_01212_RIGHT_MLO/07-20-2016-DDSM-82412/1.000000-full mammogram images-76141/1-1.dcm,./data/CBIS-DDSM/Mass-Training_P_01212_RIGHT_MLO_1/07-21-2016-DDSM-14575/1.000000-ROI mask images-79226/1-2.dcm,MG,1,benign,P_01212,right,2,mlo,P_01212_RIGHT_MLO_mass_1,ILL_DEFINED,LOBULATED,
3163,1,mass,digitized,4,"[650, 2912, 1802, 4063]",3,,,./data/CBIS-DDSM/Mass-Training_P_01215_RIGHT_CC/07-20-2016-DDSM-46965/1.000000-full mammogram images-26306/1-1.dcm,./data/CBIS-DDSM/Mass-Training_P_01215_RIGHT_CC_1/07-21-2016-DDSM-35819/1.000000-ROI mask images-03387/1-2.dcm,MG,1,benign,P_01215,right,3,cc,P_01215_RIGHT_CC_mass_1,CIRCUMSCRIBED,OVAL,
2733,1,mass,digitized,4,"[461, 4368, 1612, 5520]",3,,,./data/CBIS-DDSM/Mass-Training_P_01215_RIGHT_MLO/07-20-2016-DDSM-45502/1.000000-full mammogram images-44008/1-1.dcm,./data/CBIS-DDSM/Mass-Training_P_01215_RIGHT_MLO_1/07-21-2016-DDSM-94495/1.000000-ROI mask images-52973/1-2.dcm,MG,1,benign,P_01215,right,3,mlo,P_01215_RIGHT_MLO_mass_1,CIRCUMSCRIBED,OVAL,
1027,1,mass,digitized,3,"[0, 508, 733, 1660]",1,,,./data/CBIS-DDSM/Mass-Training_P_01231_LEFT_CC/07-20-2016-DDSM-70067/1.000000-full mammogram images-74079/1-1.dcm,./data/CBIS-DDSM/Mass-Training_P_01231_LEFT_CC_1/07-21-2016-DDSM-22061/1.000000-ROI mask images-35559/1-2.dcm,MG,1,benign,P_01231,left,4,cc,P_01231_LEFT_CC_mass_1,,ASYMMETRIC_BREAST_TISSUE,
2830,1,mass,digitized,3,"[60, 910, 1211, 2061]",1,,,./data/CBIS-DDSM/Mass-Training_P_01231_LEFT_MLO/07-20-2016-DDSM-78448/1.000000-full mammogram images-35888/1-1.dcm,./data/CBIS-DDSM/Mass-Training_P_01231_LEFT_MLO_1/07-21-2016-DDSM-74177/1.000000-ROI mask images-65026/1-2.dcm,MG,1,benign,P_01231,left,5,mlo,P_01231_LEFT_MLO_mass_1,ILL_DEFINED,OVAL,
2137,1,mass,digitized,4,"[531, 1750, 1682, 2901]",4,,,./data/CBIS-DDSM/Mass-Training_P_01239_RIGHT_CC/07-20-2016-DDSM-68062/1.000000-full mammogram images-92133/1-1.dcm,./data/CBIS-DDSM/Mass-Training_P_01239_RIGHT_CC_1/07-21-2016-DDSM-39499/1.000000-ROI mask images-87017/1-1.dcm,MG,1,benign,P_01239,right,4,cc,P_01239_RIGHT_CC_mass_1,MICROLOBULATED,LOBULATED,
274,1,mass,digitized,4,"[2111, 1251, 3263, 2402]",1,,,./data/CBIS-DDSM/Mass-Training_P_01258_LEFT_CC/07-20-2016-DDSM-97458/1.000000-full mammogram images-70698/1-1.dcm,./data/CBIS-DDSM/Mass-Training_P_01258_LEFT_CC_1/07-21-2016-DDSM-51132/1.000000-ROI mask images-41765/1-2.dcm,MG,1,malignant,P_01258,left,3,cc,P_01258_LEFT_CC_mass_1,ILL_DEFINED,IRREGULAR,
1650,1,mass,digitized,5,"[257, 461, 1409, 1613]",2,,,./data/CBIS-DDSM/Mass-Training_P_01261_LEFT_CC/07-20-2016-DDSM-10011/1.000000-full mammogram images-69221/1-1.dcm,./data/CBIS-DDSM/Mass-Training_P_01261_LEFT_CC_1/07-21-2016-DDSM-14089/1.000000-ROI mask images-83456/1-2.dcm,MG,1,malignant,P_01261,left,5,cc,P_01261_LEFT_CC_mass_1,MICROLOBULATED,LOBULATED,
210,1,mass,digitized,5,"[582, 2180, 1733, 3331]",2,,,./data/CBIS-DDSM/Mass-Training_P_01261_LEFT_MLO/07-20-2016-DDSM-57436/1.000000-full mammogram images-52070/1-1.dcm,./data/CBIS-DDSM/Mass-Training_P_01261_LEFT_MLO_1/07-21-2016-DDSM-08623/1.000000-ROI mask images-28501/1-1.dcm,MG,1,malignant,P_01261,left,5,mlo,P_01261_LEFT_MLO_mass_1,MICROLOBULATED,LOBULATED,
2015,1,mass,digitized,3,"[1878, 3498, 3029, 4650]",2,,,./data/CBIS-DDSM/Mass-Training_P_01265_RIGHT_CC/07-20-2016-DDSM-44284/1.000000-full mammogram images-92889/1-1.dcm,./data/CBIS-DDSM/Mass-Training_P_01265_RIGHT_CC_1/07-21-2016-DDSM-53912/1.000000-ROI mask images-91402/1-1.dcm,MG,1,benign,P_01265,right,5,cc,P_01265_RIGHT_CC_mass_1,CIRCUMSCRIBED,OVAL,
179,1,mass,digitized,3,"[1616, 3129, 2768, 4281]",2,,,./data/CBIS-DDSM/Mass-Training_P_01265_RIGHT_MLO/07-20-2016-DDSM-99009/1.000000-full mammogram images-99664/1-1.dcm,./data/CBIS-DDSM/Mass-Training_P_01265_RIGHT_MLO_1/07-21-2016-DDSM-23968/1.000000-ROI mask images-12046/1-1.dcm,MG,1,benign,P_01265,right,4,mlo,P_01265_RIGHT_MLO_mass_1,CIRCUMSCRIBED,OVAL,
2978,1,mass,digitized,0,"[740, 2655, 1892, 3806]",3,,,./data/CBIS-DDSM/Mass-Training_P_01268_RIGHT_CC/07-20-2016-DDSM-18584/1.000000-full mammogram images-51191/1-1.dcm,./data/CBIS-DDSM/Mass-Training_P_01268_RIGHT_CC_1/07-21-2016-DDSM-54626/1.000000-ROI mask images-82375/1-2.dcm,MG,1,benign,P_01268,right,5,cc,P_01268_RIGHT_CC_mass_1,OBSCURED,LOBULATED,
2786,1,mass,digitized,0,"[951, 2667, 2102, 3819]",3,,,./data/CBIS-DDSM/Mass-Training_P_01268_RIGHT_MLO/07-20-2016-DDSM-94553/1.000000-full mammogram images-89166/1-1.dcm,./data/CBIS-DDSM/Mass-Training_P_01268_RIGHT_MLO_1/07-21-2016-DDSM-44802/1.000000-ROI mask images-89257/1-1.dcm,MG,1,benign,P_01268,right,5,mlo,P_01268_RIGHT_MLO_mass_1,OBSCURED,LOBULATED,
2785,1,mass,digitized,4,"[0, 3246, 849, 4398]",3,,,./data/CBIS-DDSM/Mass-Training_P_01271_RIGHT_CC/07-20-2016-DDSM-77036/1.000000-full mammogram images-09227/1-1.dcm,./data/CBIS-DDSM/Mass-Training_P_01271_RIGHT_CC_1/07-21-2016-DDSM-87556/1.000000-ROI mask images-50993/1-2.dcm,MG,1,benign,P_01271,right,2,cc,P_01271_RIGHT_CC_mass_1,ILL_DEFINED,IRREGULAR,
3217,1,mass,digitized,4,"[0, 2958, 1118, 4109]",3,,,./data/CBIS-DDSM/Mass-Training_P_01271_RIGHT_MLO/07-20-2016-DDSM-24859/1.000000-full mammogram images-24550/1-1.dcm,./data/CBIS-DDSM/Mass-Training_P_01271_RIGHT_MLO_1/07-21-2016-DDSM-69695/1.000000-ROI mask images-87720/1-2.dcm,MG,1,benign,P_01271,right,2,mlo,P_01271_RIGHT_MLO_mass_1,ILL_DEFINED,IRREGULAR,
1164,1,mass,digitized,4,"[2046, 836, 3056, 1987]",1,,,./data/CBIS-DDSM/Mass-Test_P_01277_RIGHT_CC/10-04-2016-DDSM-71748/1.000000-full mammogram images-27043/1-1.dcm,./data/CBIS-DDSM/Mass-Test_P_01277_RIGHT_CC_1/10-04-2016-DDSM-07198/1.000000-ROI mask images-19229/1-2.dcm,MG,1,malignant,P_01277,right,4,cc,P_01277_RIGHT_CC_mass_1,ILL_DEFINED,IRREGULAR,
2773,1,mass,digitized,4,"[1439, 1263, 2591, 2415]",1,,,./data/CBIS-DDSM/Mass-Test_P_01277_RIGHT_MLO/10-04-2016-DDSM-94268/1.000000-full mammogram images-28600/1-1.dcm,./data/CBIS-DDSM/Mass-Test_P_01277_RIGHT_MLO_1/10-04-2016-DDSM-10952/1.000000-ROI mask images-52725/1-2.dcm,MG,1,malignant,P_01277,right,4,mlo,P_01277_RIGHT_MLO_mass_1,ILL_DEFINED,IRREGULAR,
1881,1,mass,digitized,3,"[189, 2073, 1340, 3225]",3,,,./data/CBIS-DDSM/Mass-Test_P_01298_LEFT_CC/10-04-2016-DDSM-28219/1.000000-full mammogram images-22154/1-1.dcm,./data/CBIS-DDSM/Mass-Test_P_01298_LEFT_CC_1/10-04-2016-DDSM-73862/1.000000-ROI mask images-21754/1-2.dcm,MG,1,malignant,P_01298,left,4,cc,P_01298_LEFT_CC_mass_1,CIRCUMSCRIBED-OBSCURED-ILL_DEFINED,LOBULATED,
1448,1,mass,digitized,3,"[410, 2467, 1561, 3619]",3,,,./data/CBIS-DDSM/Mass-Test_P_01298_LEFT_MLO/10-04-2016-DDSM-63356/1.000000-full mammogram images-11758/1-1.dcm,./data/CBIS-DDSM/Mass-Test_P_01298_LEFT_MLO_1/10-04-2016-DDSM-13951/1.000000-ROI mask images-03497/1-2.dcm,MG,1,malignant,P_01298,left,3,mlo,P_01298_LEFT_MLO_mass_1,OBSCURED-ILL_DEFINED,LOBULATED,
2200,1,mass,digitized,4,"[607, 2857, 1758, 4009]",4,,,./data/CBIS-DDSM/Mass-Test_P_01322_RIGHT_CC/10-04-2016-DDSM-17243/1.000000-full mammogram images-35556/1-1.dcm,./data/CBIS-DDSM/Mass-Test_P_01322_RIGHT_CC_1/10-04-2016-DDSM-52120/1.000000-ROI mask images-49989/1-2.dcm,MG,1,benign,P_01322,right,3,cc,P_01322_RIGHT_CC_mass_1,ILL_DEFINED,ROUND,
2567,1,mass,digitized,4,"[652, 3966, 1803, 5118]",4,,,./data/CBIS-DDSM/Mass-Test_P_01322_RIGHT_MLO/10-04-2016-DDSM-42383/1.000000-full mammogram images-59819/1-1.dcm,./data/CBIS-DDSM/Mass-Test_P_01322_RIGHT_MLO_1/10-04-2016-DDSM-23299/1.000000-ROI mask images-12220/1-2.dcm,MG,1,benign,P_01322,right,3,mlo,P_01322_RIGHT_MLO_mass_1,ILL_DEFINED,ROUND,
2065,1,mass,digitized,3,"[1449, 2500, 2601, 3652]",1,,,./data/CBIS-DDSM/Mass-Training_P_01327_LEFT_MLO/07-20-2016-DDSM-98110/1.000000-full mammogram images-54441/1-1.dcm,./data/CBIS-DDSM/Mass-Training_P_01327_LEFT_MLO_1/07-21-2016-DDSM-70612/1.000000-ROI mask images-90047/1-2.dcm,MG,1,benign,P_01327,left,4,mlo,P_01327_LEFT_MLO_mass_1,OBSCURED,LOBULATED,
347,1,mass,digitized,3,"[720, 1479, 1871, 2631]",2,,,./data/CBIS-DDSM/Mass-Test_P_01331_LEFT_CC/10-04-2016-DDSM-28018/1.000000-full mammogram images-42540/1-1.dcm,./data/CBIS-DDSM/Mass-Test_P_01331_LEFT_CC_1/10-04-2016-DDSM-98831/1.000000-ROI mask images-22720/1-2.dcm,MG,1,benign,P_01331,left,3,cc,P_01331_LEFT_CC_mass_1,SPICULATED,IRREGULAR,
1556,1,mass,digitized,3,"[711, 1438, 1863, 2590]",2,,,./data/CBIS-DDSM/Mass-Test_P_01331_LEFT_MLO/10-04-2016-DDSM-88038/1.000000-full mammogram images-57327/1-1.dcm,./data/CBIS-DDSM/Mass-Test_P_01331_LEFT_MLO_1/10-04-2016-DDSM-00702/1.000000-ROI mask images-95895/1-2.dcm,MG,1,benign,P_01331,left,3,mlo,P_01331_LEFT_MLO_mass_1,SPICULATED,IRREGULAR,
902,2,mass,digitized,4,"[961, 1579, 2113, 2731]",2,,,./data/CBIS-DDSM/Mass-Training_P_01343_LEFT_CC/07-20-2016-DDSM-77595/1.000000-full mammogram images-13795/1-1.dcm,./data/CBIS-DDSM/Mass-Training_P_01343_LEFT_CC_2/07-21-2016-DDSM-94012/1.000000-ROI mask images-46014/1-2.dcm,MG,2,malignant,P_01343,left,5,cc,P_01343_LEFT_CC_mass_2,ILL_DEFINED-SPICULATED,IRREGULAR,
3077,1,mass,digitized,5,"[417, 1253, 1568, 2404]",2,,,./data/CBIS-DDSM/Mass-Training_P_01343_LEFT_CC/07-20-2016-DDSM-77595/1.000000-full mammogram images-13795/1-1.dcm,./data/CBIS-DDSM/Mass-Training_P_01343_LEFT_CC_1/07-21-2016-DDSM-19152/1.000000-ROI mask images-77924/1-1.dcm,MG,2,malignant,P_01343,left,5,cc,P_01343_LEFT_CC_mass_1,SPICULATED,IRREGULAR-ARCHITECTURAL_DISTORTION,
1593,1,mass,digitized,5,"[700, 1220, 1852, 2371]",2,,,./data/CBIS-DDSM/Mass-Training_P_01343_LEFT_MLO/07-20-2016-DDSM-99302/1.000000-full mammogram images-52239/1-1.dcm,./data/CBIS-DDSM/Mass-Training_P_01343_LEFT_MLO_1/07-21-2016-DDSM-91607/1.000000-ROI mask images-42683/1-2.dcm,MG,2,malignant,P_01343,left,5,mlo,P_01343_LEFT_MLO_mass_1,SPICULATED,IRREGULAR-ARCHITECTURAL_DISTORTION,
2676,2,mass,digitized,4,"[1003, 1842, 2155, 2994]",2,,,./data/CBIS-DDSM/Mass-Training_P_01343_LEFT_MLO/07-20-2016-DDSM-99302/1.000000-full mammogram images-52239/1-1.dcm,./data/CBIS-DDSM/Mass-Training_P_01343_LEFT_MLO_2/07-21-2016-DDSM-15596/1.000000-ROI mask images-16403/1-1.dcm,MG,2,malignant,P_01343,left,5,mlo,P_01343_LEFT_MLO_mass_2,ILL_DEFINED-SPICULATED,IRREGULAR,
3122,1,mass,digitized,5,"[817, 2907, 1969, 4058]",1,,,./data/CBIS-DDSM/Mass-Training_P_01364_LEFT_CC/07-20-2016-DDSM-95494/1.000000-full mammogram images-56493/1-1.dcm,./data/CBIS-DDSM/Mass-Training_P_01364_LEFT_CC_1/07-21-2016-DDSM-51343/1.000000-ROI mask images-18423/1-1.dcm,MG,1,malignant,P_01364,left,5,cc,P_01364_LEFT_CC_mass_1,MICROLOBULATED,LOBULATED,
1255,1,mass,digitized,5,"[1271, 3284, 2423, 4436]",1,,,./data/CBIS-DDSM/Mass-Training_P_01364_LEFT_MLO/07-20-2016-DDSM-27790/1.000000-full mammogram images-07502/1-1.dcm,./data/CBIS-DDSM/Mass-Training_P_01364_LEFT_MLO_1/07-21-2016-DDSM-42293/1.000000-ROI mask images-38747/1-2.dcm,MG,1,malignant,P_01364,left,5,mlo,P_01364_LEFT_MLO_mass_1,MICROLOBULATED,LOBULATED,
3447,1,mass,digitized,4,"[698, 1373, 1850, 2525]",3,,,./data/CBIS-DDSM/Mass-Training_P_01371_RIGHT_CC/07-20-2016-DDSM-17458/1.000000-full mammogram images-71460/1-1.dcm,./data/CBIS-DDSM/Mass-Training_P_01371_RIGHT_CC_1/07-21-2016-DDSM-28218/1.000000-ROI mask images-23046/1-1.dcm,MG,1,malignant,P_01371,right,3,cc,P_01371_RIGHT_CC_mass_1,ILL_DEFINED,IRREGULAR,
344,1,mass,digitized,4,"[974, 2701, 2125, 3852]",3,,,./data/CBIS-DDSM/Mass-Training_P_01371_RIGHT_MLO/07-20-2016-DDSM-07595/1.000000-full mammogram images-46378/1-1.dcm,./data/CBIS-DDSM/Mass-Training_P_01371_RIGHT_MLO_1/07-21-2016-DDSM-76866/1.000000-ROI mask images-26278/1-1.dcm,MG,1,malignant,P_01371,right,3,mlo,P_01371_RIGHT_MLO_mass_1,ILL_DEFINED,IRREGULAR,
1359,1,mass,digitized,4,"[1824, 854, 2976, 2006]",3,,,./data/CBIS-DDSM/Mass-Training_P_01373_RIGHT_CC/07-20-2016-DDSM-39518/1.000000-full mammogram images-85326/1-1.dcm,./data/CBIS-DDSM/Mass-Training_P_01373_RIGHT_CC_1/07-21-2016-DDSM-25267/1.000000-ROI mask images-70953/1-1.dcm,MG,1,malignant,P_01373,right,3,cc,P_01373_RIGHT_CC_mass_1,ILL_DEFINED-SPICULATED,IRREGULAR,
2571,1,mass,digitized,4,"[2134, 1004, 3040, 2155]",3,,,./data/CBIS-DDSM/Mass-Training_P_01373_RIGHT_MLO/07-20-2016-DDSM-89071/1.000000-full mammogram images-40396/1-1.dcm,./data/CBIS-DDSM/Mass-Training_P_01373_RIGHT_MLO_1/07-21-2016-DDSM-67731/1.000000-ROI mask images-96220/1-1.dcm,MG,1,malignant,P_01373,right,3,mlo,P_01373_RIGHT_MLO_mass_1,OBSCURED-ILL_DEFINED,IRREGULAR,
1666,1,mass,digitized,5,"[418, 1730, 1569, 2882]",1,,,./data/CBIS-DDSM/Mass-Training_P_01412_LEFT_CC/07-20-2016-DDSM-28781/1.000000-full mammogram images-74331/1-1.dcm,./data/CBIS-DDSM/Mass-Training_P_01412_LEFT_CC_1/07-21-2016-DDSM-82233/1.000000-ROI mask images-56526/1-2.dcm,MG,1,malignant,P_01412,left,5,cc,P_01412_LEFT_CC_mass_1,SPICULATED,ROUND,
2766,1,mass,digitized,5,"[1054, 2349, 2205, 3500]",1,,,./data/CBIS-DDSM/Mass-Training_P_01412_LEFT_MLO/07-20-2016-DDSM-40017/1.000000-full mammogram images-47165/1-1.dcm,./data/CBIS-DDSM/Mass-Training_P_01412_LEFT_MLO_1/07-21-2016-DDSM-65263/1.000000-ROI mask images-59448/1-2.dcm,MG,1,malignant,P_01412,left,5,mlo,P_01412_LEFT_MLO_mass_1,SPICULATED,OVAL,
2595,1,mass,digitized,4,"[3006, 1302, 3736, 2453]",1,,,./data/CBIS-DDSM/Mass-Test_P_01416_RIGHT_CC/10-04-2016-DDSM-62366/1.000000-full mammogram images-77396/1-1.dcm,./data/CBIS-DDSM/Mass-Test_P_01416_RIGHT_CC_1/10-04-2016-DDSM-73444/1.000000-ROI mask images-64358/1-2.dcm,MG,1,benign,P_01416,right,5,cc,P_01416_RIGHT_CC_mass_1,CIRCUMSCRIBED,LOBULATED,
2297,1,mass,digitized,4,"[1708, 879, 2860, 2031]",1,,,./data/CBIS-DDSM/Mass-Test_P_01416_RIGHT_MLO/10-04-2016-DDSM-40579/1.000000-full mammogram images-84588/1-1.dcm,./data/CBIS-DDSM/Mass-Test_P_01416_RIGHT_MLO_1/10-04-2016-DDSM-91699/1.000000-ROI mask images-80266/1-2.dcm,MG,1,benign,P_01416,right,5,mlo,P_01416_RIGHT_MLO_mass_1,CIRCUMSCRIBED,LOBULATED,
1019,1,mass,digitized,4,"[1095, 1724, 2247, 2875]",3,,,./data/CBIS-DDSM/Mass-Training_P_01433_LEFT_CC/07-20-2016-DDSM-60818/1.000000-full mammogram images-51601/1-1.dcm,./data/CBIS-DDSM/Mass-Training_P_01433_LEFT_CC_1/07-21-2016-DDSM-73067/1.000000-ROI mask images-39312/1-2.dcm,MG,1,malignant,P_01433,left,3,cc,P_01433_LEFT_CC_mass_1,SPICULATED,IRREGULAR,
1785,1,mass,digitized,4,"[733, 2613, 1884, 3764]",3,,,./data/CBIS-DDSM/Mass-Training_P_01433_LEFT_MLO/07-20-2016-DDSM-27901/1.000000-full mammogram images-04655/1-1.dcm,./data/CBIS-DDSM/Mass-Training_P_01433_LEFT_MLO_1/07-21-2016-DDSM-04137/1.000000-ROI mask images-55813/1-1.dcm,MG,1,malignant,P_01433,left,3,mlo,P_01433_LEFT_MLO_mass_1,SPICULATED,IRREGULAR,
771,1,mass,digitized,4,"[29, 1857, 1181, 3009]",4,,,./data/CBIS-DDSM/Mass-Training_P_01447_RIGHT_CC/07-20-2016-DDSM-73986/1.000000-full mammogram images-56072/1-1.dcm,./data/CBIS-DDSM/Mass-Training_P_01447_RIGHT_CC_1/07-21-2016-DDSM-49024/1.000000-ROI mask images-85063/1-1.dcm,MG,1,benign,P_01447,right,5,cc,P_01447_RIGHT_CC_mass_1,CIRCUMSCRIBED,LOBULATED,
2068,1,mass,digitized,4,"[46, 3273, 1197, 4425]",4,,,./data/CBIS-DDSM/Mass-Training_P_01447_RIGHT_MLO/07-20-2016-DDSM-94518/1.000000-full mammogram images-44562/1-1.dcm,./data/CBIS-DDSM/Mass-Training_P_01447_RIGHT_MLO_1/07-21-2016-DDSM-93162/1.000000-ROI mask images-96776/1-2.dcm,MG,1,benign,P_01447,right,5,mlo,P_01447_RIGHT_MLO_mass_1,CIRCUMSCRIBED,LOBULATED,
2827,1,mass,digitized,4,"[457, 1143, 1609, 2295]",3,,,./data/CBIS-DDSM/Mass-Training_P_01484_RIGHT_MLO/07-20-2016-DDSM-91111/1.000000-full mammogram images-87841/1-1.dcm,./data/CBIS-DDSM/Mass-Training_P_01484_RIGHT_MLO_1/07-21-2016-DDSM-80470/1.000000-ROI mask images-21468/1-1.dcm,MG,1,benign,P_01484,right,2,mlo,P_01484_RIGHT_MLO_mass_1,ILL_DEFINED,IRREGULAR,
1820,1,mass,digitized,3,"[2137, 1533, 2912, 2685]",1,,,./data/CBIS-DDSM/Mass-Training_P_01498_RIGHT_MLO/07-20-2016-DDSM-10047/1.000000-full mammogram images-82391/1-1.dcm,./data/CBIS-DDSM/Mass-Training_P_01498_RIGHT_MLO_1/07-21-2016-DDSM-69585/1.000000-ROI mask images-23636/1-1.dcm,MG,1,benign,P_01498,right,5,mlo,P_01498_RIGHT_MLO_mass_1,,FOCAL_ASYMMETRIC_DENSITY,
2064,1,mass,digitized,5,"[0, 1721, 967, 2872]",1,,,./data/CBIS-DDSM/Mass-Training_P_01540_LEFT_CC/07-20-2016-DDSM-65195/1.000000-full mammogram images-75792/1-1.dcm,./data/CBIS-DDSM/Mass-Training_P_01540_LEFT_CC_1/07-21-2016-DDSM-44089/1.000000-ROI mask images-51170/1-1.dcm,MG,1,malignant,P_01540,left,4,cc,P_01540_LEFT_CC_mass_1,ILL_DEFINED,IRREGULAR,
2023,1,mass,digitized,5,"[0, 2411, 1065, 3563]",1,,,./data/CBIS-DDSM/Mass-Training_P_01540_LEFT_MLO/07-20-2016-DDSM-09642/1.000000-full mammogram images-12994/1-1.dcm,./data/CBIS-DDSM/Mass-Training_P_01540_LEFT_MLO_1/07-21-2016-DDSM-45352/1.000000-ROI mask images-65346/1-2.dcm,MG,1,malignant,P_01540,left,5,mlo,P_01540_LEFT_MLO_mass_1,SPICULATED,IRREGULAR,
1863,1,mass,digitized,0,"[716, 1101, 1868, 2252]",2,,,./data/CBIS-DDSM/Mass-Test_P_01551_LEFT_CC/10-04-2016-DDSM-81868/1.000000-full mammogram images-26044/1-1.dcm,./data/CBIS-DDSM/Mass-Test_P_01551_LEFT_CC_1/10-04-2016-DDSM-54228/1.000000-ROI mask images-45595/1-2.dcm,MG,1,benign,P_01551,left,3,cc,P_01551_LEFT_CC_mass_1,ILL_DEFINED,IRREGULAR,
599,1,mass,digitized,0,"[1241, 1425, 2392, 2576]",2,,,./data/CBIS-DDSM/Mass-Test_P_01551_LEFT_MLO/10-04-2016-DDSM-27641/1.000000-full mammogram images-32498/1-1.dcm,./data/CBIS-DDSM/Mass-Test_P_01551_LEFT_MLO_1/10-04-2016-DDSM-37267/1.000000-ROI mask images-29331/1-2.dcm,MG,1,benign,P_01551,left,3,mlo,P_01551_LEFT_MLO_mass_1,ILL_DEFINED,IRREGULAR,
791,1,mass,digitized,4,"[436, 2109, 1588, 3261]",3,,,./data/CBIS-DDSM/Mass-Training_P_01553_RIGHT_MLO/07-20-2016-DDSM-14568/1.000000-full mammogram images-11654/1-1.dcm,./data/CBIS-DDSM/Mass-Training_P_01553_RIGHT_MLO_1/07-21-2016-DDSM-64128/1.000000-ROI mask images-69781/1-2.dcm,MG,1,malignant,P_01553,right,4,mlo,P_01553_RIGHT_MLO_mass_1,ILL_DEFINED,LOBULATED,
1150,1,mass,digitized,4,"[1111, 3644, 2263, 4795]",2,,,./data/CBIS-DDSM/Mass-Training_P_01581_LEFT_CC/07-20-2016-DDSM-54900/1.000000-full mammogram images-30034/1-1.dcm,./data/CBIS-DDSM/Mass-Training_P_01581_LEFT_CC_1/07-21-2016-DDSM-52492/1.000000-ROI mask images-41872/1-2.dcm,MG,1,benign,P_01581,left,3,cc,P_01581_LEFT_CC_mass_1,ILL_DEFINED,LOBULATED,
2982,1,mass,digitized,4,"[1186, 3839, 2338, 4991]",2,,,./data/CBIS-DDSM/Mass-Training_P_01581_LEFT_MLO/07-20-2016-DDSM-94961/1.000000-full mammogram images-36023/1-1.dcm,./data/CBIS-DDSM/Mass-Training_P_01581_LEFT_MLO_1/07-21-2016-DDSM-38434/1.000000-ROI mask images-03916/1-2.dcm,MG,1,benign,P_01581,left,3,mlo,P_01581_LEFT_MLO_mass_1,ILL_DEFINED,LOBULATED,
2516,1,mass,digitized,3,"[1233, 1881, 2384, 3033]",1,,,./data/CBIS-DDSM/Mass-Training_P_01621_RIGHT_CC/07-20-2016-DDSM-57866/1.000000-full mammogram images-65010/1-1.dcm,./data/CBIS-DDSM/Mass-Training_P_01621_RIGHT_CC_1/07-21-2016-DDSM-82542/1.000000-ROI mask images-50666/1-2.dcm,MG,1,benign,P_01621,right,5,cc,P_01621_RIGHT_CC_mass_1,OBSCURED,LOBULATED,
2316,1,mass,digitized,3,"[1327, 3880, 2479, 5031]",1,,,./data/CBIS-DDSM/Mass-Training_P_01621_RIGHT_MLO/07-20-2016-DDSM-00676/1.000000-full mammogram images-19632/1-1.dcm,./data/CBIS-DDSM/Mass-Training_P_01621_RIGHT_MLO_1/07-21-2016-DDSM-73195/1.000000-ROI mask images-03651/1-2.dcm,MG,1,benign,P_01621,right,5,mlo,P_01621_RIGHT_MLO_mass_1,MICROLOBULATED,OVAL,
1521,1,mass,digitized,5,"[890, 3334, 2041, 4485]",2,,,./data/CBIS-DDSM/Mass-Training_P_01636_RIGHT_MLO/07-20-2016-DDSM-03504/1.000000-full mammogram images-82751/1-1.dcm,./data/CBIS-DDSM/Mass-Training_P_01636_RIGHT_MLO_1/07-21-2016-DDSM-58280/1.000000-ROI mask images-55497/1-2.dcm,MG,1,malignant,P_01636,right,3,mlo,P_01636_RIGHT_MLO_mass_1,SPICULATED,LOBULATED,
204,1,mass,digitized,3,"[0, 1226, 815, 2378]",3,,,./data/CBIS-DDSM/Mass-Training_P_01649_LEFT_CC/07-20-2016-DDSM-45150/1.000000-full mammogram images-74297/1-1.dcm,./data/CBIS-DDSM/Mass-Training_P_01649_LEFT_CC_1/07-21-2016-DDSM-07382/1.000000-ROI mask images-76813/1-2.dcm,MG,1,benign,P_01649,left,3,cc,P_01649_LEFT_CC_mass_1,CIRCUMSCRIBED,OVAL,
2363,1,mass,digitized,5,"[1524, 914, 2675, 2066]",2,,,./data/CBIS-DDSM/Mass-Test_P_01651_RIGHT_CC/10-04-2016-DDSM-31902/1.000000-full mammogram images-10240/1-1.dcm,./data/CBIS-DDSM/Mass-Test_P_01651_RIGHT_CC_1/10-04-2016-DDSM-86933/1.000000-ROI mask images-36911/1-2.dcm,MG,1,malignant,P_01651,right,5,cc,P_01651_RIGHT_CC_mass_1,SPICULATED,IRREGULAR,
2584,1,mass,digitized,5,"[1351, 2745, 2503, 3896]",2,,,./data/CBIS-DDSM/Mass-Test_P_01651_RIGHT_MLO/10-04-2016-DDSM-94349/1.000000-full mammogram images-01375/1-1.dcm,./data/CBIS-DDSM/Mass-Test_P_01651_RIGHT_MLO_1/10-04-2016-DDSM-46820/1.000000-ROI mask images-77335/1-2.dcm,MG,1,malignant,P_01651,right,5,mlo,P_01651_RIGHT_MLO_mass_1,SPICULATED,IRREGULAR,
2441,1,mass,digitized,5,"[0, 1028, 930, 2179]",2,,,./data/CBIS-DDSM/Mass-Training_P_01671_LEFT_CC/07-20-2016-DDSM-82518/1.000000-full mammogram images-40008/1-1.dcm,./data/CBIS-DDSM/Mass-Training_P_01671_LEFT_CC_1/07-21-2016-DDSM-37268/1.000000-ROI mask images-80243/1-2.dcm,MG,1,malignant,P_01671,left,5,cc,P_01671_LEFT_CC_mass_1,SPICULATED,IRREGULAR,
2025,1,mass,digitized,5,"[167, 2388, 1318, 3539]",2,,,./data/CBIS-DDSM/Mass-Training_P_01671_LEFT_MLO/07-20-2016-DDSM-63620/1.000000-full mammogram images-41249/1-1.dcm,./data/CBIS-DDSM/Mass-Training_P_01671_LEFT_MLO_1/07-21-2016-DDSM-87718/1.000000-ROI mask images-10381/1-1.dcm,MG,1,malignant,P_01671,left,5,mlo,P_01671_LEFT_MLO_mass_1,SPICULATED,IRREGULAR,
98,1,mass,digitized,3,"[121, 1718, 1272, 2870]",4,,,./data/CBIS-DDSM/Mass-Test_P_01677_RIGHT_MLO/10-04-2016-DDSM-91270/1.000000-full mammogram images-94568/1-1.dcm,./data/CBIS-DDSM/Mass-Test_P_01677_RIGHT_MLO_1/10-04-2016-DDSM-36419/1.000000-ROI mask images-51420/1-2.dcm,MG,1,benign,P_01677,right,3,mlo,P_01677_RIGHT_MLO_mass_1,OBSCURED,OVAL,
558,1,mass,digitized,5,"[0, 1147, 748, 2298]",3,,,./data/CBIS-DDSM/Mass-Training_P_01682_LEFT_CC/07-20-2016-DDSM-00077/1.000000-full mammogram images-65130/1-1.dcm,./data/CBIS-DDSM/Mass-Training_P_01682_LEFT_CC_1/07-21-2016-DDSM-47471/1.000000-ROI mask images-31634/1-1.dcm,MG,1,malignant,P_01682,left,3,cc,P_01682_LEFT_CC_mass_1,ILL_DEFINED,IRREGULAR,
3094,1,mass,digitized,5,"[0, 668, 997, 1820]",3,,,./data/CBIS-DDSM/Mass-Training_P_01682_LEFT_MLO/07-20-2016-DDSM-49977/1.000000-full mammogram images-02299/1-1.dcm,./data/CBIS-DDSM/Mass-Training_P_01682_LEFT_MLO_1/07-21-2016-DDSM-42298/1.000000-ROI mask images-01029/1-2.dcm,MG,1,malignant,P_01682,left,5,mlo,P_01682_LEFT_MLO_mass_1,MICROLOBULATED,LOBULATED,
1569,1,mass,digitized,3,"[2484, 1299, 3635, 2451]",2,,,./data/CBIS-DDSM/Mass-Training_P_01687_RIGHT_CC/07-20-2016-DDSM-54436/1.000000-full mammogram images-97097/1-1.dcm,./data/CBIS-DDSM/Mass-Training_P_01687_RIGHT_CC_1/07-21-2016-DDSM-55803/1.000000-ROI mask images-47391/1-2.dcm,MG,1,benign,P_01687,right,3,cc,P_01687_RIGHT_CC_mass_1,CIRCUMSCRIBED,ROUND-LOBULATED,
1963,1,mass,digitized,3,"[2477, 2722, 3629, 3873]",2,,,./data/CBIS-DDSM/Mass-Training_P_01687_RIGHT_MLO/07-20-2016-DDSM-75622/1.000000-full mammogram images-33376/1-1.dcm,./data/CBIS-DDSM/Mass-Training_P_01687_RIGHT_MLO_1/07-21-2016-DDSM-45466/1.000000-ROI mask images-22212/1-2.dcm,MG,1,benign,P_01687,right,3,mlo,P_01687_RIGHT_MLO_mass_1,CIRCUMSCRIBED,ROUND,
1579,1,mass,digitized,0,"[758, 2653, 1909, 3804]",3,,,./data/CBIS-DDSM/Mass-Test_P_01690_LEFT_CC/10-04-2016-DDSM-01619/1.000000-full mammogram images-51522/1-1.dcm,./data/CBIS-DDSM/Mass-Test_P_01690_LEFT_CC_1/10-04-2016-DDSM-97726/1.000000-ROI mask images-48180/1-2.dcm,MG,1,benign,P_01690,left,4,cc,P_01690_LEFT_CC_mass_1,OBSCURED,OVAL,
1965,1,mass,digitized,0,"[952, 3145, 2103, 4296]",3,,,./data/CBIS-DDSM/Mass-Test_P_01690_LEFT_MLO/10-04-2016-DDSM-73714/1.000000-full mammogram images-33315/1-1.dcm,./data/CBIS-DDSM/Mass-Test_P_01690_LEFT_MLO_1/10-04-2016-DDSM-86283/1.000000-ROI mask images-82601/1-2.dcm,MG,1,benign,P_01690,left,4,mlo,P_01690_LEFT_MLO_mass_1,OBSCURED,OVAL,
1971,1,mass,digitized,3,"[2666, 344, 3818, 1495]",1,,,./data/CBIS-DDSM/Mass-Training_P_01698_RIGHT_CC/07-20-2016-DDSM-16793/1.000000-full mammogram images-63675/1-1.dcm,./data/CBIS-DDSM/Mass-Training_P_01698_RIGHT_CC_1/07-21-2016-DDSM-85622/1.000000-ROI mask images-93675/1-1.dcm,MG,1,benign,P_01698,right,5,cc,P_01698_RIGHT_CC_mass_1,CIRCUMSCRIBED,ROUND,
2924,1,mass,digitized,3,"[1824, 1492, 2976, 2644]",1,,,./data/CBIS-DDSM/Mass-Training_P_01698_RIGHT_MLO/07-20-2016-DDSM-20942/1.000000-full mammogram images-35511/1-1.dcm,./data/CBIS-DDSM/Mass-Training_P_01698_RIGHT_MLO_1/07-21-2016-DDSM-27821/1.000000-ROI mask images-70668/1-1.dcm,MG,1,benign,P_01698,right,5,mlo,P_01698_RIGHT_MLO_mass_1,CIRCUMSCRIBED,LOBULATED,
1918,1,mass,digitized,0,"[1052, 2508, 2203, 3659]",2,,,./data/CBIS-DDSM/Mass-Training_P_01710_LEFT_CC/07-20-2016-DDSM-40376/1.000000-full mammogram images-17066/1-1.dcm,./data/CBIS-DDSM/Mass-Training_P_01710_LEFT_CC_1/07-21-2016-DDSM-18310/1.000000-ROI mask images-04380/1-1.dcm,MG,1,benign,P_01710,left,4,cc,P_01710_LEFT_CC_mass_1,OBSCURED,ROUND,
2972,1,mass,digitized,0,"[663, 3673, 1814, 4825]",2,,,./data/CBIS-DDSM/Mass-Training_P_01710_LEFT_MLO/07-20-2016-DDSM-63609/1.000000-full mammogram images-50997/1-1.dcm,./data/CBIS-DDSM/Mass-Training_P_01710_LEFT_MLO_1/07-21-2016-DDSM-82510/1.000000-ROI mask images-09608/1-1.dcm,MG,1,benign,P_01710,left,4,mlo,P_01710_LEFT_MLO_mass_1,OBSCURED,ROUND,
869,1,mass,digitized,4,"[2077, 1592, 2720, 2743]",3,,,./data/CBIS-DDSM/Mass-Test_P_01719_RIGHT_CC/10-04-2016-DDSM-18150/1.000000-full mammogram images-00719/1-1.dcm,./data/CBIS-DDSM/Mass-Test_P_01719_RIGHT_CC_1/10-04-2016-DDSM-90391/1.000000-ROI mask images-66103/1-2.dcm,MG,1,malignant,P_01719,right,2,cc,P_01719_RIGHT_CC_mass_1,ILL_DEFINED,OVAL,
1254,1,mass,digitized,4,"[1881, 1563, 2640, 2715]",3,,,./data/CBIS-DDSM/Mass-Test_P_01719_RIGHT_MLO/10-04-2016-DDSM-74555/1.000000-full mammogram images-07840/1-1.dcm,./data/CBIS-DDSM/Mass-Test_P_01719_RIGHT_MLO_1/10-04-2016-DDSM-63036/1.000000-ROI mask images-14849/1-2.dcm,MG,1,malignant,P_01719,right,3,mlo,P_01719_RIGHT_MLO_mass_1,ILL_DEFINED,OVAL,
14,1,mass,digitized,4,"[1358, 2335, 2510, 3487]",3,,,./data/CBIS-DDSM/Mass-Training_P_01725_RIGHT_CC/07-20-2016-DDSM-68111/1.000000-full mammogram images-27765/1-1.dcm,./data/CBIS-DDSM/Mass-Training_P_01725_RIGHT_CC_1/07-21-2016-DDSM-60329/1.000000-ROI mask images-67693/1-1.dcm,MG,1,malignant,P_01725,right,5,cc,P_01725_RIGHT_CC_mass_1,MICROLOBULATED,LOBULATED,
2815,1,mass,digitized,4,"[1334, 2105, 2485, 3256]",3,,,./data/CBIS-DDSM/Mass-Training_P_01725_RIGHT_MLO/07-20-2016-DDSM-71342/1.000000-full mammogram images-97997/1-1.dcm,./data/CBIS-DDSM/Mass-Training_P_01725_RIGHT_MLO_1/07-21-2016-DDSM-25672/1.000000-ROI mask images-89213/1-2.dcm,MG,1,malignant,P_01725,right,5,mlo,P_01725_RIGHT_MLO_mass_1,MICROLOBULATED,LOBULATED,
1775,1,mass,digitized,4,"[896, 3456, 2047, 4608]",2,,,./data/CBIS-DDSM/Mass-Training_P_01744_LEFT_MLO/07-20-2016-DDSM-06069/1.000000-full mammogram images-06333/1-1.dcm,./data/CBIS-DDSM/Mass-Training_P_01744_LEFT_MLO_1/07-21-2016-DDSM-58925/1.000000-ROI mask images-36553/1-2.dcm,MG,1,malignant,P_01744,left,3,mlo,P_01744_LEFT_MLO_mass_1,CIRCUMSCRIBED,OVAL,
2370,1,mass,digitized,0,"[1136, 2152, 2191, 3303]",3,,,./data/CBIS-DDSM/Mass-Test_P_01765_RIGHT_CC/10-04-2016-DDSM-13436/1.000000-full mammogram images-72259/1-1.dcm,./data/CBIS-DDSM/Mass-Test_P_01765_RIGHT_CC_1/10-04-2016-DDSM-87731/1.000000-ROI mask images-69804/1-2.dcm,MG,1,benign,P_01765,right,3,cc,P_01765_RIGHT_CC_mass_1,OBSCURED,OVAL,
1693,1,mass,digitized,0,"[1257, 2176, 2131, 3327]",3,,,./data/CBIS-DDSM/Mass-Test_P_01765_RIGHT_MLO/10-04-2016-DDSM-77721/1.000000-full mammogram images-21038/1-1.dcm,./data/CBIS-DDSM/Mass-Test_P_01765_RIGHT_MLO_1/10-04-2016-DDSM-35107/1.000000-ROI mask images-36568/1-2.dcm,MG,1,benign,P_01765,right,3,mlo,P_01765_RIGHT_MLO_mass_1,OBSCURED,OVAL,
1856,1,mass,digitized,4,"[1999, 2222, 2664, 3374]",2,,,./data/CBIS-DDSM/Mass-Training_P_01776_RIGHT_CC/07-20-2016-DDSM-34414/1.000000-full mammogram images-48945/1-1.dcm,./data/CBIS-DDSM/Mass-Training_P_01776_RIGHT_CC_1/07-21-2016-DDSM-29569/1.000000-ROI mask images-08503/1-1.dcm,MG,1,benign,P_01776,right,3,cc,P_01776_RIGHT_CC_mass_1,ILL_DEFINED,IRREGULAR,
2782,1,mass,digitized,4,"[1902, 3315, 2640, 4467]",2,,,./data/CBIS-DDSM/Mass-Training_P_01776_RIGHT_MLO/07-20-2016-DDSM-85115/1.000000-full mammogram images-63073/1-1.dcm,./data/CBIS-DDSM/Mass-Training_P_01776_RIGHT_MLO_1/07-21-2016-DDSM-88138/1.000000-ROI mask images-53282/1-1.dcm,MG,1,benign,P_01776,right,5,mlo,P_01776_RIGHT_MLO_mass_1,ILL_DEFINED,IRREGULAR,
2224,1,mass,digitized,5,"[0, 1512, 987, 2663]",1,,,./data/CBIS-DDSM/Mass-Test_P_01787_LEFT_CC/10-04-2016-DDSM-98252/1.000000-full mammogram images-41703/1-1.dcm,./data/CBIS-DDSM/Mass-Test_P_01787_LEFT_CC_1/10-04-2016-DDSM-38254/1.000000-ROI mask images-17483/1-2.dcm,MG,1,malignant,P_01787,left,5,cc,P_01787_LEFT_CC_mass_1,MICROLOBULATED,IRREGULAR,
1688,1,mass,digitized,5,"[422, 1246, 1573, 2397]",1,,,./data/CBIS-DDSM/Mass-Test_P_01787_LEFT_MLO/10-04-2016-DDSM-11033/1.000000-full mammogram images-27856/1-1.dcm,./data/CBIS-DDSM/Mass-Test_P_01787_LEFT_MLO_1/10-04-2016-DDSM-44967/1.000000-ROI mask images-88534/1-2.dcm,MG,1,malignant,P_01787,left,5,mlo,P_01787_LEFT_MLO_mass_1,MICROLOBULATED,IRREGULAR,
1072,1,mass,digitized,0,"[558, 2532, 1710, 3683]",3,,,./data/CBIS-DDSM/Mass-Test_P_01807_RIGHT_MLO/10-04-2016-DDSM-00823/1.000000-full mammogram images-05266/1-1.dcm,./data/CBIS-DDSM/Mass-Test_P_01807_RIGHT_MLO_1/10-04-2016-DDSM-25273/1.000000-ROI mask images-93473/1-2.dcm,MG,1,benign,P_01807,right,4,mlo,P_01807_RIGHT_MLO_mass_1,OBSCURED,ROUND,
472,1,mass,digitized,4,"[1686, 804, 2688, 1955]",3,,,./data/CBIS-DDSM/Mass-Test_P_01815_RIGHT_CC/10-04-2016-DDSM-30772/1.000000-full mammogram images-39065/1-1.dcm,./data/CBIS-DDSM/Mass-Test_P_01815_RIGHT_CC_1/10-04-2016-DDSM-42934/1.000000-ROI mask images-47010/1-2.dcm,MG,1,malignant,P_01815,right,1,cc,P_01815_RIGHT_CC_mass_1,ILL_DEFINED,IRREGULAR,
1320,1,mass,digitized,4,"[1152, 1421, 2303, 2572]",3,,,./data/CBIS-DDSM/Mass-Test_P_01815_RIGHT_MLO/10-04-2016-DDSM-77765/1.000000-full mammogram images-05484/1-1.dcm,./data/CBIS-DDSM/Mass-Test_P_01815_RIGHT_MLO_1/10-04-2016-DDSM-39142/1.000000-ROI mask images-25269/1-2.dcm,MG,1,malignant,P_01815,right,2,mlo,P_01815_RIGHT_MLO_mass_1,ILL_DEFINED,IRREGULAR,
3275,1,mass,digitized,2,"[2562, 1215, 3714, 2366]",2,,,./data/CBIS-DDSM/Mass-Training_P_01819_RIGHT_CC/07-20-2016-DDSM-37375/1.000000-full mammogram images-55782/1-1.dcm,./data/CBIS-DDSM/Mass-Training_P_01819_RIGHT_CC_1/07-21-2016-DDSM-92600/1.000000-ROI mask images-66723/1-2.dcm,MG,1,benign,P_01819,right,5,cc,P_01819_RIGHT_CC_mass_1,CIRCUMSCRIBED,LOBULATED,
155,1,mass,digitized,5,"[264, 1374, 1415, 2525]",1,,,./data/CBIS-DDSM/Mass-Training_P_01841_RIGHT_CC/07-20-2016-DDSM-77254/1.000000-full mammogram images-87387/1-1.dcm,./data/CBIS-DDSM/Mass-Training_P_01841_RIGHT_CC_1/07-21-2016-DDSM-86338/1.000000-ROI mask images-60516/1-1.dcm,MG,1,malignant,P_01841,right,5,cc,P_01841_RIGHT_CC_mass_1,SPICULATED,OVAL,
1006,1,mass,digitized,5,"[299, 2251, 1451, 3403]",1,,,./data/CBIS-DDSM/Mass-Training_P_01841_RIGHT_MLO/07-20-2016-DDSM-75656/1.000000-full mammogram images-60778/1-1.dcm,./data/CBIS-DDSM/Mass-Training_P_01841_RIGHT_MLO_1/07-21-2016-DDSM-09840/1.000000-ROI mask images-11189/1-1.dcm,MG,1,malignant,P_01841,right,4,mlo,P_01841_RIGHT_MLO_mass_1,ILL_DEFINED,LOBULATED,
1274,1,mass,digitized,2,"[2775, 829, 3927, 1980]",1,,,./data/CBIS-DDSM/Mass-Training_P_01849_RIGHT_CC/07-20-2016-DDSM-77588/1.000000-full mammogram images-81287/1-1.dcm,./data/CBIS-DDSM/Mass-Training_P_01849_RIGHT_CC_1/07-21-2016-DDSM-53742/1.000000-ROI mask images-07820/1-2.dcm,MG,1,benign,P_01849,right,3,cc,P_01849_RIGHT_CC_mass_1,,LYMPH_NODE,
127,1,mass,digitized,2,"[2165, 1568, 3316, 2720]",1,,,./data/CBIS-DDSM/Mass-Training_P_01849_RIGHT_MLO/07-20-2016-DDSM-34235/1.000000-full mammogram images-43596/1-1.dcm,./data/CBIS-DDSM/Mass-Training_P_01849_RIGHT_MLO_1/07-20-2016-DDSM-15970/1.000000-ROI mask images-49663/1-2.dcm,MG,1,benign,P_01849,right,3,mlo,P_01849_RIGHT_MLO_mass_1,,LYMPH_NODE,
122,1,mass,digitized,2,"[45, 575, 1196, 1726]",2,,,./data/CBIS-DDSM/Mass-Training_P_01864_LEFT_CC/07-20-2016-DDSM-69121/1.000000-full mammogram images-17011/1-1.dcm,./data/CBIS-DDSM/Mass-Training_P_01864_LEFT_CC_1/07-21-2016-DDSM-68983/1.000000-ROI mask images-80183/1-1.dcm,MG,1,benign,P_01864,left,5,cc,P_01864_LEFT_CC_mass_1,CIRCUMSCRIBED,OVAL-LYMPH_NODE,
2835,1,mass,digitized,4,"[2192, 1135, 3344, 2287]",2,,,./data/CBIS-DDSM/Mass-Training_P_01883_LEFT_CC/07-20-2016-DDSM-55434/1.000000-full mammogram images-42076/1-1.dcm,./data/CBIS-DDSM/Mass-Training_P_01883_LEFT_CC_1/07-21-2016-DDSM-23973/1.000000-ROI mask images-04845/1-2.dcm,MG,1,benign,P_01883,left,5,cc,P_01883_LEFT_CC_mass_1,CIRCUMSCRIBED,LOBULATED,
722,1,mass,digitized,5,"[441, 1936, 1593, 3087]",3,,,./data/CBIS-DDSM/Mass-Training_P_01886_RIGHT_CC/07-20-2016-DDSM-04229/1.000000-full mammogram images-25726/1-1.dcm,./data/CBIS-DDSM/Mass-Training_P_01886_RIGHT_CC_1/07-21-2016-DDSM-14441/1.000000-ROI mask images-94239/1-1.dcm,MG,1,benign,P_01886,right,3,cc,P_01886_RIGHT_CC_mass_1,SPICULATED,IRREGULAR,
2864,1,mass,digitized,3,"[1629, 1109, 2671, 2261]",2,,,./data/CBIS-DDSM/Mass-Training_P_01946_RIGHT_CC/07-20-2016-DDSM-27399/1.000000-full mammogram images-73645/1-1.dcm,./data/CBIS-DDSM/Mass-Training_P_01946_RIGHT_CC_1/07-21-2016-DDSM-05438/1.000000-ROI mask images-03679/1-1.dcm,MG,1,malignant,P_01946,right,3,cc,P_01946_RIGHT_CC_mass_1,OBSCURED,IRREGULAR,
2938,1,mass,digitized,3,"[1296, 1666, 2447, 2818]",2,,,./data/CBIS-DDSM/Mass-Training_P_01946_RIGHT_MLO/07-20-2016-DDSM-73156/1.000000-full mammogram images-64301/1-1.dcm,./data/CBIS-DDSM/Mass-Training_P_01946_RIGHT_MLO_1/07-21-2016-DDSM-31129/1.000000-ROI mask images-33688/1-1.dcm,MG,1,malignant,P_01946,right,3,mlo,P_01946_RIGHT_MLO_mass_1,OBSCURED,IRREGULAR,
2935,1,mass,digitized,3,"[1308, 1039, 2460, 2190]",2,,,./data/CBIS-DDSM/Mass-Training_P_01981_RIGHT_CC/07-20-2016-DDSM-94258/1.000000-full mammogram images-07312/1-1.dcm,./data/CBIS-DDSM/Mass-Training_P_01981_RIGHT_CC_1/07-21-2016-DDSM-21530/1.000000-ROI mask images-46161/1-1.dcm,MG,1,malignant,P_01981,right,5,cc,P_01981_RIGHT_CC_mass_1,ILL_DEFINED,IRREGULAR,
2541,1,mass,digitized,3,"[920, 1456, 2071, 2607]",2,,,./data/CBIS-DDSM/Mass-Training_P_01981_RIGHT_MLO/07-20-2016-DDSM-71482/1.000000-full mammogram images-25138/1-1.dcm,./data/CBIS-DDSM/Mass-Training_P_01981_RIGHT_MLO_1/07-21-2016-DDSM-66622/1.000000-ROI mask images-52175/1-1.dcm,MG,1,malignant,P_01981,right,5,mlo,P_01981_RIGHT_MLO_mass_1,ILL_DEFINED,IRREGULAR,
