,abnormality idx,abnormality type,acquisition type,assessment score,bbox,breast density,calc distribution,calc morphology,image_file,mask_file,modality,num abnormalities,pathology,patient_id,side,subtlety,view,name,mass margins,mass shape,associated findings
3449,1,mass,digitized,4,"[0, 2530, 954, 3681]",3,,,./data/CBIS-DDSM/Mass-Training_P_00001_LEFT_MLO/07-20-2016-DDSM-90988/1.000000-full mammogram images-80834/1-1.dcm,./data/CBIS-DDSM/Mass-Training_P_00001_LEFT_MLO_1/07-21-2016-DDSM-82526/1.000000-ROI mask images-86053/1-2.dcm,MG,1,malignant,P_00001,left,4,mlo,P_00001_LEFT_MLO_mass_1,SPICULATED,IRREGULAR,ARCHITECTURAL_DISTORTION
117,1,mass,digitized,4,"[9, 1690, 1160, 2842]",3,,,./data/CBIS-DDSM/Mass-Training_P_00009_RIGHT_CC/07-20-2016-DDSM-71955/1.000000-full mammogram images-15839/1-1.dcm,./data/CBIS-DDSM/Mass-Training_P_00009_RIGHT_CC_1/07-21-2016-DDSM-66714/1.000000-ROI mask images-42192/1-1.dcm,MG,1,malignant,P_00009,right,4,cc,P_00009_RIGHT_CC_mass_1,ILL_DEFINED,OVAL,
1242,1,mass,digitized,4,"[98, 2098, 1249, 3250]",3,,,./data/CBIS-DDSM/Mass-Training_P_00009_RIGHT_MLO/07-20-2016-DDSM-85525/1.000000-full mammogram images-55201/1-1.dcm,./data/CBIS-DDSM/Mass-Training_P_00009_RIGHT_MLO_1/07-21-2016-DDSM-75455/1.000000-ROI mask images-19951/1-1.dcm,MG,1,malignant,P_00009,right,4,mlo,P_00009_RIGHT_MLO_mass_1,ILL_DEFINED,OVAL,
76,1,mass,digitized,4,"[1470, 945, 2584, 2096]",2,,,./data/CBIS-DDSM/Mass-Training_P_00018_RIGHT_CC/07-20-2016-DDSM-18937/1.000000-full mammogram images-64601/1-1.dcm,./data/CBIS-DDSM/Mass-Training_P_00018_RIGHT_CC_1/07-21-2016-DDSM-92063/1.000000-ROI mask images-81067/1-1.dcm,MG,1,benign,P_00018,right,5,cc,P_00018_RIGHT_CC_mass_1,CIRCUMSCRIBED,OVAL,
3263,1,mass,digitized,4,"[1032, 1703, 2183, 2854]",2,,,./data/CBIS-DDSM/Mass-Training_P_00018_RIGHT_MLO/07-20-2016-DDSM-09956/1.000000-full mammogram images-65391/1-1.dcm,./data/CBIS-DDSM/Mass-Training_P_00018_RIGHT_MLO_1/07-21-2016-DDSM-95813/1.000000-ROI mask images-78596/1-1.dcm,MG,1,benign,P_00018,right,5,mlo,P_00018_RIGHT_MLO_mass_1,CIRCUMSCRIBED,OVAL,
1511,1,mass,digitized,3,"[1672, 3277, 2824, 4429]",2,,,./data/CBIS-DDSM/Mass-Training_P_00026_LEFT_CC/07-20-2016-DDSM-97290/1.000000-full mammogram images-56297/1-1.dcm,./data/CBIS-DDSM/Mass-Training_P_00026_LEFT_CC_1/07-21-2016-DDSM-50220/1.000000-ROI mask images-85541/1-2.dcm,MG,1,benign,P_00026,left,3,cc,P_00026_LEFT_CC_mass_1,OBSCURED,OVAL,
1827,1,mass,digitized,3,"[1527, 3700, 2679, 4851]",2,,,./data/CBIS-DDSM/Mass-Training_P_00026_LEFT_MLO/07-20-2016-DDSM-78886/1.000000-full mammogram images-57441/1-1.dcm,./data/CBIS-DDSM/Mass-Training_P_00026_LEFT_MLO_1/07-21-2016-DDSM-49569/1.000000-ROI mask images-94528/1-2.dcm,MG,1,benign,P_00026,left,3,mlo,P_00026_LEFT_MLO_mass_1,OBSCURED,OVAL,
3255,1,mass,digitized,4,"[1962, 2419, 3113, 3570]",4,,,./data/CBIS-DDSM/Mass-Training_P_00045_LEFT_CC/07-20-2016-DDSM-23834/1.000000-full mammogram images-05742/1-1.dcm,./data/CBIS-DDSM/Mass-Training_P_00045_LEFT_CC_1/07-21-2016-DDSM-17635/1.000000-ROI mask images-64260/1-1.dcm,MG,1,malignant,P_00045,left,3,cc,P_00045_LEFT_CC_mass_1,ILL_DEFINED,FOCAL_ASYMMETRIC_DENSITY,
36,1,mass,digitized,4,"[1818, 1916, 2969, 3067]",4,,,./data/CBIS-DDSM/Mass-Training_P_00045_LEFT_MLO/07-20-2016-DDSM-53399/1.000000-full mammogram images-10341/1-1.dcm,./data/CBIS-DDSM/Mass-Training_P_00045_LEFT_MLO_1/07-21-2016-DDSM-07348/1.000000-ROI mask images-23178/1-1.dcm,MG,1,malignant,P_00045,left,3,mlo,P_00045_LEFT_MLO_mass_1,ILL_DEFINED,FOCAL_ASYMMETRIC_DENSITY,
384,1,mass,digitized,3,"[2215, 1789, 3366, 2940]",2,,,./data/CBIS-DDSM/Mass-Training_P_00061_RIGHT_CC/07-20-2016-DDSM-56874/1.000000-full mammogram images-09919/1-1.dcm,./data/CBIS-DDSM/Mass-Training_P_00061_RIGHT_CC_1/07-21-2016-DDSM-24250/1.000000-ROI mask images-66040/1-2.dcm,MG,1,benign,P_00061,right,4,cc,P_00061_RIGHT_CC_mass_1,CIRCUMSCRIBED,LOBULATED,
3191,1,mass,digitized,3,"[1659, 1927, 2811, 3078]",2,,,./data/CBIS-DDSM/Mass-Training_P_00061_RIGHT_MLO/07-20-2016-DDSM-14653/1.000000-full mammogram images-64653/1-1.dcm,./data/CBIS-DDSM/Mass-Training_P_00061_RIGHT_MLO_1/07-21-2016-DDSM-82733/1.000000-ROI mask images-82381/1-2.dcm,MG,1,benign,P_00061,right,4,mlo,P_00061_RIGHT_MLO_mass_1,CIRCUMSCRIBED,OVAL,
1384,1,mass,digitized,0,"[911, 1993, 2062, 3144]",2,,,./data/CBIS-DDSM/Mass-Training_P_00065_LEFT_CC/07-20-2016-DDSM-07979/1.000000-full mammogram images-43457/1-1.dcm,./data/CBIS-DDSM/Mass-Training_P_00065_LEFT_CC_1/07-21-2016-DDSM-65664/1.000000-ROI mask images-64462/1-1.dcm,MG,1,benign,P_00065,left,5,cc,P_00065_LEFT_CC_mass_1,OBSCURED,OVAL,
3305,1,mass,digitized,0,"[1450, 1456, 2602, 2607]",2,,,./data/CBIS-DDSM/Mass-Training_P_00065_LEFT_MLO/07-20-2016-DDSM-69793/1.000000-full mammogram images-73679/1-1.dcm,./data/CBIS-DDSM/Mass-Training_P_00065_LEFT_MLO_1/07-21-2016-DDSM-45548/1.000000-ROI mask images-23885/1-2.dcm,MG,1,benign,P_00065,left,5,mlo,P_00065_LEFT_MLO_mass_1,OBSCURED,OVAL,
500,1,mass,digitized,4,"[2285, 765, 3088, 1916]",3,,,./data/CBIS-DDSM/Mass-Training_P_00068_RIGHT_CC/07-20-2016-DDSM-10759/1.000000-full mammogram images-16361/1-1.dcm,./data/CBIS-DDSM/Mass-Training_P_00068_RIGHT_CC_1/07-21-2016-DDSM-82707/1.000000-ROI mask images-31039/1-1.dcm,MG,1,malignant,P_00068,right,4,cc,P_00068_RIGHT_CC_mass_1,SPICULATED,IRREGULAR,
2361,1,mass,digitized,4,"[1540, 480, 2692, 1631]",3,,,./data/CBIS-DDSM/Mass-Training_P_00068_RIGHT_MLO/07-20-2016-DDSM-04042/1.000000-full mammogram images-05604/1-1.dcm,./data/CBIS-DDSM/Mass-Training_P_00068_RIGHT_MLO_1/07-21-2016-DDSM-78706/1.000000-ROI mask images-97187/1-1.dcm,MG,1,malignant,P_00068,right,4,mlo,P_00068_RIGHT_MLO_mass_1,SPICULATED,IRREGULAR,
2149,1,mass,digitized,5,"[1147, 2054, 2298, 3206]",1,,,./data/CBIS-DDSM/Mass-Training_P_00080_RIGHT_CC/07-20-2016-DDSM-02531/1.000000-full mammogram images-30426/1-1.dcm,./data/CBIS-DDSM/Mass-Training_P_00080_RIGHT_CC_1/07-21-2016-DDSM-89715/1.000000-ROI mask images-74210/1-1.dcm,MG,1,malignant,P_00080,right,5,cc,P_00080_RIGHT_CC_mass_1,SPICULATED,IRREGULAR,
1711,1,mass,digitized,5,"[904, 1836, 2056, 2987]",1,,,./data/CBIS-DDSM/Mass-Training_P_00080_RIGHT_MLO/07-20-2016-DDSM-42808/1.000000-full mammogram images-13427/1-1.dcm,./data/CBIS-DDSM/Mass-Training_P_00080_RIGHT_MLO_1/07-21-2016-DDSM-44857/1.000000-ROI mask images-77883/1-1.dcm,MG,1,malignant,P_00080,right,5,mlo,P_00080_RIGHT_MLO_mass_1,MICROLOBULATED,IRREGULAR,
62,1,mass,digitized,3,"[536, 1521, 1687, 2673]",1,,,./data/CBIS-DDSM/Mass-Training_P_00096_RIGHT_CC/07-20-2016-DDSM-13293/1.000000-full mammogram images-88179/1-1.dcm,./data/CBIS-DDSM/Mass-Training_P_00096_RIGHT_CC_1/07-21-2016-DDSM-74205/1.000000-ROI mask images-93320/1-2.dcm,MG,1,benign,P_00096,right,3,cc,P_00096_RIGHT_CC_mass_1,OBSCURED,OVAL,
1981,1,mass,digitized,3,"[578, 4005, 1730, 5157]",1,,,./data/CBIS-DDSM/Mass-Training_P_00096_RIGHT_MLO/07-20-2016-DDSM-10994/1.000000-full mammogram images-31289/1-1.dcm,./data/CBIS-DDSM/Mass-Training_P_00096_RIGHT_MLO_1/07-21-2016-DDSM-84055/1.000000-ROI mask images-62329/1-2.dcm,MG,1,benign,P_00096,right,3,mlo,P_00096_RIGHT_MLO_mass_1,OBSCURED,OVAL,
1059,2,mass,digitized,2,"[0, 447, 619, 1599]",1,,,./data/CBIS-DDSM/Mass-Training_P_00106_LEFT_CC/07-20-2016-DDSM-82324/1.000000-full mammogram images-64027/1-1.dcm,./data/CBIS-DDSM/Mass-Training_P_00106_LEFT_CC_2/07-21-2016-DDSM-32259/1.000000-ROI mask images-66070/1-2.dcm,MG,3,benign,P_00106,left,4,cc,P_00106_LEFT_CC_mass_2,CIRCUMSCRIBED,LYMPH_NODE,
2321,3,mass,digitized,2,"[457, 1180, 1609, 2332]",1,,,./data/CBIS-DDSM/Mass-Training_P_00106_LEFT_CC/07-20-2016-DDSM-82324/1.000000-full mammogram images-64027/1-1.dcm,./data/CBIS-DDSM/Mass-Training_P_00106_LEFT_CC_3/07-21-2016-DDSM-56348/1.000000-ROI mask images-78021/1-2.dcm,MG,3,benign,P_00106,left,4,cc,P_00106_LEFT_CC_mass_3,CIRCUMSCRIBED,LYMPH_NODE,
2607,1,mass,digitized,2,"[0, 569, 688, 1720]",1,,,./data/CBIS-DDSM/Mass-Training_P_00106_LEFT_CC/07-20-2016-DDSM-82324/1.000000-full mammogram images-64027/1-1.dcm,./data/CBIS-DDSM/Mass-Training_P_00106_LEFT_CC_1/07-21-2016-DDSM-43806/1.000000-ROI mask images-03269/1-2.dcm,MG,3,benign,P_00106,left,4,cc,P_00106_LEFT_CC_mass_1,CIRCUMSCRIBED,LYMPH_NODE,
141,4,mass,digitized,2,"[1325, 1492, 2476, 2643]",1,,,./data/CBIS-DDSM/Mass-Training_P_00106_LEFT_MLO/07-20-2016-DDSM-00571/1.000000-full mammogram images-61847/1-1.dcm,./data/CBIS-DDSM/Mass-Training_P_00106_LEFT_MLO_4/07-21-2016-DDSM-84845/1.000000-ROI mask images-88336/1-2.dcm,MG,5,benign,P_00106,left,4,mlo,P_00106_LEFT_MLO_mass_4,CIRCUMSCRIBED,LYMPH_NODE,
462,5,mass,digitized,2,"[0, 2428, 1131, 3579]",1,,,./data/CBIS-DDSM/Mass-Training_P_00106_LEFT_MLO/07-20-2016-DDSM-00571/1.000000-full mammogram images-61847/1-1.dcm,./data/CBIS-DDSM/Mass-Training_P_00106_LEFT_MLO_5/07-21-2016-DDSM-38727/1.000000-ROI mask images-99999/1-2.dcm,MG,5,benign,P_00106,left,4,mlo,P_00106_LEFT_MLO_mass_5,CIRCUMSCRIBED,LYMPH_NODE,
679,1,mass,digitized,2,"[236, 775, 1388, 1927]",1,,,./data/CBIS-DDSM/Mass-Training_P_00106_LEFT_MLO/07-20-2016-DDSM-00571/1.000000-full mammogram images-61847/1-1.dcm,./data/CBIS-DDSM/Mass-Training_P_00106_LEFT_MLO_1/07-21-2016-DDSM-54521/1.000000-ROI mask images-38576/1-2.dcm,MG,5,benign,P_00106,left,4,mlo,P_00106_LEFT_MLO_mass_1,CIRCUMSCRIBED,LYMPH_NODE,
1833,2,mass,digitized,2,"[40, 1262, 1192, 2413]",1,,,./data/CBIS-DDSM/Mass-Training_P_00106_LEFT_MLO/07-20-2016-DDSM-00571/1.000000-full mammogram images-61847/1-1.dcm,./data/CBIS-DDSM/Mass-Training_P_00106_LEFT_MLO_2/07-21-2016-DDSM-64467/1.000000-ROI mask images-19034/1-2.dcm,MG,5,benign,P_00106,left,4,mlo,P_00106_LEFT_MLO_mass_2,CIRCUMSCRIBED,LYMPH_NODE,
2169,3,mass,digitized,2,"[425, 1089, 1576, 2240]",1,,,./data/CBIS-DDSM/Mass-Training_P_00106_LEFT_MLO/07-20-2016-DDSM-00571/1.000000-full mammogram images-61847/1-1.dcm,./data/CBIS-DDSM/Mass-Training_P_00106_LEFT_MLO_3/07-21-2016-DDSM-47893/1.000000-ROI mask images-13578/1-2.dcm,MG,5,benign,P_00106,left,4,mlo,P_00106_LEFT_MLO_mass_3,CIRCUMSCRIBED,LYMPH_NODE,
121,4,mass,digitized,2,"[3091, 399, 3928, 1550]",1,,,./data/CBIS-DDSM/Mass-Training_P_00106_RIGHT_CC/07-20-2016-DDSM-41536/1.000000-full mammogram images-92446/1-1.dcm,./data/CBIS-DDSM/Mass-Training_P_00106_RIGHT_CC_4/07-21-2016-DDSM-93647/1.000000-ROI mask images-55679/1-2.dcm,MG,3,benign,P_00106,right,4,cc,P_00106_RIGHT_CC_mass_4,CIRCUMSCRIBED,LYMPH_NODE,
497,2,mass,digitized,2,"[2233, 1257, 3384, 2409]",1,,,./data/CBIS-DDSM/Mass-Training_P_00106_RIGHT_CC/07-20-2016-DDSM-41536/1.000000-full mammogram images-92446/1-1.dcm,./data/CBIS-DDSM/Mass-Training_P_00106_RIGHT_CC_2/07-21-2016-DDSM-39866/1.000000-ROI mask images-71518/1-2.dcm,MG,3,benign,P_00106,right,4,cc,P_00106_RIGHT_CC_mass_2,CIRCUMSCRIBED,LYMPH_NODE,
3521,3,mass,digitized,2,"[2736, 694, 3888, 1845]",1,,,./data/CBIS-DDSM/Mass-Training_P_00106_RIGHT_CC/07-20-2016-DDSM-41536/1.000000-full mammogram images-92446/1-1.dcm,./data/CBIS-DDSM/Mass-Training_P_00106_RIGHT_CC_3/07-21-2016-DDSM-34202/1.000000-ROI mask images-54807/1-2.dcm,MG,3,benign,P_00106,right,4,cc,P_00106_RIGHT_CC_mass_3,CIRCUMSCRIBED,LYMPH_NODE,
1407,3,mass,digitized,2,"[1552, 1598, 2704, 2749]",1,,,./data/CBIS-DDSM/Mass-Training_P_00106_RIGHT_MLO/07-20-2016-DDSM-18005/1.000000-full mammogram images-87533/1-1.dcm,./data/CBIS-DDSM/Mass-Training_P_00106_RIGHT_MLO_3/07-21-2016-DDSM-88268/1.000000-ROI mask images-39339/1-2.dcm,MG,3,benign,P_00106,right,4,mlo,P_00106_RIGHT_MLO_mass_3,CIRCUMSCRIBED,LYMPH_NODE,
1926,1,mass,digitized,2,"[2601, 1227, 3752, 2378]",1,,,./data/CBIS-DDSM/Mass-Training_P_00106_RIGHT_MLO/07-20-2016-DDSM-18005/1.000000-full mammogram images-87533/1-1.dcm,./data/CBIS-DDSM/Mass-Training_P_00106_RIGHT_MLO_1/07-21-2016-DDSM-86724/1.000000-ROI mask images-03829/1-2.dcm,MG,3,benign,P_00106,right,4,mlo,P_00106_RIGHT_MLO_mass_1,CIRCUMSCRIBED,LYMPH_NODE,
3128,2,mass,digitized,2,"[2312, 1720, 3463, 2872]",1,,,./data/CBIS-DDSM/Mass-Training_P_00106_RIGHT_MLO/07-20-2016-DDSM-18005/1.000000-full mammogram images-87533/1-1.dcm,./data/CBIS-DDSM/Mass-Training_P_00106_RIGHT_MLO_2/07-21-2016-DDSM-95868/1.000000-ROI mask images-11668/1-2.dcm,MG,3,benign,P_00106,right,4,mlo,P_00106_RIGHT_MLO_mass_2,CIRCUMSCRIBED,LYMPH_NODE,
3464,1,mass,digitized,4,"[0, 369, 853, 1520]",3,,,./data/CBIS-DDSM/Mass-Test_P_00114_LEFT_MLO/10-04-2016-DDSM-57563/1.000000-full mammogram images-97726/1-1.dcm,./data/CBIS-DDSM/Mass-Test_P_00114_LEFT_MLO_1/10-04-2016-DDSM-07232/1.000000-ROI mask images-43119/1-2.dcm,MG,1,benign,P_00114,left,5,mlo,P_00114_LEFT_MLO_mass_1,ILL_DEFINED,OVAL,
473,2,mass,digitized,5,"[1819, 1134, 2728, 2286]",2,,,./data/CBIS-DDSM/Mass-Test_P_00116_RIGHT_CC/10-04-2016-DDSM-73393/1.000000-full mammogram images-82494/1-1.dcm,./data/CBIS-DDSM/Mass-Test_P_00116_RIGHT_CC_2/10-04-2016-DDSM-70426/1.000000-ROI mask images-16394/1-2.dcm,MG,2,malignant,P_00116,right,5,cc,P_00116_RIGHT_CC_mass_2,SPICULATED,IRREGULAR-ARCHITECTURAL_DISTORTION,
3330,1,mass,digitized,5,"[1060, 1267, 2211, 2419]",2,,,./data/CBIS-DDSM/Mass-Test_P_00116_RIGHT_CC/10-04-2016-DDSM-73393/1.000000-full mammogram images-82494/1-1.dcm,./data/CBIS-DDSM/Mass-Test_P_00116_RIGHT_CC_1/10-04-2016-DDSM-28736/1.000000-ROI mask images-28685/1-2.dcm,MG,2,malignant,P_00116,right,5,cc,P_00116_RIGHT_CC_mass_1,SPICULATED,IRREGULAR-ARCHITECTURAL_DISTORTION,
645,1,mass,digitized,5,"[742, 1248, 1893, 2400]",2,,,./data/CBIS-DDSM/Mass-Test_P_00116_RIGHT_MLO/10-04-2016-DDSM-99311/1.000000-full mammogram images-87253/1-1.dcm,./data/CBIS-DDSM/Mass-Test_P_00116_RIGHT_MLO_1/10-04-2016-DDSM-75139/1.000000-ROI mask images-21596/1-2.dcm,MG,2,malignant,P_00116,right,5,mlo,P_00116_RIGHT_MLO_mass_1,SPICULATED,IRREGULAR-ARCHITECTURAL_DISTORTION,
3003,2,mass,digitized,5,"[1389, 816, 2541, 1967]",2,,,./data/CBIS-DDSM/Mass-Test_P_00116_RIGHT_MLO/10-04-2016-DDSM-99311/1.000000-full mammogram images-87253/1-1.dcm,./data/CBIS-DDSM/Mass-Test_P_00116_RIGHT_MLO_2/10-04-2016-DDSM-20113/1.000000-ROI mask images-93761/1-2.dcm,MG,2,malignant,P_00116,right,5,mlo,P_00116_RIGHT_MLO_mass_2,SPICULATED,IRREGULAR-ARCHITECTURAL_DISTORTION,
1599,1,mass,digitized,3,"[2014, 1230, 2888, 2381]",2,,,./data/CBIS-DDSM/Mass-Test_P_00158_RIGHT_MLO/10-04-2016-DDSM-12742/1.000000-full mammogram images-20047/1-1.dcm,./data/CBIS-DDSM/Mass-Test_P_00158_RIGHT_MLO_1/10-04-2016-DDSM-89545/1.000000-ROI mask images-62534/1-2.dcm,MG,1,benign,P_00158,right,5,mlo,P_00158_RIGHT_MLO_mass_1,CIRCUMSCRIBED,OVAL,
1170,1,mass,digitized,4,"[2128, 1928, 2872, 3080]",4,,,./data/CBIS-DDSM/Mass-Training_P_00169_RIGHT_MLO/07-20-2016-DDSM-76685/1.000000-full mammogram images-71838/1-1.dcm,./data/CBIS-DDSM/Mass-Training_P_00169_RIGHT_MLO_1/07-21-2016-DDSM-75457/1.000000-ROI mask images-57822/1-1.dcm,MG,1,benign,P_00169,right,5,mlo,P_00169_RIGHT_MLO_mass_1,SPICULATED,IRREGULAR,
2050,1,mass,digitized,5,"[868, 2327, 2020, 3478]",4,,,./data/CBIS-DDSM/Mass-Training_P_00172_LEFT_CC/07-20-2016-DDSM-19856/1.000000-full mammogram images-70234/1-1.dcm,./data/CBIS-DDSM/Mass-Training_P_00172_LEFT_CC_1/07-21-2016-DDSM-55827/1.000000-ROI mask images-59424/1-2.dcm,MG,1,malignant,P_00172,left,5,cc,P_00172_LEFT_CC_mass_1,SPICULATED,IRREGULAR,
624,1,mass,digitized,5,"[921, 3022, 2073, 4174]",4,,,./data/CBIS-DDSM/Mass-Training_P_00172_LEFT_MLO/07-20-2016-DDSM-84870/1.000000-full mammogram images-03242/1-1.dcm,./data/CBIS-DDSM/Mass-Training_P_00172_LEFT_MLO_1/07-21-2016-DDSM-98123/1.000000-ROI mask images-14894/1-2.dcm,MG,1,malignant,P_00172,left,5,mlo,P_00172_LEFT_MLO_mass_1,SPICULATED,IRREGULAR,
1616,1,mass,digitized,4,"[915, 2578, 2067, 3729]",3,,,./data/CBIS-DDSM/Mass-Test_P_00194_RIGHT_CC/10-04-2016-DDSM-52705/1.000000-full mammogram images-16033/1-1.dcm,./data/CBIS-DDSM/Mass-Test_P_00194_RIGHT_CC_1/10-04-2016-DDSM-14034/1.000000-ROI mask images-58721/1-2.dcm,MG,1,malignant,P_00194,right,5,cc,P_00194_RIGHT_CC_mass_1,MICROLOBULATED,LOBULATED,
2659,1,mass,digitized,4,"[685, 2925, 1837, 4077]",3,,,./data/CBIS-DDSM/Mass-Test_P_00194_RIGHT_MLO/10-04-2016-DDSM-64001/1.000000-full mammogram images-92939/1-1.dcm,./data/CBIS-DDSM/Mass-Test_P_00194_RIGHT_MLO_1/10-04-2016-DDSM-99415/1.000000-ROI mask images-78260/1-2.dcm,MG,1,malignant,P_00194,right,5,mlo,P_00194_RIGHT_MLO_mass_1,MICROLOBULATED,LOBULATED,
308,1,mass,digitized,5,"[1408, 2890, 2560, 4042]",1,,,./data/CBIS-DDSM/Mass-Training_P_00199_LEFT_CC/07-20-2016-DDSM-53329/1.000000-full mammogram images-14695/1-1.dcm,./data/CBIS-DDSM/Mass-Training_P_00199_LEFT_CC_1/07-21-2016-DDSM-54445/1.000000-ROI mask images-95455/1-2.dcm,MG,1,malignant,P_00199,left,5,cc,P_00199_LEFT_CC_mass_1,CIRCUMSCRIBED,LOBULATED,
1444,1,mass,digitized,5,"[1307, 4106, 2459, 5258]",1,,,./data/CBIS-DDSM/Mass-Training_P_00199_LEFT_MLO/07-20-2016-DDSM-75061/1.000000-full mammogram images-23528/1-1.dcm,./data/CBIS-DDSM/Mass-Training_P_00199_LEFT_MLO_1/07-21-2016-DDSM-31646/1.000000-ROI mask images-04781/1-2.dcm,MG,1,malignant,P_00199,left,5,mlo,P_00199_LEFT_MLO_mass_1,CIRCUMSCRIBED,LOBULATED,
1543,1,mass,digitized,4,"[2219, 3324, 3370, 4475]",2,,,./data/CBIS-DDSM/Mass-Training_P_00205_RIGHT_CC/07-20-2016-DDSM-06911/1.000000-full mammogram images-79622/1-1.dcm,./data/CBIS-DDSM/Mass-Training_P_00205_RIGHT_CC_1/07-21-2016-DDSM-55875/1.000000-ROI mask images-03992/1-2.dcm,MG,1,benign,P_00205,right,5,cc,P_00205_RIGHT_CC_mass_1,CIRCUMSCRIBED,OVAL,
1774,1,mass,digitized,4,"[2306, 4085, 3457, 5236]",2,,,./data/CBIS-DDSM/Mass-Training_P_00205_RIGHT_MLO/07-20-2016-DDSM-76953/1.000000-full mammogram images-20084/1-1.dcm,./data/CBIS-DDSM/Mass-Training_P_00205_RIGHT_MLO_1/07-21-2016-DDSM-17191/1.000000-ROI mask images-49406/1-2.dcm,MG,1,benign,P_00205,right,5,mlo,P_00205_RIGHT_MLO_mass_1,CIRCUMSCRIBED,OVAL,
2531,1,mass,digitized,5,"[1811, 1126, 2568, 2278]",2,,,./data/CBIS-DDSM/Mass-Training_P_00236_RIGHT_MLO/07-20-2016-DDSM-53065/1.000000-full mammogram images-84932/1-1.dcm,./data/CBIS-DDSM/Mass-Training_P_00236_RIGHT_MLO_1/07-21-2016-DDSM-34053/1.000000-ROI mask images-40466/1-1.dcm,MG,1,malignant,P_00236,right,4,mlo,P_00236_RIGHT_MLO_mass_1,ILL_DEFINED,OVAL,
1940,1,mass,digitized,4,"[1816, 1940, 2864, 3091]",3,,,./data/CBIS-DDSM/Mass-Training_P_00247_RIGHT_CC/07-20-2016-DDSM-86652/1.000000-full mammogram images-18756/1-1.dcm,./data/CBIS-DDSM/Mass-Training_P_00247_RIGHT_CC_1/07-21-2016-DDSM-34298/1.000000-ROI mask images-24101/1-1.dcm,MG,1,benign,P_00247,right,4,cc,P_00247_RIGHT_CC_mass_1,OBSCURED,LOBULATED,
1859,1,mass,digitized,4,"[1508, 1814, 2659, 2965]",3,,,./data/CBIS-DDSM/Mass-Training_P_00247_RIGHT_MLO/07-20-2016-DDSM-17042/1.000000-full mammogram images-20054/1-1.dcm,./data/CBIS-DDSM/Mass-Training_P_00247_RIGHT_MLO_1/07-21-2016-DDSM-78659/1.000000-ROI mask images-84239/1-1.dcm,MG,1,benign,P_00247,right,3,mlo,P_00247_RIGHT_MLO_mass_1,OBSCURED,LOBULATED,
607,1,mass,digitized,5,"[1610, 1920, 2624, 3071]",1,,,./data/CBIS-DDSM/Mass-Training_P_00259_RIGHT_CC/07-20-2016-DDSM-87824/1.000000-full mammogram images-71971/1-1.dcm,./data/CBIS-DDSM/Mass-Training_P_00259_RIGHT_CC_1/07-21-2016-DDSM-50562/1.000000-ROI mask images-46148/1-1.dcm,MG,1,malignant,P_00259,right,4,cc,P_00259_RIGHT_CC_mass_1,ILL_DEFINED,IRREGULAR,
1173,1,mass,digitized,5,"[1798, 2931, 2800, 4082]",1,,,./data/CBIS-DDSM/Mass-Training_P_00259_RIGHT_MLO/07-20-2016-DDSM-72110/1.000000-full mammogram images-29893/1-1.dcm,./data/CBIS-DDSM/Mass-Training_P_00259_RIGHT_MLO_1/07-21-2016-DDSM-73656/1.000000-ROI mask images-85453/1-1.dcm,MG,1,malignant,P_00259,right,4,mlo,P_00259_RIGHT_MLO_mass_1,MICROLOBULATED,IRREGULAR,
1797,1,mass,digitized,4,"[1969, 3503, 3121, 4654]",3,,,./data/CBIS-DDSM/Mass-Training_P_00281_LEFT_MLO/07-20-2016-DDSM-96857/1.000000-full mammogram images-47108/1-1.dcm,./data/CBIS-DDSM/Mass-Training_P_00281_LEFT_MLO_1/07-21-2016-DDSM-79172/1.000000-ROI mask images-60114/1-1.dcm,MG,1,benign,P_00281,left,2,mlo,P_00281_LEFT_MLO_mass_1,ILL_DEFINED,ARCHITECTURAL_DISTORTION,
1696,1,mass,digitized,3,"[0, 2514, 1103, 3665]",2,,,./data/CBIS-DDSM/Mass-Training_P_00303_LEFT_CC/07-20-2016-DDSM-45974/1.000000-full mammogram images-47862/1-1.dcm,./data/CBIS-DDSM/Mass-Training_P_00303_LEFT_CC_1/07-21-2016-DDSM-82104/1.000000-ROI mask images-23907/1-1.dcm,MG,1,benign,P_00303,left,5,cc,P_00303_LEFT_CC_mass_1,CIRCUMSCRIBED,LOBULATED,
3527,1,mass,digitized,3,"[0, 2380, 962, 3532]",2,,,./data/CBIS-DDSM/Mass-Training_P_00303_LEFT_MLO/07-20-2016-DDSM-17876/1.000000-full mammogram images-52608/1-1.dcm,./data/CBIS-DDSM/Mass-Training_P_00303_LEFT_MLO_1/07-21-2016-DDSM-94154/1.000000-ROI mask images-17912/1-1.dcm,MG,1,benign,P_00303,left,5,mlo,P_00303_LEFT_MLO_mass_1,CIRCUMSCRIBED,OVAL,
2631,1,mass,digitized,3,"[2224, 1822, 2944, 2974]",2,,,./data/CBIS-DDSM/Mass-Training_P_00303_RIGHT_CC/07-20-2016-DDSM-69056/1.000000-full mammogram images-97976/1-1.dcm,./data/CBIS-DDSM/Mass-Training_P_00303_RIGHT_CC_1/07-21-2016-DDSM-32624/1.000000-ROI mask images-99374/1-1.dcm,MG,1,benign,P_00303,right,5,cc,P_00303_RIGHT_CC_mass_1,CIRCUMSCRIBED,OVAL,
2834,1,mass,digitized,3,"[1820, 2049, 2848, 3201]",2,,,./data/CBIS-DDSM/Mass-Training_P_00303_RIGHT_MLO/07-20-2016-DDSM-94069/1.000000-full mammogram images-40030/1-1.dcm,./data/CBIS-DDSM/Mass-Training_P_00303_RIGHT_MLO_1/07-21-2016-DDSM-23423/1.000000-ROI mask images-15246/1-1.dcm,MG,1,benign,P_00303,right,3,mlo,P_00303_RIGHT_MLO_mass_1,CIRCUMSCRIBED,ROUND,
166,1,mass,digitized,3,"[0, 792, 868, 1944]",2,,,./data/CBIS-DDSM/Mass-Training_P_00309_LEFT_CC/07-20-2016-DDSM-66889/1.000000-full mammogram images-31307/1-1.dcm,./data/CBIS-DDSM/Mass-Training_P_00309_LEFT_CC_1/07-21-2016-DDSM-01219/1.000000-ROI mask images-86090/1-1.dcm,MG,2,benign,P_00309,left,5,cc,P_00309_LEFT_CC_mass_1,CIRCUMSCRIBED,OVAL,
1978,2,mass,digitized,3,"[0, 1468, 758, 2619]",2,,,./data/CBIS-DDSM/Mass-Training_P_00309_LEFT_CC/07-20-2016-DDSM-66889/1.000000-full mammogram images-31307/1-1.dcm,./data/CBIS-DDSM/Mass-Training_P_00309_LEFT_CC_2/07-21-2016-DDSM-11981/1.000000-ROI mask images-02132/1-2.dcm,MG,2,benign,P_00309,left,5,cc,P_00309_LEFT_CC_mass_2,CIRCUMSCRIBED,OVAL,
944,1,mass,digitized,3,"[0, 2060, 984, 3211]",2,,,./data/CBIS-DDSM/Mass-Training_P_00309_LEFT_MLO/07-20-2016-DDSM-09438/1.000000-full mammogram images-61429/1-1.dcm,./data/CBIS-DDSM/Mass-Training_P_00309_LEFT_MLO_1/07-21-2016-DDSM-52800/1.000000-ROI mask images-59758/1-1.dcm,MG,2,benign,P_00309,left,5,mlo,P_00309_LEFT_MLO_mass_1,CIRCUMSCRIBED,OVAL,
1447,2,mass,digitized,3,"[0, 1884, 817, 3035]",2,,,./data/CBIS-DDSM/Mass-Training_P_00309_LEFT_MLO/07-20-2016-DDSM-09438/1.000000-full mammogram images-61429/1-1.dcm,./data/CBIS-DDSM/Mass-Training_P_00309_LEFT_MLO_2/07-21-2016-DDSM-69329/1.000000-ROI mask images-52133/1-1.dcm,MG,2,benign,P_00309,left,5,mlo,P_00309_LEFT_MLO_mass_2,CIRCUMSCRIBED,OVAL,
1864,1,mass,digitized,5,"[1137, 2055, 2289, 3206]",1,,,./data/CBIS-DDSM/Mass-Training_P_00314_RIGHT_CC/07-20-2016-DDSM-51893/1.000000-full mammogram images-74114/1-1.dcm,./data/CBIS-DDSM/Mass-Training_P_00314_RIGHT_CC_1/07-21-2016-DDSM-67207/1.000000-ROI mask images-88171/1-1.dcm,MG,1,malignant,P_00314,right,5,cc,P_00314_RIGHT_CC_mass_1,MICROLOBULATED,LOBULATED,
2788,1,mass,digitized,5,"[762, 1954, 1913, 3105]",1,,,./data/CBIS-DDSM/Mass-Training_P_00314_RIGHT_MLO/07-20-2016-DDSM-76001/1.000000-full mammogram images-37826/1-1.dcm,./data/CBIS-DDSM/Mass-Training_P_00314_RIGHT_MLO_1/07-21-2016-DDSM-97298/1.000000-ROI mask images-54285/1-1.dcm,MG,1,malignant,P_00314,right,5,mlo,P_00314_RIGHT_MLO_mass_1,MICROLOBULATED,LOBULATED,
1169,1,mass,digitized,3,"[1586, 2434, 2704, 3585]",3,,,./data/CBIS-DDSM/Mass-Test_P_00324_RIGHT_CC/10-04-2016-DDSM-96658/1.000000-full mammogram images-08439/1-1.dcm,./data/CBIS-DDSM/Mass-Test_P_00324_RIGHT_CC_1/10-04-2016-DDSM-39119/1.000000-ROI mask images-63741/1-2.dcm,MG,1,malignant,P_00324,right,2,cc,P_00324_RIGHT_CC_mass_1,ILL_DEFINED-SPICULATED,IRREGULAR,
427,1,mass,digitized,4,"[1426, 2029, 2578, 3180]",3,,,./data/CBIS-DDSM/Mass-Test_P_00324_RIGHT_MLO/10-04-2016-DDSM-44098/1.000000-full mammogram images-38263/1-1.dcm,./data/CBIS-DDSM/Mass-Test_P_00324_RIGHT_MLO_1/10-04-2016-DDSM-78560/1.000000-ROI mask images-23703/1-2.dcm,MG,1,malignant,P_00324,right,3,mlo,P_00324_RIGHT_MLO_mass_1,SPICULATED,IRREGULAR-ARCHITECTURAL_DISTORTION,
1980,1,mass,digitized,4,"[0, 706, 1120, 1858]",1,,,./data/CBIS-DDSM/Mass-Training_P_00332_LEFT_CC/07-20-2016-DDSM-89045/1.000000-full mammogram images-72675/1-1.dcm,./data/CBIS-DDSM/Mass-Training_P_00332_LEFT_CC_1/07-21-2016-DDSM-85998/1.000000-ROI mask images-69440/1-2.dcm,MG,1,benign,P_00332,left,5,cc,P_00332_LEFT_CC_mass_1,CIRCUMSCRIBED,LOBULATED,
650,1,mass,digitized,4,"[0, 1605, 1148, 2756]",1,,,./data/CBIS-DDSM/Mass-Training_P_00332_LEFT_MLO/07-20-2016-DDSM-68425/1.000000-full mammogram images-83976/1-1.dcm,./data/CBIS-DDSM/Mass-Training_P_00332_LEFT_MLO_1/07-21-2016-DDSM-50513/1.000000-ROI mask images-71955/1-1.dcm,MG,1,benign,P_00332,left,5,mlo,P_00332_LEFT_MLO_mass_1,CIRCUMSCRIBED,LOBULATED,
173,1,mass,digitized,4,"[1396, 1023, 2548, 2174]",1,,,./data/CBIS-DDSM/Mass-Training_P_00332_RIGHT_CC/07-20-2016-DDSM-01889/1.000000-full mammogram images-48072/1-1.dcm,./data/CBIS-DDSM/Mass-Training_P_00332_RIGHT_CC_1/07-21-2016-DDSM-84865/1.000000-ROI mask images-99746/1-2.dcm,MG,1,benign,P_00332,right,5,cc,P_00332_RIGHT_CC_mass_1,CIRCUMSCRIBED,LOBULATED,
2269,1,mass,digitized,4,"[792, 1810, 1944, 2961]",1,,,./data/CBIS-DDSM/Mass-Training_P_00332_RIGHT_MLO/07-20-2016-DDSM-08354/1.000000-full mammogram images-65874/1-1.dcm,./data/CBIS-DDSM/Mass-Training_P_00332_RIGHT_MLO_1/07-21-2016-DDSM-98208/1.000000-ROI mask images-34596/1-1.dcm,MG,1,benign,P_00332,right,5,mlo,P_00332_RIGHT_MLO_mass_1,CIRCUMSCRIBED,LOBULATED,
3372,1,mass,digitized,3,"[1892, 4484, 3043, 5636]",3,,,./data/CBIS-DDSM/Mass-Test_P_00359_LEFT_MLO/10-04-2016-DDSM-04273/1.000000-full mammogram images-21816/1-1.dcm,./data/CBIS-DDSM/Mass-Test_P_00359_LEFT_MLO_1/10-04-2016-DDSM-15771/1.000000-ROI mask images-48339/1-2.dcm,MG,1,benign,P_00359,left,2,mlo,P_00359_LEFT_MLO_mass_1,OBSCURED,OVAL,
1681,1,mass,digitized,3,"[1282, 3178, 2433, 4329]",2,,,./data/CBIS-DDSM/Mass-Training_P_00401_LEFT_CC/07-20-2016-DDSM-76936/1.000000-full mammogram images-06763/1-1.dcm,./data/CBIS-DDSM/Mass-Training_P_00401_LEFT_CC_1/07-21-2016-DDSM-32325/1.000000-ROI mask images-93016/1-2.dcm,MG,1,benign,P_00401,left,4,cc,P_00401_LEFT_CC_mass_1,CIRCUMSCRIBED,OVAL,
974,1,mass,digitized,3,"[1093, 3588, 2244, 4740]",2,,,./data/CBIS-DDSM/Mass-Training_P_00401_LEFT_MLO/07-20-2016-DDSM-06300/1.000000-full mammogram images-19022/1-1.dcm,./data/CBIS-DDSM/Mass-Training_P_00401_LEFT_MLO_1/07-21-2016-DDSM-89328/1.000000-ROI mask images-79317/1-1.dcm,MG,1,benign,P_00401,left,4,mlo,P_00401_LEFT_MLO_mass_1,CIRCUMSCRIBED,OVAL,
2182,1,mass,digitized,5,"[2357, 4136, 3508, 5288]",3,,,./data/CBIS-DDSM/Mass-Training_P_00414_LEFT_CC/07-20-2016-DDSM-75155/1.000000-full mammogram images-13292/1-1.dcm,./data/CBIS-DDSM/Mass-Training_P_00414_LEFT_CC_1/07-21-2016-DDSM-44038/1.000000-ROI mask images-15435/1-2.dcm,MG,1,malignant,P_00414,left,5,cc,P_00414_LEFT_CC_mass_1,SPICULATED,IRREGULAR,
2765,1,mass,digitized,5,"[2552, 3733, 3704, 4884]",3,,,./data/CBIS-DDSM/Mass-Training_P_00414_LEFT_MLO/07-20-2016-DDSM-89998/1.000000-full mammogram images-42871/1-1.dcm,./data/CBIS-DDSM/Mass-Training_P_00414_LEFT_MLO_1/07-21-2016-DDSM-81459/1.000000-ROI mask images-25274/1-2.dcm,MG,1,malignant,P_00414,left,5,mlo,P_00414_LEFT_MLO_mass_1,SPICULATED,IRREGULAR,
2056,1,mass,digitized,4,"[1735, 3828, 2886, 4979]",2,,,./data/CBIS-DDSM/Mass-Training_P_00415_RIGHT_CC/07-20-2016-DDSM-18854/1.000000-full mammogram images-25448/1-1.dcm,./data/CBIS-DDSM/Mass-Training_P_00415_RIGHT_CC_1/07-21-2016-DDSM-65076/1.000000-ROI mask images-45199/1-2.dcm,MG,1,malignant,P_00415,right,5,cc,P_00415_RIGHT_CC_mass_1,CIRCUMSCRIBED,LOBULATED,
2392,1,mass,digitized,4,"[1475, 3487, 2626, 4639]",2,,,./data/CBIS-DDSM/Mass-Training_P_00415_RIGHT_MLO/07-20-2016-DDSM-55556/1.000000-full mammogram images-38902/1-1.dcm,./data/CBIS-DDSM/Mass-Training_P_00415_RIGHT_MLO_1/07-21-2016-DDSM-50719/1.000000-ROI mask images-95728/1-2.dcm,MG,1,malignant,P_00415,right,5,mlo,P_00415_RIGHT_MLO_mass_1,CIRCUMSCRIBED,LOBULATED,
1120,1,mass,digitized,4,"[1829, 1092, 2680, 2244]",3,,,./data/CBIS-DDSM/Mass-Training_P_00417_RIGHT_CC/07-20-2016-DDSM-50475/1.000000-full mammogram images-10477/1-1.dcm,./data/CBIS-DDSM/Mass-Training_P_00417_RIGHT_CC_1/07-21-2016-DDSM-56512/1.000000-ROI mask images-32703/1-2.dcm,MG,1,benign,P_00417,right,4,cc,P_00417_RIGHT_CC_mass_1,MICROLOBULATED,OVAL,
1809,1,mass,digitized,4,"[1712, 1534, 2752, 2686]",3,,,./data/CBIS-DDSM/Mass-Training_P_00417_RIGHT_MLO/07-20-2016-DDSM-11168/1.000000-full mammogram images-57913/1-1.dcm,./data/CBIS-DDSM/Mass-Training_P_00417_RIGHT_MLO_1/07-21-2016-DDSM-27120/1.000000-ROI mask images-98626/1-1.dcm,MG,1,benign,P_00417,right,4,mlo,P_00417_RIGHT_MLO_mass_1,MICROLOBULATED,LOBULATED,
1439,1,mass,digitized,3,"[528, 1501, 1679, 2652]",1,,,./data/CBIS-DDSM/Mass-Training_P_00421_LEFT_CC/07-20-2016-DDSM-30153/1.000000-full mammogram images-58874/1-1.dcm,./data/CBIS-DDSM/Mass-Training_P_00421_LEFT_CC_1/07-21-2016-DDSM-82920/1.000000-ROI mask images-93875/1-1.dcm,MG,1,benign,P_00421,left,4,cc,P_00421_LEFT_CC_mass_1,CIRCUMSCRIBED,LOBULATED,
1672,1,mass,digitized,3,"[232, 2566, 1384, 3717]",1,,,./data/CBIS-DDSM/Mass-Training_P_00421_LEFT_MLO/07-20-2016-DDSM-26126/1.000000-full mammogram images-11853/1-1.dcm,./data/CBIS-DDSM/Mass-Training_P_00421_LEFT_MLO_1/07-21-2016-DDSM-57015/1.000000-ROI mask images-24997/1-1.dcm,MG,1,benign,P_00421,left,5,mlo,P_00421_LEFT_MLO_mass_1,CIRCUMSCRIBED,LOBULATED,
3023,1,mass,digitized,3,"[364, 2638, 1515, 3790]",2,,,./data/CBIS-DDSM/Mass-Training_P_00451_LEFT_CC/07-20-2016-DDSM-65628/1.000000-full mammogram images-08428/1-1.dcm,./data/CBIS-DDSM/Mass-Training_P_00451_LEFT_CC_1/07-21-2016-DDSM-23458/1.000000-ROI mask images-19536/1-2.dcm,MG,1,benign,P_00451,left,5,cc,P_00451_LEFT_CC_mass_1,CIRCUMSCRIBED,LOBULATED,
341,1,mass,digitized,3,"[976, 2365, 2127, 3517]",2,,,./data/CBIS-DDSM/Mass-Training_P_00451_LEFT_MLO/07-20-2016-DDSM-22545/1.000000-full mammogram images-57306/1-1.dcm,./data/CBIS-DDSM/Mass-Training_P_00451_LEFT_MLO_1/07-21-2016-DDSM-61408/1.000000-ROI mask images-65236/1-2.dcm,MG,1,benign,P_00451,left,5,mlo,P_00451_LEFT_MLO_mass_1,CIRCUMSCRIBED,LOBULATED,
1866,1,mass,digitized,4,"[776, 2864, 1927, 4016]",2,,,./data/CBIS-DDSM/Mass-Training_P_00462_LEFT_CC/07-20-2016-DDSM-13455/1.000000-full mammogram images-14204/1-1.dcm,./data/CBIS-DDSM/Mass-Training_P_00462_LEFT_CC_1/07-21-2016-DDSM-53357/1.000000-ROI mask images-96022/1-1.dcm,MG,1,benign,P_00462,left,5,cc,P_00462_LEFT_CC_mass_1,CIRCUMSCRIBED,OVAL,
3444,1,mass,digitized,4,"[937, 2927, 2089, 4078]",2,,,./data/CBIS-DDSM/Mass-Training_P_00462_LEFT_MLO/07-20-2016-DDSM-62649/1.000000-full mammogram images-30677/1-1.dcm,./data/CBIS-DDSM/Mass-Training_P_00462_LEFT_MLO_1/07-21-2016-DDSM-91459/1.000000-ROI mask images-25772/1-1.dcm,MG,1,benign,P_00462,left,5,mlo,P_00462_LEFT_MLO_mass_1,OBSCURED,ROUND,
3267,1,mass,digitized,3,"[218, 910, 1370, 2062]",3,,,./data/CBIS-DDSM/Mass-Training_P_00475_LEFT_MLO/07-20-2016-DDSM-88591/1.000000-full mammogram images-88276/1-1.dcm,./data/CBIS-DDSM/Mass-Training_P_00475_LEFT_MLO_1/07-21-2016-DDSM-70949/1.000000-ROI mask images-28172/1-1.dcm,MG,1,benign,P_00475,left,3,mlo,P_00475_LEFT_MLO_mass_1,ILL_DEFINED,IRREGULAR,
3095,1,mass,digitized,4,"[1524, 723, 2632, 1874]",3,,,./data/CBIS-DDSM/Mass-Training_P_00475_RIGHT_MLO/07-20-2016-DDSM-83398/1.000000-full mammogram images-61117/1-1.dcm,./data/CBIS-DDSM/Mass-Training_P_00475_RIGHT_MLO_1/07-21-2016-DDSM-98319/1.000000-ROI mask images-29945/1-2.dcm,MG,1,benign,P_00475,right,4,mlo,P_00475_RIGHT_MLO_mass_1,SPICULATED,IRREGULAR,
947,1,mass,digitized,4,"[1210, 2396, 2361, 3548]",2,,,./data/CBIS-DDSM/Mass-Training_P_00487_RIGHT_CC/07-20-2016-DDSM-55017/1.000000-full mammogram images-93400/1-1.dcm,./data/CBIS-DDSM/Mass-Training_P_00487_RIGHT_CC_1/07-21-2016-DDSM-79452/1.000000-ROI mask images-89136/1-1.dcm,MG,1,benign,P_00487,right,3,cc,P_00487_RIGHT_CC_mass_1,CIRCUMSCRIBED-ILL_DEFINED,LOBULATED,
3175,1,mass,digitized,4,"[1288, 3314, 2439, 4466]",2,,,./data/CBIS-DDSM/Mass-Training_P_00487_RIGHT_MLO/07-20-2016-DDSM-54890/1.000000-full mammogram images-55810/1-1.dcm,./data/CBIS-DDSM/Mass-Training_P_00487_RIGHT_MLO_1/07-21-2016-DDSM-89201/1.000000-ROI mask images-93214/1-1.dcm,MG,1,benign,P_00487,right,2,mlo,P_00487_RIGHT_MLO_mass_1,CIRCUMSCRIBED-ILL_DEFINED,OVAL,
3030,1,mass,digitized,2,"[0, 577, 858, 1728]",3,,,./data/CBIS-DDSM/Mass-Training_P_00517_LEFT_CC/07-20-2016-DDSM-57317/1.000000-full mammogram images-71713/1-1.dcm,./data/CBIS-DDSM/Mass-Training_P_00517_LEFT_CC_1/07-21-2016-DDSM-30935/1.000000-ROI mask images-11250/1-2.dcm,MG,1,benign,P_00517,left,4,cc,P_00517_LEFT_CC_mass_1,,FOCAL_ASYMMETRIC_DENSITY,
1869,1,mass,digitized,2,"[69, 224, 1221, 1375]",3,,,./data/CBIS-DDSM/Mass-Training_P_00517_LEFT_MLO/07-20-2016-DDSM-85946/1.000000-full mammogram images-68421/1-1.dcm,./data/CBIS-DDSM/Mass-Training_P_00517_LEFT_MLO_1/07-21-2016-DDSM-66314/1.000000-ROI mask images-21981/1-2.dcm,MG,1,benign,P_00517,left,4,mlo,P_00517_LEFT_MLO_mass_1,,FOCAL_ASYMMETRIC_DENSITY,
3550,1,mass,digitized,3,"[445, 2482, 1596, 3633]",2,,,./data/CBIS-DDSM/Mass-Training_P_00522_RIGHT_MLO/07-20-2016-DDSM-30665/1.000000-full mammogram images-70495/1-1.dcm,./data/CBIS-DDSM/Mass-Training_P_00522_RIGHT_MLO_1/07-21-2016-DDSM-93293/1.000000-ROI mask images-37189/1-1.dcm,MG,1,benign,P_00522,right,5,mlo,P_00522_RIGHT_MLO_mass_1,CIRCUMSCRIBED,LOBULATED,
2995,1,mass,digitized,4,"[906, 1259, 2058, 2411]",1,,,./data/CBIS-DDSM/Mass-Test_P_00524_LEFT_CC/10-04-2016-DDSM-94299/1.000000-full mammogram images-77871/1-1.dcm,./data/CBIS-DDSM/Mass-Test_P_00524_LEFT_CC_1/10-04-2016-DDSM-56188/1.000000-ROI mask images-45025/1-2.dcm,MG,1,malignant,P_00524,left,5,cc,P_00524_LEFT_CC_mass_1,CIRCUMSCRIBED,OVAL,
3282,1,mass,digitized,4,"[995, 2394, 2147, 3545]",1,,,./data/CBIS-DDSM/Mass-Test_P_00524_LEFT_MLO/10-04-2016-DDSM-70880/1.000000-full mammogram images-46974/1-1.dcm,./data/CBIS-DDSM/Mass-Test_P_00524_LEFT_MLO_1/10-04-2016-DDSM-86491/1.000000-ROI mask images-98271/1-2.dcm,MG,1,malignant,P_00524,left,5,mlo,P_00524_LEFT_MLO_mass_1,CIRCUMSCRIBED,OVAL,
2714,1,mass,digitized,0,"[1546, 1817, 2698, 2969]",2,,,./data/CBIS-DDSM/Mass-Training_P_00532_LEFT_CC/07-20-2016-DDSM-37782/1.000000-full mammogram images-00781/1-1.dcm,./data/CBIS-DDSM/Mass-Training_P_00532_LEFT_CC_1/07-21-2016-DDSM-70131/1.000000-ROI mask images-87900/1-1.dcm,MG,1,benign,P_00532,left,3,cc,P_00532_LEFT_CC_mass_1,OBSCURED,OVAL,
1295,1,mass,digitized,4,"[427, 1191, 1579, 2342]",2,,,./data/CBIS-DDSM/Mass-Training_P_00543_RIGHT_CC/07-20-2016-DDSM-21376/1.000000-full mammogram images-65227/1-1.dcm,./data/CBIS-DDSM/Mass-Training_P_00543_RIGHT_CC_1/07-21-2016-DDSM-95265/1.000000-ROI mask images-79096/1-1.dcm,MG,1,malignant,P_00543,right,4,cc,P_00543_RIGHT_CC_mass_1,ILL_DEFINED,IRREGULAR,
2906,1,mass,digitized,4,"[439, 1703, 1591, 2854]",2,,,./data/CBIS-DDSM/Mass-Training_P_00543_RIGHT_MLO/07-20-2016-DDSM-98122/1.000000-full mammogram images-58320/1-1.dcm,./data/CBIS-DDSM/Mass-Training_P_00543_RIGHT_MLO_1/07-21-2016-DDSM-31299/1.000000-ROI mask images-21583/1-1.dcm,MG,1,malignant,P_00543,right,4,mlo,P_00543_RIGHT_MLO_mass_1,ILL_DEFINED,IRREGULAR,
100,1,mass,digitized,4,"[3175, 1420, 3984, 2572]",2,,,./data/CBIS-DDSM/Mass-Training_P_00569_RIGHT_CC/07-20-2016-DDSM-70507/1.000000-full mammogram images-19177/1-1.dcm,./data/CBIS-DDSM/Mass-Training_P_00569_RIGHT_CC_1/07-21-2016-DDSM-95274/1.000000-ROI mask images-08449/1-2.dcm,MG,1,benign,P_00569,right,5,cc,P_00569_RIGHT_CC_mass_1,CIRCUMSCRIBED,LOBULATED,
2622,1,mass,digitized,4,"[2244, 3349, 3395, 4501]",2,,,./data/CBIS-DDSM/Mass-Training_P_00569_RIGHT_MLO/07-20-2016-DDSM-24108/1.000000-full mammogram images-58021/1-1.dcm,./data/CBIS-DDSM/Mass-Training_P_00569_RIGHT_MLO_1/07-21-2016-DDSM-86512/1.000000-ROI mask images-27680/1-2.dcm,MG,1,benign,P_00569,right,5,mlo,P_00569_RIGHT_MLO_mass_1,CIRCUMSCRIBED,LOBULATED,
2431,1,mass,digitized,4,"[0, 1321, 1036, 2473]",4,,,./data/CBIS-DDSM/Mass-Training_P_00572_RIGHT_CC/07-20-2016-DDSM-49739/1.000000-full mammogram images-72216/1-1.dcm,./data/CBIS-DDSM/Mass-Training_P_00572_RIGHT_CC_1/07-21-2016-DDSM-35944/1.000000-ROI mask images-59890/1-1.dcm,MG,1,benign,P_00572,right,1,cc,P_00572_RIGHT_CC_mass_1,ILL_DEFINED,ARCHITECTURAL_DISTORTION,
2383,1,mass,digitized,4,"[0, 3009, 1142, 4160]",4,,,./data/CBIS-DDSM/Mass-Training_P_00572_RIGHT_MLO/07-20-2016-DDSM-81479/1.000000-full mammogram images-59467/1-1.dcm,./data/CBIS-DDSM/Mass-Training_P_00572_RIGHT_MLO_1/07-21-2016-DDSM-56110/1.000000-ROI mask images-58816/1-1.dcm,MG,1,benign,P_00572,right,1,mlo,P_00572_RIGHT_MLO_mass_1,ILL_DEFINED,ARCHITECTURAL_DISTORTION,
1252,1,mass,digitized,5,"[313, 1935, 1465, 3086]",2,,,./data/CBIS-DDSM/Mass-Training_P_00586_LEFT_CC/07-20-2016-DDSM-21139/1.000000-full mammogram images-69350/1-1.dcm,./data/CBIS-DDSM/Mass-Training_P_00586_LEFT_CC_1/07-21-2016-DDSM-64984/1.000000-ROI mask images-07663/1-1.dcm,MG,1,malignant,P_00586,left,5,cc,P_00586_LEFT_CC_mass_1,SPICULATED,ARCHITECTURAL_DISTORTION,
657,2,mass,digitized,5,"[196, 2642, 1348, 3793]",2,,,./data/CBIS-DDSM/Mass-Training_P_00586_LEFT_MLO/07-20-2016-DDSM-15026/1.000000-full mammogram images-49412/1-1.dcm,./data/CBIS-DDSM/Mass-Training_P_00586_LEFT_MLO_2/07-21-2016-DDSM-55065/1.000000-ROI mask images-39586/1-2.dcm,MG,2,malignant,P_00586,left,5,mlo,P_00586_LEFT_MLO_mass_2,SPICULATED,ARCHITECTURAL_DISTORTION,
1232,1,mass,digitized,5,"[393, 1327, 1545, 2479]",2,,,./data/CBIS-DDSM/Mass-Training_P_00586_LEFT_MLO/07-20-2016-DDSM-15026/1.000000-full mammogram images-49412/1-1.dcm,./data/CBIS-DDSM/Mass-Training_P_00586_LEFT_MLO_1/07-21-2016-DDSM-36864/1.000000-ROI mask images-29283/1-1.dcm,MG,2,malignant,P_00586,left,5,mlo,P_00586_LEFT_MLO_mass_1,SPICULATED,ARCHITECTURAL_DISTORTION,
1885,3,mass,digitized,5,"[2294, 36, 3232, 1188]",1,,,./data/CBIS-DDSM/Mass-Test_P_00591_RIGHT_MLO/10-04-2016-DDSM-67898/1.000000-full mammogram images-33854/1-1.dcm,./data/CBIS-DDSM/Mass-Test_P_00591_RIGHT_MLO_3/10-04-2016-DDSM-12270/1.000000-ROI mask images-47126/1-2.dcm,MG,1,malignant,P_00591,right,5,mlo,P_00591_RIGHT_MLO_mass_3,CIRCUMSCRIBED,ROUND,
2970,1,mass,digitized,0,"[683, 897, 1834, 2048]",2,,,./data/CBIS-DDSM/Mass-Training_P_00626_LEFT_CC/07-20-2016-DDSM-07400/1.000000-full mammogram images-46563/1-1.dcm,./data/CBIS-DDSM/Mass-Training_P_00626_LEFT_CC_1/07-21-2016-DDSM-09894/1.000000-ROI mask images-86867/1-1.dcm,MG,1,benign,P_00626,left,3,cc,P_00626_LEFT_CC_mass_1,OBSCURED,LOBULATED,
909,1,mass,digitized,0,"[1152, 1096, 2304, 2248]",2,,,./data/CBIS-DDSM/Mass-Training_P_00626_LEFT_MLO/07-20-2016-DDSM-99029/1.000000-full mammogram images-38379/1-1.dcm,./data/CBIS-DDSM/Mass-Training_P_00626_LEFT_MLO_1/07-21-2016-DDSM-58060/1.000000-ROI mask images-63014/1-2.dcm,MG,1,benign,P_00626,left,3,mlo,P_00626_LEFT_MLO_mass_1,OBSCURED,LOBULATED,
3400,1,mass,digitized,5,"[2822, 1775, 3973, 2926]",2,,,./data/CBIS-DDSM/Mass-Training_P_00695_RIGHT_CC/07-20-2016-DDSM-95122/1.000000-full mammogram images-79450/1-1.dcm,./data/CBIS-DDSM/Mass-Training_P_00695_RIGHT_CC_1/07-21-2016-DDSM-13736/1.000000-ROI mask images-46400/1-1.dcm,MG,1,malignant,P_00695,right,5,cc,P_00695_RIGHT_CC_mass_1,ILL_DEFINED,ASYMMETRIC_BREAST_TISSUE,
975,1,mass,digitized,5,"[2493, 2564, 3645, 3716]",2,,,./data/CBIS-DDSM/Mass-Training_P_00695_RIGHT_MLO/07-20-2016-DDSM-51756/1.000000-full mammogram images-87146/1-1.dcm,./data/CBIS-DDSM/Mass-Training_P_00695_RIGHT_MLO_1/07-21-2016-DDSM-18438/1.000000-ROI mask images-37209/1-1.dcm,MG,1,malignant,P_00695,right,5,mlo,P_00695_RIGHT_MLO_mass_1,ILL_DEFINED,ASYMMETRIC_BREAST_TISSUE,
1796,1,mass,digitized,5,"[1937, 2149, 3064, 3300]",3,,,./data/CBIS-DDSM/Mass-Training_P_00698_RIGHT_CC/07-20-2016-DDSM-51300/1.000000-full mammogram images-38842/1-1.dcm,./data/CBIS-DDSM/Mass-Training_P_00698_RIGHT_CC_1/07-21-2016-DDSM-59673/1.000000-ROI mask images-11208/1-1.dcm,MG,1,malignant,P_00698,right,5,cc,P_00698_RIGHT_CC_mass_1,SPICULATED,ARCHITECTURAL_DISTORTION,
2082,1,mass,digitized,5,"[1977, 2874, 3129, 4025]",3,,,./data/CBIS-DDSM/Mass-Training_P_00698_RIGHT_MLO/07-20-2016-DDSM-16138/1.000000-full mammogram images-85108/1-1.dcm,./data/CBIS-DDSM/Mass-Training_P_00698_RIGHT_MLO_1/07-21-2016-DDSM-30333/1.000000-ROI mask images-81537/1-1.dcm,MG,1,malignant,P_00698,right,5,mlo,P_00698_RIGHT_MLO_mass_1,ILL_DEFINED,ARCHITECTURAL_DISTORTION,
2104,1,mass,digitized,0,"[721, 1797, 1873, 2949]",2,,,./data/CBIS-DDSM/Mass-Training_P_00703_LEFT_CC/07-20-2016-DDSM-43138/1.000000-full mammogram images-76552/1-1.dcm,./data/CBIS-DDSM/Mass-Training_P_00703_LEFT_CC_1/07-21-2016-DDSM-32705/1.000000-ROI mask images-19497/1-1.dcm,MG,1,benign,P_00703,left,5,cc,P_00703_LEFT_CC_mass_1,ILL_DEFINED,IRREGULAR,
1665,1,mass,digitized,0,"[1114, 1867, 2266, 3019]",2,,,./data/CBIS-DDSM/Mass-Training_P_00703_LEFT_MLO/07-20-2016-DDSM-61997/1.000000-full mammogram images-53492/1-1.dcm,./data/CBIS-DDSM/Mass-Training_P_00703_LEFT_MLO_1/07-21-2016-DDSM-14192/1.000000-ROI mask images-41887/1-1.dcm,MG,1,benign,P_00703,left,5,mlo,P_00703_LEFT_MLO_mass_1,ILL_DEFINED,IRREGULAR,
591,1,mass,digitized,4,"[0, 2965, 663, 4116]",4,,,./data/CBIS-DDSM/Mass-Training_P_00720_RIGHT_MLO/07-20-2016-DDSM-51060/1.000000-full mammogram images-39359/1-1.dcm,./data/CBIS-DDSM/Mass-Training_P_00720_RIGHT_MLO_1/07-21-2016-DDSM-68455/1.000000-ROI mask images-64870/1-2.dcm,MG,1,malignant,P_00720,right,4,mlo,P_00720_RIGHT_MLO_mass_1,ILL_DEFINED,IRREGULAR,
1641,1,mass,digitized,4,"[0, 1950, 798, 3102]",2,,,./data/CBIS-DDSM/Mass-Training_P_00723_LEFT_MLO/07-20-2016-DDSM-55735/1.000000-full mammogram images-78333/1-1.dcm,./data/CBIS-DDSM/Mass-Training_P_00723_LEFT_MLO_1/07-21-2016-DDSM-23797/1.000000-ROI mask images-04857/1-1.dcm,MG,1,benign,P_00723,left,4,mlo,P_00723_LEFT_MLO_mass_1,SPICULATED,ARCHITECTURAL_DISTORTION,
725,1,mass,digitized,4,"[1431, 312, 2583, 1464]",2,,,./data/CBIS-DDSM/Mass-Test_P_00738_RIGHT_CC/10-04-2016-DDSM-53345/1.000000-full mammogram images-99018/1-1.dcm,./data/CBIS-DDSM/Mass-Test_P_00738_RIGHT_CC_1/10-04-2016-DDSM-94299/1.000000-ROI mask images-83916/1-2.dcm,MG,1,benign,P_00738,right,2,cc,P_00738_RIGHT_CC_mass_1,MICROLOBULATED,OVAL,
1245,1,mass,digitized,4,"[980, 1066, 2131, 2218]",2,,,./data/CBIS-DDSM/Mass-Test_P_00738_RIGHT_MLO/10-04-2016-DDSM-83311/1.000000-full mammogram images-92119/1-1.dcm,./data/CBIS-DDSM/Mass-Test_P_00738_RIGHT_MLO_1/10-04-2016-DDSM-36770/1.000000-ROI mask images-54202/1-2.dcm,MG,1,benign,P_00738,right,2,mlo,P_00738_RIGHT_MLO_mass_1,MICROLOBULATED,OVAL,
1346,1,mass,digitized,4,"[749, 2056, 1901, 3208]",4,,,./data/CBIS-DDSM/Mass-Test_P_00773_LEFT_CC/10-04-2016-DDSM-87920/1.000000-full mammogram images-30699/1-1.dcm,./data/CBIS-DDSM/Mass-Test_P_00773_LEFT_CC_1/10-04-2016-DDSM-41336/1.000000-ROI mask images-51802/1-2.dcm,MG,1,malignant,P_00773,left,2,cc,P_00773_LEFT_CC_mass_1,SPICULATED,ARCHITECTURAL_DISTORTION,
1602,1,mass,digitized,4,"[857, 2566, 2008, 3717]",4,,,./data/CBIS-DDSM/Mass-Test_P_00773_LEFT_MLO/10-04-2016-DDSM-38819/1.000000-full mammogram images-81882/1-1.dcm,./data/CBIS-DDSM/Mass-Test_P_00773_LEFT_MLO_1/10-04-2016-DDSM-19448/1.000000-ROI mask images-20216/1-2.dcm,MG,1,malignant,P_00773,left,2,mlo,P_00773_LEFT_MLO_mass_1,SPICULATED,ARCHITECTURAL_DISTORTION,
868,1,mass,digitized,2,"[1311, 1443, 2463, 2594]",3,,,./data/CBIS-DDSM/Mass-Training_P_00778_RIGHT_CC/07-20-2016-DDSM-96822/1.000000-full mammogram images-58234/1-1.dcm,./data/CBIS-DDSM/Mass-Training_P_00778_RIGHT_CC_1/07-21-2016-DDSM-71358/1.000000-ROI mask images-63030/1-2.dcm,MG,2,benign,P_00778,right,3,cc,P_00778_RIGHT_CC_mass_1,,ARCHITECTURAL_DISTORTION,
2168,2,mass,digitized,2,"[1210, 1642, 2362, 2794]",3,,,./data/CBIS-DDSM/Mass-Training_P_00778_RIGHT_CC/07-20-2016-DDSM-96822/1.000000-full mammogram images-58234/1-1.dcm,./data/CBIS-DDSM/Mass-Training_P_00778_RIGHT_CC_2/07-21-2016-DDSM-88991/1.000000-ROI mask images-30558/1-2.dcm,MG,2,benign,P_00778,right,3,cc,P_00778_RIGHT_CC_mass_2,,ARCHITECTURAL_DISTORTION,
828,2,mass,digitized,2,"[1180, 2173, 2332, 3325]",3,,,./data/CBIS-DDSM/Mass-Training_P_00778_RIGHT_MLO/07-20-2016-DDSM-68587/1.000000-full mammogram images-42873/1-1.dcm,./data/CBIS-DDSM/Mass-Training_P_00778_RIGHT_MLO_2/07-21-2016-DDSM-60880/1.000000-ROI mask images-46204/1-2.dcm,MG,2,benign,P_00778,right,3,mlo,P_00778_RIGHT_MLO_mass_2,,ARCHITECTURAL_DISTORTION,
1743,1,mass,digitized,2,"[1291, 2147, 2443, 3298]",3,,,./data/CBIS-DDSM/Mass-Training_P_00778_RIGHT_MLO/07-20-2016-DDSM-68587/1.000000-full mammogram images-42873/1-1.dcm,./data/CBIS-DDSM/Mass-Training_P_00778_RIGHT_MLO_1/07-21-2016-DDSM-59152/1.000000-ROI mask images-49104/1-2.dcm,MG,2,benign,P_00778,right,3,mlo,P_00778_RIGHT_MLO_mass_1,,ARCHITECTURAL_DISTORTION,
2053,1,mass,digitized,3,"[1657, 2476, 2808, 3627]",2,,,./data/CBIS-DDSM/Mass-Training_P_00781_RIGHT_CC/07-20-2016-DDSM-40236/1.000000-full mammogram images-62542/1-1.dcm,./data/CBIS-DDSM/Mass-Training_P_00781_RIGHT_CC_1/07-21-2016-DDSM-41777/1.000000-ROI mask images-43771/1-1.dcm,MG,1,benign,P_00781,right,5,cc,P_00781_RIGHT_CC_mass_1,CIRCUMSCRIBED,OVAL,
3452,1,mass,digitized,3,"[1514, 3318, 2665, 4469]",2,,,./data/CBIS-DDSM/Mass-Training_P_00781_RIGHT_MLO/07-20-2016-DDSM-87633/1.000000-full mammogram images-03853/1-1.dcm,./data/CBIS-DDSM/Mass-Training_P_00781_RIGHT_MLO_1/07-21-2016-DDSM-17100/1.000000-ROI mask images-87377/1-1.dcm,MG,1,benign,P_00781,right,5,mlo,P_00781_RIGHT_MLO_mass_1,CIRCUMSCRIBED,OVAL,
1191,1,mass,digitized,4,"[0, 2016, 746, 3167]",2,,,./data/CBIS-DDSM/Mass-Training_P_00816_RIGHT_CC/07-20-2016-DDSM-67074/1.000000-full mammogram images-93410/1-1.dcm,./data/CBIS-DDSM/Mass-Training_P_00816_RIGHT_CC_1/07-21-2016-DDSM-57632/1.000000-ROI mask images-04407/1-2.dcm,MG,1,benign,P_00816,right,1,cc,P_00816_RIGHT_CC_mass_1,ILL_DEFINED,FOCAL_ASYMMETRIC_DENSITY,
568,1,mass,digitized,4,"[0, 3362, 716, 4513]",2,,,./data/CBIS-DDSM/Mass-Training_P_00816_RIGHT_MLO/07-20-2016-DDSM-56848/1.000000-full mammogram images-19748/1-1.dcm,./data/CBIS-DDSM/Mass-Training_P_00816_RIGHT_MLO_1/07-21-2016-DDSM-43689/1.000000-ROI mask images-40604/1-1.dcm,MG,1,benign,P_00816,right,1,mlo,P_00816_RIGHT_MLO_mass_1,ILL_DEFINED,FOCAL_ASYMMETRIC_DENSITY,
1907,1,mass,digitized,2,"[411, 1790, 1563, 2941]",4,,,./data/CBIS-DDSM/Mass-Training_P_00847_LEFT_MLO/07-20-2016-DDSM-87660/1.000000-full mammogram images-68063/1-1.dcm,./data/CBIS-DDSM/Mass-Training_P_00847_LEFT_MLO_1/07-21-2016-DDSM-31624/1.000000-ROI mask images-94666/1-1.dcm,MG,1,benign,P_00847,left,4,mlo,P_00847_LEFT_MLO_mass_1,,ARCHITECTURAL_DISTORTION,
3415,1,mass,digitized,4,"[0, 881, 720, 2033]",3,,,./data/CBIS-DDSM/Mass-Training_P_00848_LEFT_CC/07-20-2016-DDSM-92490/1.000000-full mammogram images-12163/1-1.dcm,./data/CBIS-DDSM/Mass-Training_P_00848_LEFT_CC_1/07-21-2016-DDSM-95774/1.000000-ROI mask images-09818/1-2.dcm,MG,1,malignant,P_00848,left,4,cc,P_00848_LEFT_CC_mass_1,ILL_DEFINED-SPICULATED,IRREGULAR-ARCHITECTURAL_DISTORTION,
2572,1,mass,digitized,4,"[478, 1112, 1629, 2264]",3,,,./data/CBIS-DDSM/Mass-Training_P_00848_LEFT_MLO/07-20-2016-DDSM-22269/1.000000-full mammogram images-05910/1-1.dcm,./data/CBIS-DDSM/Mass-Training_P_00848_LEFT_MLO_1/07-21-2016-DDSM-30902/1.000000-ROI mask images-33868/1-1.dcm,MG,1,malignant,P_00848,left,3,mlo,P_00848_LEFT_MLO_mass_1,ILL_DEFINED-SPICULATED,ARCHITECTURAL_DISTORTION,
2746,1,mass,digitized,5,"[854, 3228, 2005, 4380]",1,,,./data/CBIS-DDSM/Mass-Training_P_00849_LEFT_CC/07-20-2016-DDSM-80969/1.000000-full mammogram images-82352/1-1.dcm,./data/CBIS-DDSM/Mass-Training_P_00849_LEFT_CC_1/07-21-2016-DDSM-21206/1.000000-ROI mask images-06272/1-2.dcm,MG,1,malignant,P_00849,left,5,cc,P_00849_LEFT_CC_mass_1,MICROLOBULATED,LOBULATED,
2971,1,mass,digitized,5,"[1120, 4440, 2271, 5591]",1,,,./data/CBIS-DDSM/Mass-Training_P_00849_LEFT_MLO/07-20-2016-DDSM-99599/1.000000-full mammogram images-18979/1-1.dcm,./data/CBIS-DDSM/Mass-Training_P_00849_LEFT_MLO_1/07-21-2016-DDSM-41006/1.000000-ROI mask images-29342/1-2.dcm,MG,1,malignant,P_00849,left,5,mlo,P_00849_LEFT_MLO_mass_1,MICROLOBULATED,LOBULATED,
2718,1,mass,digitized,4,"[3016, 579, 3856, 1730]",3,,,./data/CBIS-DDSM/Mass-Training_P_00851_LEFT_CC/07-20-2016-DDSM-46222/1.000000-full mammogram images-86766/1-1.dcm,./data/CBIS-DDSM/Mass-Training_P_00851_LEFT_CC_1/07-21-2016-DDSM-30783/1.000000-ROI mask images-56148/1-2.dcm,MG,1,malignant,P_00851,left,3,cc,P_00851_LEFT_CC_mass_1,OBSCURED,LOBULATED,
3466,1,mass,digitized,4,"[3086, 2441, 4237, 3593]",3,,,./data/CBIS-DDSM/Mass-Training_P_00851_LEFT_MLO/07-20-2016-DDSM-78037/1.000000-full mammogram images-67987/1-1.dcm,./data/CBIS-DDSM/Mass-Training_P_00851_LEFT_MLO_1/07-21-2016-DDSM-99353/1.000000-ROI mask images-22126/1-2.dcm,MG,1,malignant,P_00851,left,3,mlo,P_00851_LEFT_MLO_mass_1,OBSCURED,LOBULATED,
1097,1,mass,digitized,4,"[579, 2757, 1730, 3909]",3,,,./data/CBIS-DDSM/Mass-Training_P_00884_LEFT_MLO/07-20-2016-DDSM-00669/1.000000-full mammogram images-16147/1-1.dcm,./data/CBIS-DDSM/Mass-Training_P_00884_LEFT_MLO_1/07-21-2016-DDSM-00923/1.000000-ROI mask images-00449/1-1.dcm,MG,1,benign,P_00884,left,5,mlo,P_00884_LEFT_MLO_mass_1,SPICULATED,IRREGULAR,
3363,1,mass,digitized,4,"[0, 685, 751, 1836]",3,,,./data/CBIS-DDSM/Mass-Training_P_00889_LEFT_CC/07-20-2016-DDSM-82200/1.000000-full mammogram images-34242/1-1.dcm,./data/CBIS-DDSM/Mass-Training_P_00889_LEFT_CC_1/07-21-2016-DDSM-95450/1.000000-ROI mask images-89039/1-1.dcm,MG,1,malignant,P_00889,left,4,cc,P_00889_LEFT_CC_mass_1,MICROLOBULATED,OVAL,
2138,1,mass,digitized,4,"[401, 648, 1552, 1800]",3,,,./data/CBIS-DDSM/Mass-Training_P_00889_LEFT_MLO/07-20-2016-DDSM-32251/1.000000-full mammogram images-84700/1-1.dcm,./data/CBIS-DDSM/Mass-Training_P_00889_LEFT_MLO_1/07-21-2016-DDSM-37195/1.000000-ROI mask images-68877/1-2.dcm,MG,1,malignant,P_00889,left,5,mlo,P_00889_LEFT_MLO_mass_1,MICROLOBULATED,LOBULATED,
655,1,mass,digitized,4,"[157, 2007, 1308, 3159]",3,,,./data/CBIS-DDSM/Mass-Training_P_00911_LEFT_CC/07-20-2016-DDSM-90769/1.000000-full mammogram images-69334/1-1.dcm,./data/CBIS-DDSM/Mass-Training_P_00911_LEFT_CC_1/07-21-2016-DDSM-08605/1.000000-ROI mask images-60738/1-1.dcm,MG,1,benign,P_00911,left,3,cc,P_00911_LEFT_CC_mass_1,ILL_DEFINED,ARCHITECTURAL_DISTORTION,
3256,1,mass,digitized,3,"[2143, 2806, 3295, 3958]",2,,,./data/CBIS-DDSM/Mass-Training_P_00941_LEFT_MLO/07-20-2016-DDSM-61179/1.000000-full mammogram images-51986/1-1.dcm,./data/CBIS-DDSM/Mass-Training_P_00941_LEFT_MLO_1/07-21-2016-DDSM-98454/1.000000-ROI mask images-04132/1-2.dcm,MG,1,benign,P_00941,left,4,mlo,P_00941_LEFT_MLO_mass_1,CIRCUMSCRIBED,ROUND,
576,1,mass,digitized,5,"[1118, 2267, 2269, 3418]",1,,,./data/CBIS-DDSM/Mass-Test_P_00947_RIGHT_CC/10-04-2016-DDSM-83286/1.000000-full mammogram images-25270/1-1.dcm,./data/CBIS-DDSM/Mass-Test_P_00947_RIGHT_CC_1/10-04-2016-DDSM-73416/1.000000-ROI mask images-38644/1-2.dcm,MG,1,malignant,P_00947,right,5,cc,P_00947_RIGHT_CC_mass_1,CIRCUMSCRIBED,LOBULATED,
1184,1,mass,digitized,5,"[1115, 2781, 2266, 3933]",1,,,./data/CBIS-DDSM/Mass-Test_P_00947_RIGHT_MLO/10-04-2016-DDSM-87399/1.000000-full mammogram images-61351/1-1.dcm,./data/CBIS-DDSM/Mass-Test_P_00947_RIGHT_MLO_1/10-04-2016-DDSM-34137/1.000000-ROI mask images-68829/1-2.dcm,MG,1,malignant,P_00947,right,5,mlo,P_00947_RIGHT_MLO_mass_1,CIRCUMSCRIBED,LOBULATED,
2811,1,mass,digitized,5,"[0, 2503, 722, 3655]",3,,,./data/CBIS-DDSM/Mass-Training_P_00950_LEFT_CC/07-20-2016-DDSM-75955/1.000000-full mammogram images-95697/1-1.dcm,./data/CBIS-DDSM/Mass-Training_P_00950_LEFT_CC_1/07-21-2016-DDSM-73829/1.000000-ROI mask images-89685/1-1.dcm,MG,1,malignant,P_00950,left,5,cc,P_00950_LEFT_CC_mass_1,SPICULATED,IRREGULAR,
1781,1,mass,digitized,5,"[0, 1766, 1104, 2917]",1,,,./data/CBIS-DDSM/Mass-Training_P_00961_LEFT_MLO/07-20-2016-DDSM-78706/1.000000-full mammogram images-35411/1-1.dcm,./data/CBIS-DDSM/Mass-Training_P_00961_LEFT_MLO_1/07-21-2016-DDSM-81370/1.000000-ROI mask images-05827/1-1.dcm,MG,1,malignant,P_00961,left,5,mlo,P_00961_LEFT_MLO_mass_1,MICROLOBULATED,OVAL,
2440,1,mass,digitized,5,"[1341, 2291, 2492, 3443]",2,,,./data/CBIS-DDSM/Mass-Test_P_00985_RIGHT_CC/10-04-2016-DDSM-98556/1.000000-full mammogram images-41186/1-1.dcm,./data/CBIS-DDSM/Mass-Test_P_00985_RIGHT_CC_1/10-04-2016-DDSM-89183/1.000000-ROI mask images-07160/1-2.dcm,MG,1,malignant,P_00985,right,5,cc,P_00985_RIGHT_CC_mass_1,MICROLOBULATED-ILL_DEFINED,IRREGULAR,
94,1,mass,digitized,5,"[1069, 1978, 2221, 3129]",2,,,./data/CBIS-DDSM/Mass-Test_P_00985_RIGHT_MLO/10-04-2016-DDSM-21571/1.000000-full mammogram images-78089/1-1.dcm,./data/CBIS-DDSM/Mass-Test_P_00985_RIGHT_MLO_1/10-04-2016-DDSM-62776/1.000000-ROI mask images-04080/1-2.dcm,MG,1,malignant,P_00985,right,5,mlo,P_00985_RIGHT_MLO_mass_1,MICROLOBULATED-ILL_DEFINED,IRREGULAR,
3141,1,mass,digitized,5,"[0, 2000, 706, 3152]",2,,,./data/CBIS-DDSM/Mass-Training_P_00997_LEFT_CC/07-20-2016-DDSM-97848/1.000000-full mammogram images-17920/1-1.dcm,./data/CBIS-DDSM/Mass-Training_P_00997_LEFT_CC_1/07-21-2016-DDSM-91767/1.000000-ROI mask images-09775/1-1.dcm,MG,1,malignant,P_00997,left,5,cc,P_00997_LEFT_CC_mass_1,MICROLOBULATED,IRREGULAR,
2329,1,mass,digitized,5,"[0, 2270, 1053, 3421]",2,,,./data/CBIS-DDSM/Mass-Training_P_00997_LEFT_MLO/07-20-2016-DDSM-88746/1.000000-full mammogram images-96338/1-1.dcm,./data/CBIS-DDSM/Mass-Training_P_00997_LEFT_MLO_1/07-21-2016-DDSM-84931/1.000000-ROI mask images-89681/1-2.dcm,MG,1,malignant,P_00997,left,5,mlo,P_00997_LEFT_MLO_mass_1,SPICULATED,IRREGULAR,
1573,1,mass,digitized,5,"[2041, 507, 2944, 1659]",3,,,./data/CBIS-DDSM/Mass-Training_P_01008_RIGHT_CC/07-20-2016-DDSM-59850/1.000000-full mammogram images-18317/1-1.dcm,./data/CBIS-DDSM/Mass-Training_P_01008_RIGHT_CC_1/07-21-2016-DDSM-09972/1.000000-ROI mask images-37979/1-1.dcm,MG,1,malignant,P_01008,right,5,cc,P_01008_RIGHT_CC_mass_1,SPICULATED,IRREGULAR,
2298,1,mass,digitized,5,"[1576, 920, 2728, 2072]",3,,,./data/CBIS-DDSM/Mass-Training_P_01008_RIGHT_MLO/07-20-2016-DDSM-54624/1.000000-full mammogram images-97224/1-1.dcm,./data/CBIS-DDSM/Mass-Training_P_01008_RIGHT_MLO_1/07-21-2016-DDSM-89917/1.000000-ROI mask images-97939/1-1.dcm,MG,1,malignant,P_01008,right,5,mlo,P_01008_RIGHT_MLO_mass_1,SPICULATED,IRREGULAR,
2273,1,mass,digitized,5,"[2649, 2025, 3800, 3176]",2,,,./data/CBIS-DDSM/Mass-Training_P_01034_RIGHT_CC/07-20-2016-DDSM-97921/1.000000-full mammogram images-23157/1-1.dcm,./data/CBIS-DDSM/Mass-Training_P_01034_RIGHT_CC_1/07-21-2016-DDSM-01173/1.000000-ROI mask images-20441/1-2.dcm,MG,1,malignant,P_01034,right,5,cc,P_01034_RIGHT_CC_mass_1,SPICULATED,IRREGULAR,
1343,1,mass,digitized,4,"[2639, 4154, 3791, 5306]",2,,,./data/CBIS-DDSM/Mass-Training_P_01034_RIGHT_MLO/07-20-2016-DDSM-34016/1.000000-full mammogram images-48629/1-1.dcm,./data/CBIS-DDSM/Mass-Training_P_01034_RIGHT_MLO_1/07-21-2016-DDSM-36843/1.000000-ROI mask images-35094/1-2.dcm,MG,1,malignant,P_01034,right,4,mlo,P_01034_RIGHT_MLO_mass_1,MICROLOBULATED-SPICULATED,IRREGULAR,
1399,1,mass,digitized,4,"[775, 1974, 1926, 3125]",1,,,./data/CBIS-DDSM/Mass-Training_P_01070_LEFT_CC/07-20-2016-DDSM-47941/1.000000-full mammogram images-08854/1-1.dcm,./data/CBIS-DDSM/Mass-Training_P_01070_LEFT_CC_1/07-21-2016-DDSM-83933/1.000000-ROI mask images-83073/1-2.dcm,MG,1,malignant,P_01070,left,4,cc,P_01070_LEFT_CC_mass_1,ILL_DEFINED,IRREGULAR,
1625,1,mass,digitized,4,"[1153, 2371, 2305, 3523]",1,,,./data/CBIS-DDSM/Mass-Training_P_01070_LEFT_MLO/07-20-2016-DDSM-39401/1.000000-full mammogram images-94833/1-1.dcm,./data/CBIS-DDSM/Mass-Training_P_01070_LEFT_MLO_1/07-21-2016-DDSM-16086/1.000000-ROI mask images-08034/1-2.dcm,MG,1,malignant,P_01070,left,4,mlo,P_01070_LEFT_MLO_mass_1,ILL_DEFINED,IRREGULAR,
1767,1,mass,digitized,5,"[2665, 1110, 3664, 2262]",3,,,./data/CBIS-DDSM/Mass-Training_P_01076_RIGHT_CC/07-20-2016-DDSM-56024/1.000000-full mammogram images-26621/1-1.dcm,./data/CBIS-DDSM/Mass-Training_P_01076_RIGHT_CC_1/07-21-2016-DDSM-27838/1.000000-ROI mask images-77547/1-2.dcm,MG,1,malignant,P_01076,right,5,cc,P_01076_RIGHT_CC_mass_1,MICROLOBULATED,IRREGULAR,
1987,1,mass,digitized,5,"[1394, 1169, 2546, 2321]",3,,,./data/CBIS-DDSM/Mass-Training_P_01076_RIGHT_MLO/07-20-2016-DDSM-23709/1.000000-full mammogram images-46659/1-1.dcm,./data/CBIS-DDSM/Mass-Training_P_01076_RIGHT_MLO_1/07-21-2016-DDSM-71702/1.000000-ROI mask images-68957/1-2.dcm,MG,1,malignant,P_01076,right,5,mlo,P_01076_RIGHT_MLO_mass_1,MICROLOBULATED,IRREGULAR,
681,1,mass,digitized,4,"[901, 1053, 2053, 2205]",2,,,./data/CBIS-DDSM/Mass-Training_P_01079_RIGHT_CC/07-20-2016-DDSM-42448/1.000000-full mammogram images-95881/1-1.dcm,./data/CBIS-DDSM/Mass-Training_P_01079_RIGHT_CC_1/07-21-2016-DDSM-71801/1.000000-ROI mask images-47325/1-1.dcm,MG,1,malignant,P_01079,right,3,cc,P_01079_RIGHT_CC_mass_1,ILL_DEFINED-SPICULATED,IRREGULAR,
3512,1,mass,digitized,5,"[900, 2245, 2051, 3397]",2,,,./data/CBIS-DDSM/Mass-Training_P_01079_RIGHT_MLO/07-20-2016-DDSM-76770/1.000000-full mammogram images-73116/1-1.dcm,./data/CBIS-DDSM/Mass-Training_P_01079_RIGHT_MLO_1/07-21-2016-DDSM-55920/1.000000-ROI mask images-00079/1-1.dcm,MG,1,malignant,P_01079,right,4,mlo,P_01079_RIGHT_MLO_mass_1,SPICULATED,IRREGULAR,
636,1,mass,digitized,5,"[0, 1820, 758, 2972]",2,,,./data/CBIS-DDSM/Mass-Training_P_01088_LEFT_CC/07-20-2016-DDSM-33971/1.000000-full mammogram images-24911/1-1.dcm,./data/CBIS-DDSM/Mass-Training_P_01088_LEFT_CC_1/07-21-2016-DDSM-97769/1.000000-ROI mask images-89746/1-2.dcm,MG,1,malignant,P_01088,left,4,cc,P_01088_LEFT_CC_mass_1,ILL_DEFINED,LOBULATED,
1608,1,mass,digitized,5,"[0, 1953, 827, 3105]",2,,,./data/CBIS-DDSM/Mass-Training_P_01088_LEFT_MLO/07-20-2016-DDSM-96581/1.000000-full mammogram images-11181/1-1.dcm,./data/CBIS-DDSM/Mass-Training_P_01088_LEFT_MLO_1/07-21-2016-DDSM-95731/1.000000-ROI mask images-79500/1-2.dcm,MG,1,malignant,P_01088,left,5,mlo,P_01088_LEFT_MLO_mass_1,MICROLOBULATED,LOBULATED,
2548,1,mass,digitized,4,"[0, 1783, 963, 2935]",4,,,./data/CBIS-DDSM/Mass-Training_P_01097_LEFT_CC/07-20-2016-DDSM-22131/1.000000-full mammogram images-92816/1-1.dcm,./data/CBIS-DDSM/Mass-Training_P_01097_LEFT_CC_1/07-21-2016-DDSM-36121/1.000000-ROI mask images-64361/1-1.dcm,MG,1,malignant,P_01097,left,2,cc,P_01097_LEFT_CC_mass_1,OBSCURED-ILL_DEFINED,LOBULATED-ARCHITECTURAL_DISTORTION,
2716,1,mass,digitized,3,"[0, 3039, 1041, 4191]",4,,,./data/CBIS-DDSM/Mass-Training_P_01097_LEFT_MLO/07-20-2016-DDSM-66208/1.000000-full mammogram images-73968/1-1.dcm,./data/CBIS-DDSM/Mass-Training_P_01097_LEFT_MLO_1/07-21-2016-DDSM-49511/1.000000-ROI mask images-98909/1-1.dcm,MG,1,malignant,P_01097,left,2,mlo,P_01097_LEFT_MLO_mass_1,OBSCURED-ILL_DEFINED,LOBULATED,
3340,1,mass,digitized,3,"[1991, 1260, 3080, 2411]",2,,,./data/CBIS-DDSM/Mass-Training_P_01151_RIGHT_CC/07-20-2016-DDSM-19026/1.000000-full mammogram images-33958/1-1.dcm,./data/CBIS-DDSM/Mass-Training_P_01151_RIGHT_CC_1/07-21-2016-DDSM-72459/1.000000-ROI mask images-14057/1-2.dcm,MG,1,malignant,P_01151,right,3,cc,P_01151_RIGHT_CC_mass_1,OBSCURED-ILL_DEFINED,LOBULATED,
3345,1,mass,digitized,3,"[1488, 1914, 2639, 3065]",2,,,./data/CBIS-DDSM/Mass-Training_P_01151_RIGHT_MLO/07-20-2016-DDSM-95396/1.000000-full mammogram images-47852/1-1.dcm,./data/CBIS-DDSM/Mass-Training_P_01151_RIGHT_MLO_1/07-21-2016-DDSM-40792/1.000000-ROI mask images-87226/1-1.dcm,MG,1,malignant,P_01151,right,3,mlo,P_01151_RIGHT_MLO_mass_1,OBSCURED-ILL_DEFINED,LOBULATED,
2033,1,mass,digitized,3,"[101, 1878, 1252, 3029]",1,,,./data/CBIS-DDSM/Mass-Training_P_01175_LEFT_MLO/07-20-2016-DDSM-99871/1.000000-full mammogram images-26339/1-1.dcm,./data/CBIS-DDSM/Mass-Training_P_01175_LEFT_MLO_1/07-21-2016-DDSM-04836/1.000000-ROI mask images-89251/1-2.dcm,MG,1,benign,P_01175,left,5,mlo,P_01175_LEFT_MLO_mass_1,CIRCUMSCRIBED,OVAL,
2060,1,mass,digitized,3,"[1848, 802, 2896, 1953]",1,,,./data/CBIS-DDSM/Mass-Training_P_01175_RIGHT_CC/07-20-2016-DDSM-31606/1.000000-full mammogram images-70106/1-1.dcm,./data/CBIS-DDSM/Mass-Training_P_01175_RIGHT_CC_1/07-21-2016-DDSM-42695/1.000000-ROI mask images-01979/1-1.dcm,MG,1,benign,P_01175,right,5,cc,P_01175_RIGHT_CC_mass_1,CIRCUMSCRIBED,LOBULATED,
2669,1,mass,digitized,3,"[1417, 2643, 2569, 3795]",1,,,./data/CBIS-DDSM/Mass-Training_P_01175_RIGHT_MLO/07-20-2016-DDSM-58762/1.000000-full mammogram images-19369/1-1.dcm,./data/CBIS-DDSM/Mass-Training_P_01175_RIGHT_MLO_1/07-21-2016-DDSM-44378/1.000000-ROI mask images-58295/1-1.dcm,MG,1,benign,P_01175,right,4,mlo,P_01175_RIGHT_MLO_mass_1,CIRCUMSCRIBED,LOBULATED,
887,1,mass,digitized,4,"[0, 1191, 809, 2342]",2,,,./data/CBIS-DDSM/Mass-Training_P_01181_LEFT_CC/07-20-2016-DDSM-01183/1.000000-full mammogram images-91748/1-1.dcm,./data/CBIS-DDSM/Mass-Training_P_01181_LEFT_CC_1/07-21-2016-DDSM-86189/1.000000-ROI mask images-54629/1-1.dcm,MG,1,benign,P_01181,left,4,cc,P_01181_LEFT_CC_mass_1,OBSCURED,OVAL,
2692,1,mass,digitized,4,"[0, 2665, 1130, 3817]",2,,,./data/CBIS-DDSM/Mass-Training_P_01181_LEFT_MLO/07-20-2016-DDSM-24446/1.000000-full mammogram images-85328/1-1.dcm,./data/CBIS-DDSM/Mass-Training_P_01181_LEFT_MLO_1/07-21-2016-DDSM-79403/1.000000-ROI mask images-84516/1-2.dcm,MG,1,benign,P_01181,left,4,mlo,P_01181_LEFT_MLO_mass_1,ILL_DEFINED,OVAL,
3546,1,mass,digitized,4,"[217, 2324, 1368, 3476]",2,,,./data/CBIS-DDSM/Mass-Training_P_01209_LEFT_CC/07-20-2016-DDSM-73509/1.000000-full mammogram images-98664/1-1.dcm,./data/CBIS-DDSM/Mass-Training_P_01209_LEFT_CC_1/07-21-2016-DDSM-81798/1.000000-ROI mask images-61571/1-1.dcm,MG,1,benign,P_01209,left,4,cc,P_01209_LEFT_CC_mass_1,CIRCUMSCRIBED-MICROLOBULATED,LOBULATED,
2566,1,mass,digitized,5,"[0, 1719, 724, 2871]",3,,,./data/CBIS-DDSM/Mass-Training_P_01221_LEFT_CC/07-20-2016-DDSM-68911/1.000000-full mammogram images-82675/1-1.dcm,./data/CBIS-DDSM/Mass-Training_P_01221_LEFT_CC_1/07-21-2016-DDSM-02934/1.000000-ROI mask images-77280/1-1.dcm,MG,1,malignant,P_01221,left,2,cc,P_01221_LEFT_CC_mass_1,ILL_DEFINED,ASYMMETRIC_BREAST_TISSUE,
1972,1,mass,digitized,5,"[0, 1600, 1130, 2752]",3,,,./data/CBIS-DDSM/Mass-Training_P_01221_LEFT_MLO/07-20-2016-DDSM-41046/1.000000-full mammogram images-97119/1-1.dcm,./data/CBIS-DDSM/Mass-Training_P_01221_LEFT_MLO_1/07-21-2016-DDSM-98567/1.000000-ROI mask images-12652/1-1.dcm,MG,1,malignant,P_01221,left,4,mlo,P_01221_LEFT_MLO_mass_1,ILL_DEFINED,ARCHITECTURAL_DISTORTION,
2154,1,mass,digitized,4,"[2564, 1371, 3715, 2523]",2,,,./data/CBIS-DDSM/Mass-Training_P_01225_RIGHT_CC/07-20-2016-DDSM-31728/1.000000-full mammogram images-36956/1-1.dcm,./data/CBIS-DDSM/Mass-Training_P_01225_RIGHT_CC_1/07-21-2016-DDSM-19838/1.000000-ROI mask images-19590/1-1.dcm,MG,1,benign,P_01225,right,5,cc,P_01225_RIGHT_CC_mass_1,MICROLOBULATED,ROUND,
1222,1,mass,digitized,4,"[1841, 1443, 2992, 2595]",2,,,./data/CBIS-DDSM/Mass-Training_P_01225_RIGHT_MLO/07-20-2016-DDSM-32714/1.000000-full mammogram images-73285/1-1.dcm,./data/CBIS-DDSM/Mass-Training_P_01225_RIGHT_MLO_1/07-21-2016-DDSM-87508/1.000000-ROI mask images-75099/1-1.dcm,MG,1,benign,P_01225,right,5,mlo,P_01225_RIGHT_MLO_mass_1,MICROLOBULATED,LOBULATED,
2614,1,mass,digitized,4,"[1143, 3076, 2295, 4228]",1,,,./data/CBIS-DDSM/Mass-Training_P_01226_LEFT_MLO/07-20-2016-DDSM-77216/1.000000-full mammogram images-75674/1-1.dcm,./data/CBIS-DDSM/Mass-Training_P_01226_LEFT_MLO_1/07-21-2016-DDSM-24960/1.000000-ROI mask images-88039/1-2.dcm,MG,1,benign,P_01226,left,2,mlo,P_01226_LEFT_MLO_mass_1,OBSCURED,LOBULATED,
2981,1,mass,digitized,5,"[0, 1141, 864, 2293]",1,,,./data/CBIS-DDSM/Mass-Training_P_01248_LEFT_CC/07-20-2016-DDSM-92960/1.000000-full mammogram images-54168/1-1.dcm,./data/CBIS-DDSM/Mass-Training_P_01248_LEFT_CC_1/07-21-2016-DDSM-82460/1.000000-ROI mask images-69371/1-2.dcm,MG,1,malignant,P_01248,left,5,cc,P_01248_LEFT_CC_mass_1,MICROLOBULATED,LOBULATED,
2901,1,mass,digitized,5,"[0, 1574, 1041, 2725]",1,,,./data/CBIS-DDSM/Mass-Training_P_01248_LEFT_MLO/07-20-2016-DDSM-24285/1.000000-full mammogram images-25347/1-1.dcm,./data/CBIS-DDSM/Mass-Training_P_01248_LEFT_MLO_1/07-21-2016-DDSM-16040/1.000000-ROI mask images-61436/1-1.dcm,MG,1,malignant,P_01248,left,5,mlo,P_01248_LEFT_MLO_mass_1,ILL_DEFINED,LOBULATED,
2641,1,mass,digitized,3,"[805, 2133, 1957, 3284]",2,,,./data/CBIS-DDSM/Mass-Test_P_01254_RIGHT_CC/10-04-2016-DDSM-75569/1.000000-full mammogram images-95331/1-1.dcm,./data/CBIS-DDSM/Mass-Test_P_01254_RIGHT_CC_1/10-04-2016-DDSM-82019/1.000000-ROI mask images-54276/1-2.dcm,MG,1,benign,P_01254,right,4,cc,P_01254_RIGHT_CC_mass_1,CIRCUMSCRIBED,LOBULATED,
1207,1,mass,digitized,4,"[979, 2938, 2131, 4090]",2,,,./data/CBIS-DDSM/Mass-Test_P_01254_RIGHT_MLO/10-04-2016-DDSM-72614/1.000000-full mammogram images-91611/1-1.dcm,./data/CBIS-DDSM/Mass-Test_P_01254_RIGHT_MLO_1/10-04-2016-DDSM-81350/1.000000-ROI mask images-39866/1-2.dcm,MG,1,benign,P_01254,right,3,mlo,P_01254_RIGHT_MLO_mass_1,CIRCUMSCRIBED,LOBULATED,
1005,2,mass,digitized,5,"[3321, 1276, 4088, 2428]",2,,,./data/CBIS-DDSM/Mass-Training_P_01262_RIGHT_CC/07-20-2016-DDSM-82193/1.000000-full mammogram images-54701/1-1.dcm,./data/CBIS-DDSM/Mass-Training_P_01262_RIGHT_CC_2/07-21-2016-DDSM-33151/1.000000-ROI mask images-00208/1-2.dcm,MG,2,malignant,P_01262,right,5,cc,P_01262_RIGHT_CC_mass_2,ILL_DEFINED-SPICULATED,IRREGULAR-ARCHITECTURAL_DISTORTION,
2698,1,mass,digitized,5,"[2538, 1291, 3690, 2443]",2,,,./data/CBIS-DDSM/Mass-Training_P_01262_RIGHT_CC/07-20-2016-DDSM-82193/1.000000-full mammogram images-54701/1-1.dcm,./data/CBIS-DDSM/Mass-Training_P_01262_RIGHT_CC_1/07-21-2016-DDSM-01117/1.000000-ROI mask images-56020/1-2.dcm,MG,2,malignant,P_01262,right,5,cc,P_01262_RIGHT_CC_mass_1,ILL_DEFINED-SPICULATED,IRREGULAR-ARCHITECTURAL_DISTORTION,
1281,1,mass,digitized,5,"[3233, 1955, 4088, 3106]",2,,,./data/CBIS-DDSM/Mass-Training_P_01262_RIGHT_MLO/07-20-2016-DDSM-13508/1.000000-full mammogram images-75020/1-1.dcm,./data/CBIS-DDSM/Mass-Training_P_01262_RIGHT_MLO_1/07-21-2016-DDSM-34580/1.000000-ROI mask images-11128/1-2.dcm,MG,1,malignant,P_01262,right,5,mlo,P_01262_RIGHT_MLO_mass_1,ILL_DEFINED-SPICULATED,IRREGULAR-ARCHITECTURAL_DISTORTION,
459,1,mass,digitized,4,"[14, 2476, 1165, 3628]",2,,,./data/CBIS-DDSM/Mass-Training_P_01267_RIGHT_MLO/07-20-2016-DDSM-22121/1.000000-full mammogram images-49421/1-1.dcm,./data/CBIS-DDSM/Mass-Training_P_01267_RIGHT_MLO_1/07-21-2016-DDSM-20780/1.000000-ROI mask images-96841/1-2.dcm,MG,1,benign,P_01267,right,4,mlo,P_01267_RIGHT_MLO_mass_1,ILL_DEFINED,OVAL,
3420,1,mass,digitized,4,"[2010, 2265, 3024, 3417]",2,,,./data/CBIS-DDSM/Mass-Training_P_01280_RIGHT_CC/07-20-2016-DDSM-35638/1.000000-full mammogram images-05669/1-1.dcm,./data/CBIS-DDSM/Mass-Training_P_01280_RIGHT_CC_1/07-21-2016-DDSM-22434/1.000000-ROI mask images-74752/1-1.dcm,MG,1,benign,P_01280,right,4,cc,P_01280_RIGHT_CC_mass_1,CIRCUMSCRIBED-ILL_DEFINED,LOBULATED,
2390,1,mass,digitized,4,"[1862, 2012, 3014, 3164]",2,,,./data/CBIS-DDSM/Mass-Training_P_01280_RIGHT_MLO/07-20-2016-DDSM-98913/1.000000-full mammogram images-92561/1-1.dcm,./data/CBIS-DDSM/Mass-Training_P_01280_RIGHT_MLO_1/07-21-2016-DDSM-84106/1.000000-ROI mask images-38051/1-1.dcm,MG,1,benign,P_01280,right,4,mlo,P_01280_RIGHT_MLO_mass_1,CIRCUMSCRIBED-OBSCURED,LOBULATED,
695,1,mass,digitized,4,"[617, 3204, 1769, 4356]",2,,,./data/CBIS-DDSM/Mass-Training_P_01281_RIGHT_MLO/07-20-2016-DDSM-18462/1.000000-full mammogram images-77048/1-1.dcm,./data/CBIS-DDSM/Mass-Training_P_01281_RIGHT_MLO_1/07-21-2016-DDSM-17595/1.000000-ROI mask images-12246/1-1.dcm,MG,1,malignant,P_01281,right,2,mlo,P_01281_RIGHT_MLO_mass_1,ILL_DEFINED,FOCAL_ASYMMETRIC_DENSITY,
2761,1,mass,digitized,4,"[0, 1433, 1023, 2585]",3,,,./data/CBIS-DDSM/Mass-Training_P_01305_LEFT_CC/07-20-2016-DDSM-66345/1.000000-full mammogram images-69142/1-1.dcm,./data/CBIS-DDSM/Mass-Training_P_01305_LEFT_CC_1/07-21-2016-DDSM-55261/1.000000-ROI mask images-10606/1-1.dcm,MG,1,benign,P_01305,left,4,cc,P_01305_LEFT_CC_mass_1,CIRCUMSCRIBED,ROUND,
2300,1,mass,digitized,4,"[0, 1773, 1106, 2924]",3,,,./data/CBIS-DDSM/Mass-Training_P_01305_LEFT_MLO/07-20-2016-DDSM-02892/1.000000-full mammogram images-79906/1-1.dcm,./data/CBIS-DDSM/Mass-Training_P_01305_LEFT_MLO_1/07-21-2016-DDSM-56596/1.000000-ROI mask images-41799/1-2.dcm,MG,1,benign,P_01305,left,4,mlo,P_01305_LEFT_MLO_mass_1,CIRCUMSCRIBED,OVAL,
81,1,mass,digitized,4,"[2544, 2671, 3361, 3823]",2,,,./data/CBIS-DDSM/Mass-Test_P_01323_LEFT_CC/10-04-2016-DDSM-33771/1.000000-full mammogram images-11617/1-1.dcm,./data/CBIS-DDSM/Mass-Test_P_01323_LEFT_CC_1/10-04-2016-DDSM-21148/1.000000-ROI mask images-89288/1-2.dcm,MG,1,malignant,P_01323,left,4,cc,P_01323_LEFT_CC_mass_1,ILL_DEFINED,IRREGULAR,
1897,1,mass,digitized,4,"[2466, 3792, 3361, 4944]",2,,,./data/CBIS-DDSM/Mass-Test_P_01323_LEFT_MLO/10-04-2016-DDSM-65000/1.000000-full mammogram images-20067/1-1.dcm,./data/CBIS-DDSM/Mass-Test_P_01323_LEFT_MLO_1/10-04-2016-DDSM-56078/1.000000-ROI mask images-27457/1-2.dcm,MG,1,malignant,P_01323,left,4,mlo,P_01323_LEFT_MLO_mass_1,ILL_DEFINED,IRREGULAR,
2043,1,mass,digitized,4,"[1552, 668, 2704, 1820]",2,,,./data/CBIS-DDSM/Mass-Training_P_01330_RIGHT_MLO/07-20-2016-DDSM-04101/1.000000-full mammogram images-66213/1-1.dcm,./data/CBIS-DDSM/Mass-Training_P_01330_RIGHT_MLO_1/07-21-2016-DDSM-28891/1.000000-ROI mask images-97978/1-2.dcm,MG,1,benign,P_01330,right,5,mlo,P_01330_RIGHT_MLO_mass_1,SPICULATED,ARCHITECTURAL_DISTORTION,
518,1,mass,digitized,5,"[1658, 2988, 2810, 4140]",3,,,./data/CBIS-DDSM/Mass-Training_P_01360_LEFT_CC/07-20-2016-DDSM-29738/1.000000-full mammogram images-57496/1-1.dcm,./data/CBIS-DDSM/Mass-Training_P_01360_LEFT_CC_1/07-21-2016-DDSM-00322/1.000000-ROI mask images-01467/1-2.dcm,MG,1,malignant,P_01360,left,2,cc,P_01360_LEFT_CC_mass_1,SPICULATED,ARCHITECTURAL_DISTORTION,
136,1,mass,digitized,5,"[1543, 4562, 2695, 5714]",3,,,./data/CBIS-DDSM/Mass-Training_P_01360_LEFT_MLO/07-20-2016-DDSM-30162/1.000000-full mammogram images-10425/1-1.dcm,./data/CBIS-DDSM/Mass-Training_P_01360_LEFT_MLO_1/07-21-2016-DDSM-57619/1.000000-ROI mask images-94249/1-2.dcm,MG,1,malignant,P_01360,left,2,mlo,P_01360_LEFT_MLO_mass_1,SPICULATED,ARCHITECTURAL_DISTORTION,
3093,1,mass,digitized,4,"[1070, 2672, 2221, 3824]",4,,,./data/CBIS-DDSM/Mass-Training_P_01367_LEFT_MLO/07-20-2016-DDSM-82508/1.000000-full mammogram images-23782/1-1.dcm,./data/CBIS-DDSM/Mass-Training_P_01367_LEFT_MLO_1/07-21-2016-DDSM-99954/1.000000-ROI mask images-12483/1-2.dcm,MG,1,benign,P_01367,left,3,mlo,P_01367_LEFT_MLO_mass_1,ILL_DEFINED,IRREGULAR,
2093,1,mass,digitized,4,"[1153, 1600, 2305, 2752]",3,,,./data/CBIS-DDSM/Mass-Training_P_01391_LEFT_CC/07-20-2016-DDSM-56878/1.000000-full mammogram images-00511/1-1.dcm,./data/CBIS-DDSM/Mass-Training_P_01391_LEFT_CC_1/07-21-2016-DDSM-93554/1.000000-ROI mask images-60452/1-1.dcm,MG,1,malignant,P_01391,left,3,cc,P_01391_LEFT_CC_mass_1,OBSCURED-ILL_DEFINED-SPICULATED,IRREGULAR-ARCHITECTURAL_DISTORTION,
1031,1,mass,digitized,5,"[0, 2106, 975, 3258]",2,,,./data/CBIS-DDSM/Mass-Training_P_01413_RIGHT_CC/07-20-2016-DDSM-56832/1.000000-full mammogram images-47309/1-1.dcm,./data/CBIS-DDSM/Mass-Training_P_01413_RIGHT_CC_1/07-21-2016-DDSM-27672/1.000000-ROI mask images-75899/1-2.dcm,MG,1,malignant,P_01413,right,5,cc,P_01413_RIGHT_CC_mass_1,ILL_DEFINED,IRREGULAR,
3198,1,mass,digitized,5,"[0, 3891, 1049, 5043]",2,,,./data/CBIS-DDSM/Mass-Training_P_01413_RIGHT_MLO/07-20-2016-DDSM-72034/1.000000-full mammogram images-12131/1-1.dcm,./data/CBIS-DDSM/Mass-Training_P_01413_RIGHT_MLO_1/07-21-2016-DDSM-56514/1.000000-ROI mask images-29248/1-2.dcm,MG,1,malignant,P_01413,right,5,mlo,P_01413_RIGHT_MLO_mass_1,ILL_DEFINED,IRREGULAR,
1256,1,mass,digitized,5,"[1225, 960, 2376, 2112]",2,,,./data/CBIS-DDSM/Mass-Training_P_01426_RIGHT_CC/07-20-2016-DDSM-03743/1.000000-full mammogram images-54386/1-1.dcm,./data/CBIS-DDSM/Mass-Training_P_01426_RIGHT_CC_1/07-21-2016-DDSM-02080/1.000000-ROI mask images-61616/1-2.dcm,MG,1,malignant,P_01426,right,5,cc,P_01426_RIGHT_CC_mass_1,MICROLOBULATED,OVAL,
490,1,mass,digitized,5,"[1139, 2584, 2290, 3736]",2,,,./data/CBIS-DDSM/Mass-Training_P_01426_RIGHT_MLO/07-20-2016-DDSM-71500/1.000000-full mammogram images-44211/1-1.dcm,./data/CBIS-DDSM/Mass-Training_P_01426_RIGHT_MLO_1/07-21-2016-DDSM-12986/1.000000-ROI mask images-75003/1-1.dcm,MG,1,malignant,P_01426,right,5,mlo,P_01426_RIGHT_MLO_mass_1,MICROLOBULATED,OVAL,
3207,1,mass,digitized,5,"[0, 2075, 811, 3226]",1,,,./data/CBIS-DDSM/Mass-Training_P_01434_LEFT_CC/07-20-2016-DDSM-35129/1.000000-full mammogram images-23421/1-1.dcm,./data/CBIS-DDSM/Mass-Training_P_01434_LEFT_CC_1/07-21-2016-DDSM-02398/1.000000-ROI mask images-09047/1-2.dcm,MG,1,malignant,P_01434,left,5,cc,P_01434_LEFT_CC_mass_1,MICROLOBULATED,LOBULATED,
1557,1,mass,digitized,5,"[0, 1520, 969, 2672]",1,,,./data/CBIS-DDSM/Mass-Training_P_01434_LEFT_MLO/07-20-2016-DDSM-77994/1.000000-full mammogram images-92016/1-1.dcm,./data/CBIS-DDSM/Mass-Training_P_01434_LEFT_MLO_1/07-21-2016-DDSM-26568/1.000000-ROI mask images-88045/1-1.dcm,MG,1,malignant,P_01434,left,5,mlo,P_01434_LEFT_MLO_mass_1,MICROLOBULATED,LOBULATED,
2119,1,mass,digitized,4,"[1301, 4424, 2453, 5576]",3,,,./data/CBIS-DDSM/Mass-Training_P_01442_RIGHT_CC/07-20-2016-DDSM-31722/1.000000-full mammogram images-87227/1-1.dcm,./data/CBIS-DDSM/Mass-Training_P_01442_RIGHT_CC_1/07-21-2016-DDSM-76795/1.000000-ROI mask images-10905/1-2.dcm,MG,1,benign,P_01442,right,5,cc,P_01442_RIGHT_CC_mass_1,CIRCUMSCRIBED,LOBULATED,
1394,1,mass,digitized,4,"[1439, 3807, 2590, 4959]",3,,,./data/CBIS-DDSM/Mass-Training_P_01442_RIGHT_MLO/07-20-2016-DDSM-27669/1.000000-full mammogram images-02798/1-1.dcm,./data/CBIS-DDSM/Mass-Training_P_01442_RIGHT_MLO_1/07-21-2016-DDSM-07154/1.000000-ROI mask images-35396/1-2.dcm,MG,1,benign,P_01442,right,5,mlo,P_01442_RIGHT_MLO_mass_1,CIRCUMSCRIBED,LOBULATED,
2846,1,mass,digitized,5,"[0, 607, 918, 1758]",3,,,./data/CBIS-DDSM/Mass-Training_P_01474_RIGHT_CC/07-20-2016-DDSM-95173/1.000000-full mammogram images-65219/1-1.dcm,./data/CBIS-DDSM/Mass-Training_P_01474_RIGHT_CC_1/07-21-2016-DDSM-75269/1.000000-ROI mask images-77013/1-1.dcm,MG,1,malignant,P_01474,right,5,cc,P_01474_RIGHT_CC_mass_1,SPICULATED,IRREGULAR,
2556,1,mass,digitized,5,"[201, 1563, 1353, 2714]",3,,,./data/CBIS-DDSM/Mass-Training_P_01474_RIGHT_MLO/07-20-2016-DDSM-71924/1.000000-full mammogram images-98262/1-1.dcm,./data/CBIS-DDSM/Mass-Training_P_01474_RIGHT_MLO_1/07-21-2016-DDSM-93161/1.000000-ROI mask images-85315/1-1.dcm,MG,1,malignant,P_01474,right,5,mlo,P_01474_RIGHT_MLO_mass_1,SPICULATED,IRREGULAR,
1318,1,mass,digitized,0,"[653, 1115, 1804, 2266]",1,,,./data/CBIS-DDSM/Mass-Training_P_01475_LEFT_CC/07-20-2016-DDSM-54868/1.000000-full mammogram images-69999/1-1.dcm,./data/CBIS-DDSM/Mass-Training_P_01475_LEFT_CC_1/07-21-2016-DDSM-29685/1.000000-ROI mask images-43375/1-1.dcm,MG,1,benign,P_01475,left,4,cc,P_01475_LEFT_CC_mass_1,OBSCURED,LOBULATED,
3324,1,mass,digitized,0,"[644, 2365, 1796, 3516]",1,,,./data/CBIS-DDSM/Mass-Training_P_01475_LEFT_MLO/07-20-2016-DDSM-11992/1.000000-full mammogram images-74607/1-1.dcm,./data/CBIS-DDSM/Mass-Training_P_01475_LEFT_MLO_1/07-21-2016-DDSM-13383/1.000000-ROI mask images-39026/1-1.dcm,MG,1,benign,P_01475,left,4,mlo,P_01475_LEFT_MLO_mass_1,OBSCURED,LOBULATED,
1216,1,mass,digitized,5,"[2247, 3852, 3024, 5004]",2,,,./data/CBIS-DDSM/Mass-Training_P_01481_RIGHT_CC/07-20-2016-DDSM-95026/1.000000-full mammogram images-87950/1-1.dcm,./data/CBIS-DDSM/Mass-Training_P_01481_RIGHT_CC_1/07-21-2016-DDSM-50237/1.000000-ROI mask images-61131/1-2.dcm,MG,1,malignant,P_01481,right,5,cc,P_01481_RIGHT_CC_mass_1,SPICULATED,ROUND,
1030,1,mass,digitized,5,"[2316, 2734, 3080, 3886]",2,,,./data/CBIS-DDSM/Mass-Training_P_01481_RIGHT_MLO/07-20-2016-DDSM-65942/1.000000-full mammogram images-60321/1-1.dcm,./data/CBIS-DDSM/Mass-Training_P_01481_RIGHT_MLO_1/07-21-2016-DDSM-81699/1.000000-ROI mask images-85971/1-1.dcm,MG,1,malignant,P_01481,right,5,mlo,P_01481_RIGHT_MLO_mass_1,SPICULATED,IRREGULAR,
3353,1,mass,digitized,0,"[398, 2556, 1550, 3707]",2,,,./data/CBIS-DDSM/Mass-Training_P_01485_LEFT_CC/07-20-2016-DDSM-55770/1.000000-full mammogram images-73954/1-1.dcm,./data/CBIS-DDSM/Mass-Training_P_01485_LEFT_CC_1/07-21-2016-DDSM-88904/1.000000-ROI mask images-47738/1-1.dcm,MG,1,benign,P_01485,left,4,cc,P_01485_LEFT_CC_mass_1,OBSCURED,OVAL,
63,1,mass,digitized,0,"[515, 2916, 1666, 4068]",2,,,./data/CBIS-DDSM/Mass-Training_P_01485_LEFT_MLO/07-20-2016-DDSM-58352/1.000000-full mammogram images-64597/1-1.dcm,./data/CBIS-DDSM/Mass-Training_P_01485_LEFT_MLO_1/07-21-2016-DDSM-03878/1.000000-ROI mask images-84335/1-1.dcm,MG,1,benign,P_01485,left,4,mlo,P_01485_LEFT_MLO_mass_1,OBSCURED,OVAL,
3530,1,mass,digitized,0,"[738, 2256, 1889, 3407]",2,,,./data/CBIS-DDSM/Mass-Training_P_01486_RIGHT_CC/07-20-2016-DDSM-20065/1.000000-full mammogram images-22438/1-1.dcm,./data/CBIS-DDSM/Mass-Training_P_01486_RIGHT_CC_1/07-21-2016-DDSM-22615/1.000000-ROI mask images-97337/1-1.dcm,MG,1,benign,P_01486,right,2,cc,P_01486_RIGHT_CC_mass_1,OBSCURED,OVAL,
1871,1,mass,digitized,0,"[882, 1641, 2033, 2793]",2,,,./data/CBIS-DDSM/Mass-Training_P_01486_RIGHT_MLO/07-20-2016-DDSM-23670/1.000000-full mammogram images-40814/1-1.dcm,./data/CBIS-DDSM/Mass-Training_P_01486_RIGHT_MLO_1/07-21-2016-DDSM-67654/1.000000-ROI mask images-75106/1-1.dcm,MG,1,benign,P_01486,right,2,mlo,P_01486_RIGHT_MLO_mass_1,OBSCURED,OVAL,
3151,1,mass,digitized,5,"[0, 1666, 1131, 2818]",3,,,./data/CBIS-DDSM/Mass-Test_P_01489_RIGHT_MLO/10-04-2016-DDSM-60525/1.000000-full mammogram images-79023/1-1.dcm,./data/CBIS-DDSM/Mass-Test_P_01489_RIGHT_MLO_1/10-04-2016-DDSM-85644/1.000000-ROI mask images-15269/1-2.dcm,MG,1,malignant,P_01489,right,5,mlo,P_01489_RIGHT_MLO_mass_1,SPICULATED,IRREGULAR,
2462,1,mass,digitized,4,"[473, 1812, 1624, 2963]",4,,,./data/CBIS-DDSM/Mass-Test_P_01510_RIGHT_CC/10-04-2016-DDSM-98664/1.000000-full mammogram images-67799/1-1.dcm,./data/CBIS-DDSM/Mass-Test_P_01510_RIGHT_CC_1/10-04-2016-DDSM-08028/1.000000-ROI mask images-60323/1-2.dcm,MG,1,benign,P_01510,right,2,cc,P_01510_RIGHT_CC_mass_1,OBSCURED,ROUND,
1223,1,mass,digitized,4,"[708, 2870, 1860, 4021]",4,,,./data/CBIS-DDSM/Mass-Test_P_01510_RIGHT_MLO/10-04-2016-DDSM-22076/1.000000-full mammogram images-45647/1-1.dcm,./data/CBIS-DDSM/Mass-Test_P_01510_RIGHT_MLO_1/10-04-2016-DDSM-95505/1.000000-ROI mask images-98533/1-2.dcm,MG,1,benign,P_01510,right,2,mlo,P_01510_RIGHT_MLO_mass_1,CIRCUMSCRIBED,ROUND,
986,1,mass,digitized,4,"[0, 1617, 1107, 2768]",2,,,./data/CBIS-DDSM/Mass-Test_P_01539_RIGHT_CC/10-04-2016-DDSM-24857/1.000000-full mammogram images-88853/1-1.dcm,./data/CBIS-DDSM/Mass-Test_P_01539_RIGHT_CC_1/10-04-2016-DDSM-59031/1.000000-ROI mask images-23496/1-2.dcm,MG,1,benign,P_01539,right,5,cc,P_01539_RIGHT_CC_mass_1,ILL_DEFINED,IRREGULAR,
1341,1,mass,digitized,4,"[116, 2085, 1267, 3236]",2,,,./data/CBIS-DDSM/Mass-Test_P_01539_RIGHT_MLO/10-04-2016-DDSM-45842/1.000000-full mammogram images-97207/1-1.dcm,./data/CBIS-DDSM/Mass-Test_P_01539_RIGHT_MLO_1/10-04-2016-DDSM-32570/1.000000-ROI mask images-20806/1-2.dcm,MG,1,benign,P_01539,right,5,mlo,P_01539_RIGHT_MLO_mass_1,ILL_DEFINED,IRREGULAR,
2418,1,mass,digitized,3,"[658, 2530, 1809, 3682]",2,,,./data/CBIS-DDSM/Mass-Training_P_01543_RIGHT_CC/07-20-2016-DDSM-01932/1.000000-full mammogram images-56900/1-1.dcm,./data/CBIS-DDSM/Mass-Training_P_01543_RIGHT_CC_1/07-21-2016-DDSM-31303/1.000000-ROI mask images-19915/1-1.dcm,MG,1,benign,P_01543,right,4,cc,P_01543_RIGHT_CC_mass_1,OBSCURED,OVAL,
1285,1,mass,digitized,3,"[634, 2306, 1786, 3457]",2,,,./data/CBIS-DDSM/Mass-Training_P_01543_RIGHT_MLO/07-20-2016-DDSM-94415/1.000000-full mammogram images-93946/1-1.dcm,./data/CBIS-DDSM/Mass-Training_P_01543_RIGHT_MLO_1/07-21-2016-DDSM-85071/1.000000-ROI mask images-31013/1-1.dcm,MG,1,benign,P_01543,right,4,mlo,P_01543_RIGHT_MLO_mass_1,OBSCURED,ROUND,
2066,1,mass,digitized,4,"[2676, 1256, 3800, 2408]",3,,,./data/CBIS-DDSM/Mass-Training_P_01544_RIGHT_CC/07-20-2016-DDSM-13268/1.000000-full mammogram images-35887/1-1.dcm,./data/CBIS-DDSM/Mass-Training_P_01544_RIGHT_CC_1/07-21-2016-DDSM-82988/1.000000-ROI mask images-65990/1-2.dcm,MG,1,malignant,P_01544,right,2,cc,P_01544_RIGHT_CC_mass_1,ILL_DEFINED,ARCHITECTURAL_DISTORTION,
866,1,mass,digitized,4,"[2061, 2051, 3213, 3203]",3,,,./data/CBIS-DDSM/Mass-Training_P_01544_RIGHT_MLO/07-20-2016-DDSM-68568/1.000000-full mammogram images-29945/1-1.dcm,./data/CBIS-DDSM/Mass-Training_P_01544_RIGHT_MLO_1/07-21-2016-DDSM-03132/1.000000-ROI mask images-63527/1-2.dcm,MG,1,malignant,P_01544,right,2,mlo,P_01544_RIGHT_MLO_mass_1,ILL_DEFINED,ARCHITECTURAL_DISTORTION,
2084,1,mass,digitized,3,"[0, 1082, 871, 2234]",4,,,./data/CBIS-DDSM/Mass-Training_P_01557_RIGHT_CC/07-20-2016-DDSM-00822/1.000000-full mammogram images-67856/1-1.dcm,./data/CBIS-DDSM/Mass-Training_P_01557_RIGHT_CC_1/07-21-2016-DDSM-90952/1.000000-ROI mask images-61919/1-1.dcm,MG,1,benign,P_01557,right,3,cc,P_01557_RIGHT_CC_mass_1,OBSCURED,OVAL,
3083,1,mass,digitized,3,"[0, 3127, 692, 4278]",4,,,./data/CBIS-DDSM/Mass-Training_P_01557_RIGHT_MLO/07-20-2016-DDSM-30092/1.000000-full mammogram images-44100/1-1.dcm,./data/CBIS-DDSM/Mass-Training_P_01557_RIGHT_MLO_1/07-21-2016-DDSM-82266/1.000000-ROI mask images-83011/1-2.dcm,MG,1,benign,P_01557,right,3,mlo,P_01557_RIGHT_MLO_mass_1,OBSCURED,OVAL,
955,1,mass,digitized,5,"[1624, 933, 2776, 2084]",2,,,./data/CBIS-DDSM/Mass-Training_P_01564_RIGHT_CC/07-20-2016-DDSM-99819/1.000000-full mammogram images-12650/1-1.dcm,./data/CBIS-DDSM/Mass-Training_P_01564_RIGHT_CC_1/07-21-2016-DDSM-95717/1.000000-ROI mask images-96806/1-2.dcm,MG,1,malignant,P_01564,right,5,cc,P_01564_RIGHT_CC_mass_1,SPICULATED,IRREGULAR,
573,1,mass,digitized,4,"[1249, 1412, 2400, 2564]",2,,,./data/CBIS-DDSM/Mass-Training_P_01564_RIGHT_MLO/07-20-2016-DDSM-90343/1.000000-full mammogram images-04152/1-1.dcm,./data/CBIS-DDSM/Mass-Training_P_01564_RIGHT_MLO_1/07-21-2016-DDSM-75532/1.000000-ROI mask images-02142/1-1.dcm,MG,1,malignant,P_01564,right,3,mlo,P_01564_RIGHT_MLO_mass_1,ILL_DEFINED,IRREGULAR,
2991,1,mass,digitized,3,"[1906, 3024, 3058, 4176]",2,,,./data/CBIS-DDSM/Mass-Test_P_01578_LEFT_MLO/10-04-2016-DDSM-38943/1.000000-full mammogram images-82620/1-1.dcm,./data/CBIS-DDSM/Mass-Test_P_01578_LEFT_MLO_1/10-04-2016-DDSM-17087/1.000000-ROI mask images-46233/1-2.dcm,MG,1,benign,P_01578,left,4,mlo,P_01578_LEFT_MLO_mass_1,CIRCUMSCRIBED,LOBULATED,
640,1,mass,digitized,4,"[1684, 3055, 2836, 4207]",2,,,./data/CBIS-DDSM/Mass-Test_P_01599_LEFT_CC/10-04-2016-DDSM-98552/1.000000-full mammogram images-30114/1-1.dcm,./data/CBIS-DDSM/Mass-Test_P_01599_LEFT_CC_1/10-04-2016-DDSM-71371/1.000000-ROI mask images-70937/1-2.dcm,MG,1,benign,P_01599,left,3,cc,P_01599_LEFT_CC_mass_1,ILL_DEFINED,LOBULATED,
2406,1,mass,digitized,4,"[1874, 3981, 3025, 5132]",2,,,./data/CBIS-DDSM/Mass-Test_P_01599_LEFT_MLO/10-04-2016-DDSM-81893/1.000000-full mammogram images-70006/1-1.dcm,./data/CBIS-DDSM/Mass-Test_P_01599_LEFT_MLO_1/10-04-2016-DDSM-70634/1.000000-ROI mask images-01389/1-2.dcm,MG,1,benign,P_01599,left,3,mlo,P_01599_LEFT_MLO_mass_1,ILL_DEFINED,LOBULATED,
1262,1,mass,digitized,4,"[2199, 516, 3351, 1668]",2,,,./data/CBIS-DDSM/Mass-Training_P_01608_RIGHT_CC/07-20-2016-DDSM-71411/1.000000-full mammogram images-79548/1-1.dcm,./data/CBIS-DDSM/Mass-Training_P_01608_RIGHT_CC_1/07-21-2016-DDSM-85556/1.000000-ROI mask images-83652/1-2.dcm,MG,1,benign,P_01608,right,3,cc,P_01608_RIGHT_CC_mass_1,CIRCUMSCRIBED-OBSCURED,OVAL,
3007,1,mass,digitized,4,"[1456, 1911, 2608, 3063]",2,,,./data/CBIS-DDSM/Mass-Training_P_01608_RIGHT_MLO/07-20-2016-DDSM-18254/1.000000-full mammogram images-49786/1-1.dcm,./data/CBIS-DDSM/Mass-Training_P_01608_RIGHT_MLO_1/07-21-2016-DDSM-73000/1.000000-ROI mask images-25047/1-2.dcm,MG,1,benign,P_01608,right,4,mlo,P_01608_RIGHT_MLO_mass_1,CIRCUMSCRIBED-OBSCURED,LOBULATED,
40,1,mass,digitized,4,"[1585, 2014, 2737, 3165]",3,,,./data/CBIS-DDSM/Mass-Training_P_01637_LEFT_MLO/07-20-2016-DDSM-12101/1.000000-full mammogram images-16287/1-1.dcm,./data/CBIS-DDSM/Mass-Training_P_01637_LEFT_MLO_1/07-21-2016-DDSM-54721/1.000000-ROI mask images-02304/1-1.dcm,MG,1,benign,P_01637,left,3,mlo,P_01637_LEFT_MLO_mass_1,ILL_DEFINED,OVAL,
2203,1,mass,digitized,4,"[1945, 4261, 3096, 5413]",2,,,./data/CBIS-DDSM/Mass-Training_P_01641_LEFT_CC/07-20-2016-DDSM-57361/1.000000-full mammogram images-22102/1-1.dcm,./data/CBIS-DDSM/Mass-Training_P_01641_LEFT_CC_1/07-21-2016-DDSM-98841/1.000000-ROI mask images-31658/1-2.dcm,MG,1,malignant,P_01641,left,4,cc,P_01641_LEFT_CC_mass_1,ILL_DEFINED,IRREGULAR,
2274,1,mass,digitized,4,"[1835, 3320, 2986, 4472]",2,,,./data/CBIS-DDSM/Mass-Training_P_01641_LEFT_MLO/07-20-2016-DDSM-11678/1.000000-full mammogram images-09929/1-1.dcm,./data/CBIS-DDSM/Mass-Training_P_01641_LEFT_MLO_1/07-21-2016-DDSM-76948/1.000000-ROI mask images-50954/1-2.dcm,MG,1,malignant,P_01641,left,4,mlo,P_01641_LEFT_MLO_mass_1,ILL_DEFINED,IRREGULAR,
60,1,mass,digitized,3,"[0, 1966, 831, 3118]",2,,,./data/CBIS-DDSM/Mass-Training_P_01644_LEFT_CC/07-20-2016-DDSM-50437/1.000000-full mammogram images-78860/1-1.dcm,./data/CBIS-DDSM/Mass-Training_P_01644_LEFT_CC_1/07-21-2016-DDSM-87271/1.000000-ROI mask images-57267/1-1.dcm,MG,1,benign,P_01644,left,5,cc,P_01644_LEFT_CC_mass_1,CIRCUMSCRIBED,OVAL,
2163,1,mass,digitized,3,"[323, 1393, 1474, 2544]",2,,,./data/CBIS-DDSM/Mass-Training_P_01644_LEFT_MLO/07-20-2016-DDSM-59384/1.000000-full mammogram images-29156/1-1.dcm,./data/CBIS-DDSM/Mass-Training_P_01644_LEFT_MLO_1/07-21-2016-DDSM-78931/1.000000-ROI mask images-05825/1-2.dcm,MG,1,benign,P_01644,left,5,mlo,P_01644_LEFT_MLO_mass_1,CIRCUMSCRIBED,OVAL,
2393,1,mass,digitized,5,"[1710, 1996, 2536, 3147]",2,,,./data/CBIS-DDSM/Mass-Training_P_01644_RIGHT_CC/07-20-2016-DDSM-13764/1.000000-full mammogram images-35343/1-1.dcm,./data/CBIS-DDSM/Mass-Training_P_01644_RIGHT_CC_1/07-21-2016-DDSM-34385/1.000000-ROI mask images-59662/1-2.dcm,MG,1,malignant,P_01644,right,5,cc,P_01644_RIGHT_CC_mass_1,SPICULATED,IRREGULAR,
2201,1,mass,digitized,5,"[1589, 3158, 2740, 4309]",2,,,./data/CBIS-DDSM/Mass-Training_P_01644_RIGHT_MLO/07-20-2016-DDSM-41336/1.000000-full mammogram images-61161/1-1.dcm,./data/CBIS-DDSM/Mass-Training_P_01644_RIGHT_MLO_1/07-21-2016-DDSM-76217/1.000000-ROI mask images-87838/1-1.dcm,MG,1,malignant,P_01644,right,5,mlo,P_01644_RIGHT_MLO_mass_1,SPICULATED,IRREGULAR,
2456,1,mass,digitized,4,"[1438, 847, 2589, 1998]",4,,,./data/CBIS-DDSM/Mass-Test_P_01645_RIGHT_CC/10-04-2016-DDSM-03970/1.000000-full mammogram images-82539/1-1.dcm,./data/CBIS-DDSM/Mass-Test_P_01645_RIGHT_CC_1/10-04-2016-DDSM-32498/1.000000-ROI mask images-14936/1-2.dcm,MG,1,benign,P_01645,right,3,cc,P_01645_RIGHT_CC_mass_1,CIRCUMSCRIBED-OBSCURED-ILL_DEFINED,OVAL,
1607,1,mass,digitized,4,"[1504, 1805, 2656, 2956]",1,,,./data/CBIS-DDSM/Mass-Training_P_01646_LEFT_CC/07-20-2016-DDSM-05043/1.000000-full mammogram images-26739/1-1.dcm,./data/CBIS-DDSM/Mass-Training_P_01646_LEFT_CC_1/07-21-2016-DDSM-75269/1.000000-ROI mask images-06231/1-2.dcm,MG,1,malignant,P_01646,left,2,cc,P_01646_LEFT_CC_mass_1,SPICULATED,IRREGULAR-ARCHITECTURAL_DISTORTION,
782,1,mass,digitized,4,"[2019, 2600, 3170, 3751]",1,,,./data/CBIS-DDSM/Mass-Training_P_01646_LEFT_MLO/07-20-2016-DDSM-05713/1.000000-full mammogram images-93886/1-1.dcm,./data/CBIS-DDSM/Mass-Training_P_01646_LEFT_MLO_1/07-21-2016-DDSM-62136/1.000000-ROI mask images-82941/1-2.dcm,MG,1,malignant,P_01646,left,2,mlo,P_01646_LEFT_MLO_mass_1,SPICULATED,IRREGULAR,
2855,1,mass,digitized,3,"[0, 1255, 736, 2407]",3,,,./data/CBIS-DDSM/Mass-Training_P_01650_LEFT_CC/07-20-2016-DDSM-28170/1.000000-full mammogram images-90830/1-1.dcm,./data/CBIS-DDSM/Mass-Training_P_01650_LEFT_CC_1/07-21-2016-DDSM-65920/1.000000-ROI mask images-07412/1-1.dcm,MG,1,benign,P_01650,left,4,cc,P_01650_LEFT_CC_mass_1,CIRCUMSCRIBED,OVAL,
896,1,mass,digitized,3,"[0, 951, 675, 2102]",3,,,./data/CBIS-DDSM/Mass-Training_P_01650_LEFT_MLO/07-20-2016-DDSM-13354/1.000000-full mammogram images-91465/1-1.dcm,./data/CBIS-DDSM/Mass-Training_P_01650_LEFT_MLO_1/07-21-2016-DDSM-92771/1.000000-ROI mask images-07072/1-1.dcm,MG,1,benign,P_01650,left,1,mlo,P_01650_LEFT_MLO_mass_1,ILL_DEFINED,FOCAL_ASYMMETRIC_DENSITY,
3457,1,mass,digitized,3,"[1442, 1959, 2594, 3111]",3,,,./data/CBIS-DDSM/Mass-Training_P_01654_RIGHT_CC/07-20-2016-DDSM-90373/1.000000-full mammogram images-04621/1-1.dcm,./data/CBIS-DDSM/Mass-Training_P_01654_RIGHT_CC_1/07-21-2016-DDSM-14365/1.000000-ROI mask images-03805/1-2.dcm,MG,1,malignant,P_01654,right,1,cc,P_01654_RIGHT_CC_mass_1,CIRCUMSCRIBED-OBSCURED,OVAL,
67,1,mass,digitized,4,"[1812, 679, 2592, 1831]",3,,,./data/CBIS-DDSM/Mass-Training_P_01654_RIGHT_MLO/07-20-2016-DDSM-54837/1.000000-full mammogram images-62513/1-1.dcm,./data/CBIS-DDSM/Mass-Training_P_01654_RIGHT_MLO_1/07-21-2016-DDSM-35233/1.000000-ROI mask images-48198/1-1.dcm,MG,1,malignant,P_01654,right,3,mlo,P_01654_RIGHT_MLO_mass_1,SPICULATED,IRREGULAR,
3186,1,mass,digitized,5,"[1628, 1313, 2779, 2465]",4,,,./data/CBIS-DDSM/Mass-Training_P_01669_LEFT_CC/07-20-2016-DDSM-68732/1.000000-full mammogram images-80465/1-1.dcm,./data/CBIS-DDSM/Mass-Training_P_01669_LEFT_CC_1/07-21-2016-DDSM-78709/1.000000-ROI mask images-89324/1-1.dcm,MG,1,malignant,P_01669,left,5,cc,P_01669_LEFT_CC_mass_1,SPICULATED,IRREGULAR,
787,1,mass,digitized,5,"[1038, 1686, 2189, 2838]",4,,,./data/CBIS-DDSM/Mass-Training_P_01669_LEFT_MLO/07-20-2016-DDSM-14752/1.000000-full mammogram images-57568/1-1.dcm,./data/CBIS-DDSM/Mass-Training_P_01669_LEFT_MLO_1/07-21-2016-DDSM-01349/1.000000-ROI mask images-88814/1-1.dcm,MG,1,malignant,P_01669,left,5,mlo,P_01669_LEFT_MLO_mass_1,SPICULATED,IRREGULAR,
735,1,mass,digitized,4,"[1613, 3607, 2765, 4758]",2,,,./data/CBIS-DDSM/Mass-Training_P_01680_LEFT_MLO/07-20-2016-DDSM-34774/1.000000-full mammogram images-12421/1-1.dcm,./data/CBIS-DDSM/Mass-Training_P_01680_LEFT_MLO_1/07-21-2016-DDSM-30262/1.000000-ROI mask images-13654/1-1.dcm,MG,1,benign,P_01680,left,4,mlo,P_01680_LEFT_MLO_mass_1,ILL_DEFINED,OVAL,
1671,1,mass,digitized,4,"[72, 1632, 1224, 2784]",2,,,./data/CBIS-DDSM/Mass-Test_P_01684_LEFT_CC/10-04-2016-DDSM-22519/1.000000-full mammogram images-88752/1-1.dcm,./data/CBIS-DDSM/Mass-Test_P_01684_LEFT_CC_1/10-04-2016-DDSM-22398/1.000000-ROI mask images-37715/1-2.dcm,MG,1,benign,P_01684,left,2,cc,P_01684_LEFT_CC_mass_1,OBSCURED,LOBULATED,
3011,1,mass,digitized,4,"[0, 2508, 1044, 3659]",2,,,./data/CBIS-DDSM/Mass-Test_P_01684_LEFT_MLO/10-04-2016-DDSM-35224/1.000000-full mammogram images-40625/1-1.dcm,./data/CBIS-DDSM/Mass-Test_P_01684_LEFT_MLO_1/10-04-2016-DDSM-93459/1.000000-ROI mask images-15886/1-2.dcm,MG,1,benign,P_01684,left,4,mlo,P_01684_LEFT_MLO_mass_1,OBSCURED,LOBULATED,
2875,1,mass,digitized,4,"[886, 1499, 2037, 2650]",2,,,./data/CBIS-DDSM/Mass-Training_P_01685_RIGHT_CC/07-20-2016-DDSM-47644/1.000000-full mammogram images-33059/1-1.dcm,./data/CBIS-DDSM/Mass-Training_P_01685_RIGHT_CC_1/07-21-2016-DDSM-30936/1.000000-ROI mask images-04312/1-1.dcm,MG,1,benign,P_01685,right,4,cc,P_01685_RIGHT_CC_mass_1,CIRCUMSCRIBED,OVAL,
1502,1,mass,digitized,4,"[735, 2362, 1887, 3513]",2,,,./data/CBIS-DDSM/Mass-Training_P_01685_RIGHT_MLO/07-20-2016-DDSM-49624/1.000000-full mammogram images-15105/1-1.dcm,./data/CBIS-DDSM/Mass-Training_P_01685_RIGHT_MLO_1/07-21-2016-DDSM-16066/1.000000-ROI mask images-62914/1-1.dcm,MG,1,benign,P_01685,right,4,mlo,P_01685_RIGHT_MLO_mass_1,CIRCUMSCRIBED,LOBULATED,
2173,1,mass,digitized,4,"[1446, 3761, 2597, 4913]",1,,,./data/CBIS-DDSM/Mass-Training_P_01712_LEFT_CC/07-20-2016-DDSM-75760/1.000000-full mammogram images-88846/1-1.dcm,./data/CBIS-DDSM/Mass-Training_P_01712_LEFT_CC_1/07-21-2016-DDSM-11618/1.000000-ROI mask images-02320/1-1.dcm,MG,1,benign,P_01712,left,5,cc,P_01712_LEFT_CC_mass_1,CIRCUMSCRIBED,OVAL,
18,1,mass,digitized,4,"[772, 3443, 1923, 4594]",1,,,./data/CBIS-DDSM/Mass-Training_P_01712_LEFT_MLO/07-20-2016-DDSM-99985/1.000000-full mammogram images-54436/1-1.dcm,./data/CBIS-DDSM/Mass-Training_P_01712_LEFT_MLO_1/07-21-2016-DDSM-86621/1.000000-ROI mask images-28011/1-2.dcm,MG,1,benign,P_01712,left,5,mlo,P_01712_LEFT_MLO_mass_1,CIRCUMSCRIBED,OVAL,
1722,1,mass,digitized,4,"[1300, 1902, 2451, 3054]",1,,,./data/CBIS-DDSM/Mass-Training_P_01712_RIGHT_CC/07-20-2016-DDSM-45871/1.000000-full mammogram images-50889/1-1.dcm,./data/CBIS-DDSM/Mass-Training_P_01712_RIGHT_CC_1/07-21-2016-DDSM-24340/1.000000-ROI mask images-06808/1-2.dcm,MG,1,benign,P_01712,right,5,cc,P_01712_RIGHT_CC_mass_1,CIRCUMSCRIBED-ILL_DEFINED,LOBULATED,
3135,1,mass,digitized,4,"[647, 1873, 1798, 3025]",1,,,./data/CBIS-DDSM/Mass-Training_P_01712_RIGHT_MLO/07-20-2016-DDSM-10359/1.000000-full mammogram images-36936/1-1.dcm,./data/CBIS-DDSM/Mass-Training_P_01712_RIGHT_MLO_1/07-21-2016-DDSM-01816/1.000000-ROI mask images-45678/1-2.dcm,MG,1,benign,P_01712,right,5,mlo,P_01712_RIGHT_MLO_mass_1,CIRCUMSCRIBED-ILL_DEFINED,LOBULATED,
1336,1,mass,digitized,0,"[1296, 1583, 2447, 2734]",2,,,./data/CBIS-DDSM/Mass-Training_P_01715_RIGHT_CC/07-20-2016-DDSM-05507/1.000000-full mammogram images-31627/1-1.dcm,./data/CBIS-DDSM/Mass-Training_P_01715_RIGHT_CC_1/07-21-2016-DDSM-92183/1.000000-ROI mask images-99125/1-1.dcm,MG,1,benign,P_01715,right,5,cc,P_01715_RIGHT_CC_mass_1,OBSCURED,IRREGULAR,
1427,1,mass,digitized,0,"[1599, 2812, 2751, 3964]",2,,,./data/CBIS-DDSM/Mass-Training_P_01715_RIGHT_MLO/07-20-2016-DDSM-22885/1.000000-full mammogram images-54516/1-1.dcm,./data/CBIS-DDSM/Mass-Training_P_01715_RIGHT_MLO_1/07-21-2016-DDSM-38866/1.000000-ROI mask images-84589/1-1.dcm,MG,1,benign,P_01715,right,5,mlo,P_01715_RIGHT_MLO_mass_1,OBSCURED,IRREGULAR,
1851,1,mass,digitized,4,"[1487, 2866, 2624, 4017]",3,,,./data/CBIS-DDSM/Mass-Training_P_01733_RIGHT_MLO/07-20-2016-DDSM-25716/1.000000-full mammogram images-81146/1-1.dcm,./data/CBIS-DDSM/Mass-Training_P_01733_RIGHT_MLO_1/07-21-2016-DDSM-55655/1.000000-ROI mask images-29905/1-1.dcm,MG,1,benign,P_01733,right,3,mlo,P_01733_RIGHT_MLO_mass_1,ILL_DEFINED,IRREGULAR,
805,1,mass,digitized,0,"[1496, 2229, 2131, 3380]",2,,,./data/CBIS-DDSM/Mass-Training_P_01735_RIGHT_CC/07-20-2016-DDSM-18034/1.000000-full mammogram images-01742/1-1.dcm,./data/CBIS-DDSM/Mass-Training_P_01735_RIGHT_CC_1/07-21-2016-DDSM-38254/1.000000-ROI mask images-47809/1-1.dcm,MG,1,malignant,P_01735,right,5,cc,P_01735_RIGHT_CC_mass_1,OBSCURED,OVAL,
522,1,mass,digitized,0,"[1944, 3064, 2791, 4216]",2,,,./data/CBIS-DDSM/Mass-Training_P_01735_RIGHT_MLO/07-20-2016-DDSM-38171/1.000000-full mammogram images-67120/1-1.dcm,./data/CBIS-DDSM/Mass-Training_P_01735_RIGHT_MLO_1/07-21-2016-DDSM-51388/1.000000-ROI mask images-91153/1-1.dcm,MG,1,malignant,P_01735,right,5,mlo,P_01735_RIGHT_MLO_mass_1,OBSCURED,OVAL,
1149,1,mass,digitized,4,"[1455, 3089, 2521, 4241]",4,,,./data/CBIS-DDSM/Mass-Training_P_01749_LEFT_CC/07-20-2016-DDSM-45622/1.000000-full mammogram images-56192/1-1.dcm,./data/CBIS-DDSM/Mass-Training_P_01749_LEFT_CC_1/07-21-2016-DDSM-52981/1.000000-ROI mask images-90298/1-2.dcm,MG,1,benign,P_01749,left,3,cc,P_01749_LEFT_CC_mass_1,CIRCUMSCRIBED,ROUND,
3371,1,mass,digitized,4,"[1707, 3590, 2521, 4741]",4,,,./data/CBIS-DDSM/Mass-Training_P_01749_LEFT_MLO/07-20-2016-DDSM-05213/1.000000-full mammogram images-11086/1-1.dcm,./data/CBIS-DDSM/Mass-Training_P_01749_LEFT_MLO_1/07-21-2016-DDSM-15194/1.000000-ROI mask images-56578/1-1.dcm,MG,1,benign,P_01749,left,3,mlo,P_01749_LEFT_MLO_mass_1,CIRCUMSCRIBED,ROUND,
3336,1,mass,digitized,4,"[0, 3334, 772, 4486]",3,,,./data/CBIS-DDSM/Mass-Training_P_01785_RIGHT_CC/07-20-2016-DDSM-52101/1.000000-full mammogram images-73897/1-1.dcm,./data/CBIS-DDSM/Mass-Training_P_01785_RIGHT_CC_1/07-21-2016-DDSM-79220/1.000000-ROI mask images-65464/1-1.dcm,MG,1,benign,P_01785,right,4,cc,P_01785_RIGHT_CC_mass_1,CIRCUMSCRIBED,LOBULATED,
1614,1,mass,digitized,4,"[16, 2666, 1168, 3818]",3,,,./data/CBIS-DDSM/Mass-Training_P_01785_RIGHT_MLO/07-20-2016-DDSM-19688/1.000000-full mammogram images-96199/1-1.dcm,./data/CBIS-DDSM/Mass-Training_P_01785_RIGHT_MLO_1/07-21-2016-DDSM-23938/1.000000-ROI mask images-18305/1-1.dcm,MG,1,benign,P_01785,right,4,mlo,P_01785_RIGHT_MLO_mass_1,CIRCUMSCRIBED,LOBULATED,
2463,1,mass,digitized,4,"[1349, 1176, 2296, 2327]",4,,,./data/CBIS-DDSM/Mass-Test_P_01796_LEFT_CC/10-04-2016-DDSM-55470/1.000000-full mammogram images-13052/1-1.dcm,./data/CBIS-DDSM/Mass-Test_P_01796_LEFT_CC_1/10-04-2016-DDSM-57281/1.000000-ROI mask images-59444/1-2.dcm,MG,1,benign,P_01796,left,1,cc,P_01796_LEFT_CC_mass_1,SPICULATED,ARCHITECTURAL_DISTORTION,
374,1,mass,digitized,4,"[1450, 2326, 2601, 3477]",4,,,./data/CBIS-DDSM/Mass-Test_P_01796_LEFT_MLO/10-04-2016-DDSM-70255/1.000000-full mammogram images-64341/1-1.dcm,./data/CBIS-DDSM/Mass-Test_P_01796_LEFT_MLO_1/10-04-2016-DDSM-35864/1.000000-ROI mask images-42059/1-2.dcm,MG,1,benign,P_01796,left,1,mlo,P_01796_LEFT_MLO_mass_1,SPICULATED,ARCHITECTURAL_DISTORTION,
261,1,mass,digitized,4,"[2717, 2980, 3869, 4131]",2,,,./data/CBIS-DDSM/Mass-Test_P_01797_LEFT_CC/10-04-2016-DDSM-45096/1.000000-full mammogram images-47534/1-1.dcm,./data/CBIS-DDSM/Mass-Test_P_01797_LEFT_CC_1/10-04-2016-DDSM-65399/1.000000-ROI mask images-34962/1-2.dcm,MG,1,benign,P_01797,left,4,cc,P_01797_LEFT_CC_mass_1,ILL_DEFINED,OVAL,
443,1,mass,digitized,4,"[2336, 4283, 3487, 5435]",2,,,./data/CBIS-DDSM/Mass-Test_P_01797_LEFT_MLO/10-04-2016-DDSM-41593/1.000000-full mammogram images-85355/1-1.dcm,./data/CBIS-DDSM/Mass-Test_P_01797_LEFT_MLO_1/10-04-2016-DDSM-78337/1.000000-ROI mask images-81266/1-2.dcm,MG,1,benign,P_01797,left,4,mlo,P_01797_LEFT_MLO_mass_1,ILL_DEFINED,OVAL,
3349,1,mass,digitized,4,"[2552, 313, 3256, 1465]",1,,,./data/CBIS-DDSM/Mass-Training_P_01801_RIGHT_CC/07-20-2016-DDSM-11775/1.000000-full mammogram images-38528/1-1.dcm,./data/CBIS-DDSM/Mass-Training_P_01801_RIGHT_CC_1/07-21-2016-DDSM-54719/1.000000-ROI mask images-27585/1-1.dcm,MG,1,malignant,P_01801,right,3,cc,P_01801_RIGHT_CC_mass_1,ILL_DEFINED,OVAL,
1865,1,mass,digitized,4,"[2460, 2498, 3304, 3650]",1,,,./data/CBIS-DDSM/Mass-Training_P_01801_RIGHT_MLO/07-20-2016-DDSM-43140/1.000000-full mammogram images-83488/1-1.dcm,./data/CBIS-DDSM/Mass-Training_P_01801_RIGHT_MLO_1/07-21-2016-DDSM-03862/1.000000-ROI mask images-09655/1-1.dcm,MG,1,malignant,P_01801,right,4,mlo,P_01801_RIGHT_MLO_mass_1,ILL_DEFINED,OVAL,
2805,1,mass,digitized,3,"[0, 1739, 782, 2891]",3,,,./data/CBIS-DDSM/Mass-Training_P_01804_LEFT_MLO/07-20-2016-DDSM-43960/1.000000-full mammogram images-90099/1-1.dcm,./data/CBIS-DDSM/Mass-Training_P_01804_LEFT_MLO_1/07-21-2016-DDSM-81391/1.000000-ROI mask images-72680/1-1.dcm,MG,1,benign,P_01804,left,3,mlo,P_01804_LEFT_MLO_mass_1,MICROLOBULATED,ROUND,
949,1,mass,digitized,3,"[194, 2245, 1345, 3397]",2,,,./data/CBIS-DDSM/Mass-Training_P_01816_LEFT_CC/07-20-2016-DDSM-81201/1.000000-full mammogram images-05058/1-1.dcm,./data/CBIS-DDSM/Mass-Training_P_01816_LEFT_CC_1/07-21-2016-DDSM-88835/1.000000-ROI mask images-63578/1-2.dcm,MG,1,malignant,P_01816,left,3,cc,P_01816_LEFT_CC_mass_1,ILL_DEFINED,IRREGULAR,
1829,1,mass,digitized,3,"[313, 3538, 1465, 4690]",2,,,./data/CBIS-DDSM/Mass-Training_P_01816_LEFT_MLO/07-20-2016-DDSM-39290/1.000000-full mammogram images-83600/1-1.dcm,./data/CBIS-DDSM/Mass-Training_P_01816_LEFT_MLO_1/07-21-2016-DDSM-98026/1.000000-ROI mask images-85659/1-1.dcm,MG,1,malignant,P_01816,left,3,mlo,P_01816_LEFT_MLO_mass_1,ILL_DEFINED,IRREGULAR,
2401,1,mass,digitized,5,"[2105, 328, 3032, 1479]",1,,,./data/CBIS-DDSM/Mass-Training_P_01824_RIGHT_CC/07-20-2016-DDSM-59302/1.000000-full mammogram images-64459/1-1.dcm,./data/CBIS-DDSM/Mass-Training_P_01824_RIGHT_CC_1/07-21-2016-DDSM-30054/1.000000-ROI mask images-77972/1-1.dcm,MG,1,malignant,P_01824,right,5,cc,P_01824_RIGHT_CC_mass_1,SPICULATED,IRREGULAR-ARCHITECTURAL_DISTORTION,
292,1,mass,digitized,5,"[1747, 1658, 2898, 2810]",1,,,./data/CBIS-DDSM/Mass-Training_P_01824_RIGHT_MLO/07-20-2016-DDSM-59863/1.000000-full mammogram images-95340/1-1.dcm,./data/CBIS-DDSM/Mass-Training_P_01824_RIGHT_MLO_1/07-21-2016-DDSM-49800/1.000000-ROI mask images-37704/1-1.dcm,MG,1,malignant,P_01824,right,5,mlo,P_01824_RIGHT_MLO_mass_1,SPICULATED,IRREGULAR-ARCHITECTURAL_DISTORTION,
217,1,mass,digitized,3,"[1976, 1417, 2888, 2568]",2,,,./data/CBIS-DDSM/Mass-Test_P_01825_RIGHT_CC/10-04-2016-DDSM-79035/1.000000-full mammogram images-26386/1-1.dcm,./data/CBIS-DDSM/Mass-Test_P_01825_RIGHT_CC_1/10-04-2016-DDSM-13931/1.000000-ROI mask images-87917/1-2.dcm,MG,1,benign,P_01825,right,3,cc,P_01825_RIGHT_CC_mass_1,CIRCUMSCRIBED,OVAL,
342,1,mass,digitized,3,"[1961, 2485, 2888, 3637]",2,,,./data/CBIS-DDSM/Mass-Test_P_01825_RIGHT_MLO/10-04-2016-DDSM-82843/1.000000-full mammogram images-16956/1-1.dcm,./data/CBIS-DDSM/Mass-Test_P_01825_RIGHT_MLO_1/10-04-2016-DDSM-02779/1.000000-ROI mask images-20269/1-2.dcm,MG,1,benign,P_01825,right,3,mlo,P_01825_RIGHT_MLO_mass_1,MICROLOBULATED,LOBULATED,
924,1,mass,digitized,5,"[2657, 2318, 3808, 3469]",1,,,./data/CBIS-DDSM/Mass-Training_P_01832_RIGHT_MLO/07-20-2016-DDSM-49056/1.000000-full mammogram images-56934/1-1.dcm,./data/CBIS-DDSM/Mass-Training_P_01832_RIGHT_MLO_1/07-21-2016-DDSM-54154/1.000000-ROI mask images-96672/1-2.dcm,MG,1,malignant,P_01832,right,5,mlo,P_01832_RIGHT_MLO_mass_1,ILL_DEFINED,ROUND,
2346,1,mass,digitized,4,"[172, 1928, 1323, 3079]",3,,,./data/CBIS-DDSM/Mass-Training_P_01840_RIGHT_MLO/07-20-2016-DDSM-89949/1.000000-full mammogram images-98857/1-1.dcm,./data/CBIS-DDSM/Mass-Training_P_01840_RIGHT_MLO_1/07-21-2016-DDSM-15432/1.000000-ROI mask images-01436/1-1.dcm,MG,1,benign,P_01840,right,3,mlo,P_01840_RIGHT_MLO_mass_1,OBSCURED,ROUND,
1705,1,mass,digitized,4,"[599, 4054, 1751, 5205]",3,,,./data/CBIS-DDSM/Mass-Training_P_01850_RIGHT_CC/07-20-2016-DDSM-35189/1.000000-full mammogram images-59282/1-1.dcm,./data/CBIS-DDSM/Mass-Training_P_01850_RIGHT_CC_1/07-21-2016-DDSM-03395/1.000000-ROI mask images-26386/1-1.dcm,MG,1,benign,P_01850,right,3,cc,P_01850_RIGHT_CC_mass_1,OBSCURED,ROUND,
870,1,mass,digitized,4,"[148, 4940, 1300, 6092]",3,,,./data/CBIS-DDSM/Mass-Training_P_01850_RIGHT_MLO/07-20-2016-DDSM-89673/1.000000-full mammogram images-18759/1-1.dcm,./data/CBIS-DDSM/Mass-Training_P_01850_RIGHT_MLO_1/07-21-2016-DDSM-57410/1.000000-ROI mask images-21466/1-2.dcm,MG,1,benign,P_01850,right,3,mlo,P_01850_RIGHT_MLO_mass_1,OBSCURED,ROUND,
2702,1,mass,digitized,4,"[1845, 1426, 2997, 2577]",2,,,./data/CBIS-DDSM/Mass-Training_P_01853_LEFT_CC/07-20-2016-DDSM-19217/1.000000-full mammogram images-05116/1-1.dcm,./data/CBIS-DDSM/Mass-Training_P_01853_LEFT_CC_1/07-21-2016-DDSM-84249/1.000000-ROI mask images-71219/1-1.dcm,MG,1,malignant,P_01853,left,1,cc,P_01853_LEFT_CC_mass_1,SPICULATED,IRREGULAR,
1356,1,mass,digitized,4,"[1088, 1333, 2239, 2484]",2,,,./data/CBIS-DDSM/Mass-Training_P_01853_LEFT_MLO/07-20-2016-DDSM-06263/1.000000-full mammogram images-30361/1-1.dcm,./data/CBIS-DDSM/Mass-Training_P_01853_LEFT_MLO_1/07-21-2016-DDSM-88115/1.000000-ROI mask images-36579/1-1.dcm,MG,1,malignant,P_01853,left,1,mlo,P_01853_LEFT_MLO_mass_1,SPICULATED,IRREGULAR,
1498,1,mass,digitized,0,"[411, 1085, 1562, 2236]",3,,,./data/CBIS-DDSM/Mass-Training_P_01876_LEFT_CC/07-20-2016-DDSM-44683/1.000000-full mammogram images-55437/1-1.dcm,./data/CBIS-DDSM/Mass-Training_P_01876_LEFT_CC_1/07-21-2016-DDSM-29183/1.000000-ROI mask images-54184/1-1.dcm,MG,1,benign,P_01876,left,3,cc,P_01876_LEFT_CC_mass_1,MICROLOBULATED,LOBULATED,
3194,1,mass,digitized,0,"[643, 2298, 1794, 3450]",3,,,./data/CBIS-DDSM/Mass-Training_P_01876_LEFT_MLO/07-20-2016-DDSM-81356/1.000000-full mammogram images-57474/1-1.dcm,./data/CBIS-DDSM/Mass-Training_P_01876_LEFT_MLO_1/07-21-2016-DDSM-36544/1.000000-ROI mask images-63555/1-1.dcm,MG,1,benign,P_01876,left,3,mlo,P_01876_LEFT_MLO_mass_1,MICROLOBULATED,LOBULATED,
3566,1,mass,digitized,0,"[893, 1213, 2045, 2365]",2,,,./data/CBIS-DDSM/Mass-Training_P_01887_LEFT_CC/07-20-2016-DDSM-60228/1.000000-full mammogram images-98521/1-1.dcm,./data/CBIS-DDSM/Mass-Training_P_01887_LEFT_CC_1/07-21-2016-DDSM-17831/1.000000-ROI mask images-93709/1-1.dcm,MG,1,benign,P_01887,left,4,cc,P_01887_LEFT_CC_mass_1,OBSCURED,LOBULATED,
71,1,mass,digitized,0,"[1897, 1519, 3049, 2671]",2,,,./data/CBIS-DDSM/Mass-Training_P_01887_LEFT_MLO/07-20-2016-DDSM-77691/1.000000-full mammogram images-94215/1-1.dcm,./data/CBIS-DDSM/Mass-Training_P_01887_LEFT_MLO_1/07-21-2016-DDSM-35240/1.000000-ROI mask images-76297/1-2.dcm,MG,1,benign,P_01887,left,4,mlo,P_01887_LEFT_MLO_mass_1,OBSCURED,LOBULATED,
1122,1,mass,digitized,3,"[2208, 1971, 3360, 3123]",1,,,./data/CBIS-DDSM/Mass-Training_P_01889_RIGHT_CC/07-20-2016-DDSM-51519/1.000000-full mammogram images-76495/1-1.dcm,./data/CBIS-DDSM/Mass-Training_P_01889_RIGHT_CC_1/07-21-2016-DDSM-46689/1.000000-ROI mask images-49263/1-2.dcm,MG,1,benign,P_01889,right,5,cc,P_01889_RIGHT_CC_mass_1,CIRCUMSCRIBED,LOBULATED,
1561,1,mass,digitized,3,"[1856, 3744, 3008, 4896]",1,,,./data/CBIS-DDSM/Mass-Training_P_01889_RIGHT_MLO/07-20-2016-DDSM-11333/1.000000-full mammogram images-14557/1-1.dcm,./data/CBIS-DDSM/Mass-Training_P_01889_RIGHT_MLO_1/07-21-2016-DDSM-57010/1.000000-ROI mask images-44337/1-2.dcm,MG,1,benign,P_01889,right,5,mlo,P_01889_RIGHT_MLO_mass_1,CIRCUMSCRIBED,LOBULATED,
1012,1,mass,digitized,3,"[1405, 2345, 2557, 3497]",2,,,./data/CBIS-DDSM/Mass-Training_P_01890_LEFT_MLO/07-20-2016-DDSM-37683/1.000000-full mammogram images-15047/1-1.dcm,./data/CBIS-DDSM/Mass-Training_P_01890_LEFT_MLO_1/07-21-2016-DDSM-15471/1.000000-ROI mask images-23008/1-1.dcm,MG,1,malignant,P_01890,left,2,mlo,P_01890_LEFT_MLO_mass_1,OBSCURED-ILL_DEFINED,OVAL,
