,abnormality idx,abnormality type,acquisition type,assessment score,bbox,breast density,calc distribution,calc morphology,image_file,mask_file,modality,num abnormalities,pathology,patient_id,side,subtlety,view,name,mass margins,mass shape,associated findings
2650,1,mass,digitized,4,"[1032, 3137, 2184, 4288]",3,,,./data/CBIS-DDSM/Mass-Training_P_00004_LEFT_CC/07-20-2016-DDSM-95697/1.000000-full mammogram images-46540/1-1.dcm,./data/CBIS-DDSM/Mass-Training_P_00004_LEFT_CC_1/07-21-2016-DDSM-30167/1.000000-ROI mask images-50375/1-1.dcm,MG,1,benign,P_00004,left,3,cc,P_00004_LEFT_CC_mass_1,ILL_DEFINED,ARCHITECTURAL_DISTORTION,
41,1,mass,digitized,4,"[1268, 2672, 2419, 3824]",3,,,./data/CBIS-DDSM/Mass-Training_P_00004_LEFT_MLO/07-20-2016-DDSM-20939/1.000000-full mammogram images-00162/1-1.dcm,./data/CBIS-DDSM/Mass-Training_P_00004_LEFT_MLO_1/07-21-2016-DDSM-78769/1.000000-ROI mask images-10515/1-1.dcm,MG,1,benign,P_00004,left,3,mlo,P_00004_LEFT_MLO_mass_1,ILL_DEFINED,ARCHITECTURAL_DISTORTION,
1848,1,mass,digitized,4,"[330, 3407, 1482, 4559]",3,,,./data/CBIS-DDSM/Mass-Training_P_00004_RIGHT_MLO/07-20-2016-DDSM-24486/1.000000-full mammogram images-89890/1-1.dcm,./data/CBIS-DDSM/Mass-Training_P_00004_RIGHT_MLO_1/07-21-2016-DDSM-83774/1.000000-ROI mask images-84846/1-2.dcm,MG,1,benign,P_00004,right,5,mlo,P_00004_RIGHT_MLO_mass_1,CIRCUMSCRIBED,OVAL,
878,1,mass,digitized,5,"[859, 2110, 2010, 3262]",1,,,./data/CBIS-DDSM/Mass-Training_P_00023_RIGHT_CC/07-20-2016-DDSM-19545/1.000000-full mammogram images-79091/1-1.dcm,./data/CBIS-DDSM/Mass-Training_P_00023_RIGHT_CC_1/07-21-2016-DDSM-46282/1.000000-ROI mask images-20091/1-1.dcm,MG,1,malignant,P_00023,right,4,cc,P_00023_RIGHT_CC_mass_1,SPICULATED,IRREGULAR,
3303,1,mass,digitized,5,"[1841, 2778, 2993, 3929]",1,,,./data/CBIS-DDSM/Mass-Training_P_00023_RIGHT_MLO/07-20-2016-DDSM-28127/1.000000-full mammogram images-57214/1-1.dcm,./data/CBIS-DDSM/Mass-Training_P_00023_RIGHT_MLO_1/07-21-2016-DDSM-90295/1.000000-ROI mask images-44365/1-1.dcm,MG,1,malignant,P_00023,right,4,mlo,P_00023_RIGHT_MLO_mass_1,SPICULATED,IRREGULAR,
2777,1,mass,digitized,5,"[1264, 984, 2416, 2136]",3,,,./data/CBIS-DDSM/Mass-Test_P_00037_RIGHT_CC/10-04-2016-DDSM-74559/1.000000-full mammogram images-82316/1-1.dcm,./data/CBIS-DDSM/Mass-Test_P_00037_RIGHT_CC_1/10-04-2016-DDSM-38107/1.000000-ROI mask images-81452/1-2.dcm,MG,1,malignant,P_00037,right,5,cc,P_00037_RIGHT_CC_mass_1,SPICULATED,ROUND,
2433,1,mass,digitized,5,"[959, 1750, 2110, 2902]",3,,,./data/CBIS-DDSM/Mass-Test_P_00037_RIGHT_MLO/10-04-2016-DDSM-48441/1.000000-full mammogram images-32362/1-1.dcm,./data/CBIS-DDSM/Mass-Test_P_00037_RIGHT_MLO_1/10-04-2016-DDSM-62492/1.000000-ROI mask images-84055/1-2.dcm,MG,1,malignant,P_00037,right,5,mlo,P_00037_RIGHT_MLO_mass_1,SPICULATED,IRREGULAR,
68,1,mass,digitized,3,"[2042, 2416, 2920, 3567]",4,,,./data/CBIS-DDSM/Mass-Training_P_00054_RIGHT_MLO/07-20-2016-DDSM-02184/1.000000-full mammogram images-62855/1-1.dcm,./data/CBIS-DDSM/Mass-Training_P_00054_RIGHT_MLO_1/07-21-2016-DDSM-11471/1.000000-ROI mask images-85130/1-2.dcm,MG,1,benign,P_00054,right,4,mlo,P_00054_RIGHT_MLO_mass_1,CIRCUMSCRIBED,OVAL,
2684,1,mass,digitized,0,"[1598, 1326, 2750, 2478]",2,,,./data/CBIS-DDSM/Mass-Training_P_00079_RIGHT_CC/07-20-2016-DDSM-09562/1.000000-full mammogram images-57737/1-1.dcm,./data/CBIS-DDSM/Mass-Training_P_00079_RIGHT_CC_1/07-21-2016-DDSM-16989/1.000000-ROI mask images-63843/1-1.dcm,MG,1,malignant,P_00079,right,4,cc,P_00079_RIGHT_CC_mass_1,,ARCHITECTURAL_DISTORTION,
929,1,mass,digitized,0,"[1725, 2561, 2876, 3713]",2,,,./data/CBIS-DDSM/Mass-Training_P_00079_RIGHT_MLO/07-20-2016-DDSM-78405/1.000000-full mammogram images-85091/1-1.dcm,./data/CBIS-DDSM/Mass-Training_P_00079_RIGHT_MLO_1/07-21-2016-DDSM-63656/1.000000-ROI mask images-74327/1-2.dcm,MG,1,malignant,P_00079,right,4,mlo,P_00079_RIGHT_MLO_mass_1,,ARCHITECTURAL_DISTORTION,
1895,1,mass,digitized,0,"[458, 1200, 1609, 2351]",2,,,./data/CBIS-DDSM/Mass-Training_P_00108_LEFT_CC/07-20-2016-DDSM-68277/1.000000-full mammogram images-23155/1-1.dcm,./data/CBIS-DDSM/Mass-Training_P_00108_LEFT_CC_1/07-21-2016-DDSM-86209/1.000000-ROI mask images-13018/1-1.dcm,MG,1,benign,P_00108,left,4,cc,P_00108_LEFT_CC_mass_1,OBSCURED,OVAL,
2197,1,mass,digitized,0,"[333, 2834, 1485, 3985]",2,,,./data/CBIS-DDSM/Mass-Training_P_00108_LEFT_MLO/07-20-2016-DDSM-53783/1.000000-full mammogram images-49481/1-1.dcm,./data/CBIS-DDSM/Mass-Training_P_00108_LEFT_MLO_1/07-21-2016-DDSM-74722/1.000000-ROI mask images-57321/1-1.dcm,MG,1,benign,P_00108,left,4,mlo,P_00108_LEFT_MLO_mass_1,OBSCURED,OVAL,
1246,1,mass,digitized,3,"[662, 1532, 1813, 2683]",2,,,./data/CBIS-DDSM/Mass-Training_P_00119_LEFT_CC/07-20-2016-DDSM-00683/1.000000-full mammogram images-43211/1-1.dcm,./data/CBIS-DDSM/Mass-Training_P_00119_LEFT_CC_1/07-21-2016-DDSM-26602/1.000000-ROI mask images-32990/1-1.dcm,MG,1,benign,P_00119,left,4,cc,P_00119_LEFT_CC_mass_1,CIRCUMSCRIBED,LOBULATED,
1603,1,mass,digitized,3,"[978, 3489, 2130, 4640]",2,,,./data/CBIS-DDSM/Mass-Training_P_00119_LEFT_MLO/07-20-2016-DDSM-08404/1.000000-full mammogram images-79130/1-1.dcm,./data/CBIS-DDSM/Mass-Training_P_00119_LEFT_MLO_1/07-21-2016-DDSM-70589/1.000000-ROI mask images-97455/1-1.dcm,MG,1,benign,P_00119,left,4,mlo,P_00119_LEFT_MLO_mass_1,CIRCUMSCRIBED,LOBULATED,
24,1,mass,digitized,4,"[144, 2111, 1295, 3262]",4,,,./data/CBIS-DDSM/Mass-Training_P_00120_LEFT_CC/07-20-2016-DDSM-04470/1.000000-full mammogram images-31512/1-1.dcm,./data/CBIS-DDSM/Mass-Training_P_00120_LEFT_CC_1/07-21-2016-DDSM-99811/1.000000-ROI mask images-95097/1-2.dcm,MG,1,benign,P_00120,left,5,cc,P_00120_LEFT_CC_mass_1,OBSCURED,ROUND,
2252,1,mass,digitized,4,"[3, 2422, 1154, 3574]",4,,,./data/CBIS-DDSM/Mass-Training_P_00120_LEFT_MLO/07-20-2016-DDSM-01795/1.000000-full mammogram images-87564/1-1.dcm,./data/CBIS-DDSM/Mass-Training_P_00120_LEFT_MLO_1/07-21-2016-DDSM-33632/1.000000-ROI mask images-23305/1-1.dcm,MG,1,benign,P_00120,left,5,mlo,P_00120_LEFT_MLO_mass_1,OBSCURED,ROUND,
3563,1,mass,digitized,3,"[1547, 1085, 2698, 2236]",2,,,./data/CBIS-DDSM/Mass-Training_P_00122_RIGHT_MLO/07-20-2016-DDSM-62692/1.000000-full mammogram images-50134/1-1.dcm,./data/CBIS-DDSM/Mass-Training_P_00122_RIGHT_MLO_1/07-21-2016-DDSM-31104/1.000000-ROI mask images-93771/1-1.dcm,MG,1,benign,P_00122,right,4,mlo,P_00122_RIGHT_MLO_mass_1,CIRCUMSCRIBED,LOBULATED,
86,1,mass,digitized,4,"[1438, 1066, 2590, 2217]",2,,,./data/CBIS-DDSM/Mass-Training_P_00148_RIGHT_CC/07-20-2016-DDSM-32202/1.000000-full mammogram images-97152/1-1.dcm,./data/CBIS-DDSM/Mass-Training_P_00148_RIGHT_CC_1/07-21-2016-DDSM-93146/1.000000-ROI mask images-35160/1-1.dcm,MG,1,malignant,P_00148,right,4,cc,P_00148_RIGHT_CC_mass_1,CIRCUMSCRIBED-ILL_DEFINED,LOBULATED,
2732,1,mass,digitized,4,"[623, 2146, 1774, 3298]",2,,,./data/CBIS-DDSM/Mass-Training_P_00148_RIGHT_MLO/07-20-2016-DDSM-30057/1.000000-full mammogram images-92974/1-1.dcm,./data/CBIS-DDSM/Mass-Training_P_00148_RIGHT_MLO_1/07-21-2016-DDSM-80342/1.000000-ROI mask images-92233/1-1.dcm,MG,1,malignant,P_00148,right,4,mlo,P_00148_RIGHT_MLO_mass_1,MICROLOBULATED-ILL_DEFINED,IRREGULAR,
3484,1,mass,digitized,5,"[582, 1262, 1733, 2414]",1,,,./data/CBIS-DDSM/Mass-Training_P_00149_LEFT_CC/07-20-2016-DDSM-41615/1.000000-full mammogram images-34348/1-1.dcm,./data/CBIS-DDSM/Mass-Training_P_00149_LEFT_CC_1/07-21-2016-DDSM-06526/1.000000-ROI mask images-57657/1-1.dcm,MG,1,malignant,P_00149,left,5,cc,P_00149_LEFT_CC_mass_1,SPICULATED,IRREGULAR,
2374,1,mass,digitized,3,"[1368, 2717, 2520, 3868]",1,,,./data/CBIS-DDSM/Mass-Training_P_00149_LEFT_MLO/07-20-2016-DDSM-47959/1.000000-full mammogram images-72440/1-1.dcm,./data/CBIS-DDSM/Mass-Training_P_00149_LEFT_MLO_1/07-21-2016-DDSM-38931/1.000000-ROI mask images-74773/1-1.dcm,MG,1,malignant,P_00149,left,3,mlo,P_00149_LEFT_MLO_mass_1,OBSCURED,LOBULATED,
3348,1,mass,digitized,3,"[2439, 1160, 3590, 2312]",2,,,./data/CBIS-DDSM/Mass-Test_P_00159_RIGHT_MLO/10-04-2016-DDSM-26558/1.000000-full mammogram images-86424/1-1.dcm,./data/CBIS-DDSM/Mass-Test_P_00159_RIGHT_MLO_1/10-04-2016-DDSM-26820/1.000000-ROI mask images-47758/1-2.dcm,MG,1,benign,P_00159,right,3,mlo,P_00159_RIGHT_MLO_mass_1,CIRCUMSCRIBED,ROUND,
183,1,mass,digitized,4,"[1671, 731, 2823, 1883]",2,,,./data/CBIS-DDSM/Mass-Test_P_00198_LEFT_CC/10-04-2016-DDSM-51212/1.000000-full mammogram images-70736/1-1.dcm,./data/CBIS-DDSM/Mass-Test_P_00198_LEFT_CC_1/10-04-2016-DDSM-40989/1.000000-ROI mask images-16941/1-2.dcm,MG,1,malignant,P_00198,left,5,cc,P_00198_LEFT_CC_mass_1,CIRCUMSCRIBED,LOBULATED,
3281,1,mass,digitized,4,"[1988, 2252, 3139, 3404]",2,,,./data/CBIS-DDSM/Mass-Test_P_00198_LEFT_MLO/10-04-2016-DDSM-67253/1.000000-full mammogram images-17185/1-1.dcm,./data/CBIS-DDSM/Mass-Test_P_00198_LEFT_MLO_1/10-04-2016-DDSM-88695/1.000000-ROI mask images-01088/1-2.dcm,MG,1,malignant,P_00198,left,5,mlo,P_00198_LEFT_MLO_mass_1,CIRCUMSCRIBED,LOBULATED,
301,1,mass,digitized,3,"[706, 1726, 1857, 2878]",3,,,./data/CBIS-DDSM/Mass-Test_P_00200_LEFT_CC/10-04-2016-DDSM-16066/1.000000-full mammogram images-26808/1-1.dcm,./data/CBIS-DDSM/Mass-Test_P_00200_LEFT_CC_1/10-04-2016-DDSM-13023/1.000000-ROI mask images-08674/1-2.dcm,MG,1,benign,P_00200,left,5,cc,P_00200_LEFT_CC_mass_1,MICROLOBULATED,OVAL,
208,1,mass,digitized,3,"[460, 2640, 1611, 3792]",3,,,./data/CBIS-DDSM/Mass-Test_P_00200_LEFT_MLO/10-04-2016-DDSM-26092/1.000000-full mammogram images-63481/1-1.dcm,./data/CBIS-DDSM/Mass-Test_P_00200_LEFT_MLO_1/10-04-2016-DDSM-13234/1.000000-ROI mask images-27001/1-2.dcm,MG,1,benign,P_00200,left,4,mlo,P_00200_LEFT_MLO_mass_1,OBSCURED,OVAL,
1489,1,mass,digitized,3,"[1397, 1618, 2549, 2769]",3,,,./data/CBIS-DDSM/Mass-Test_P_00200_RIGHT_CC/10-04-2016-DDSM-95196/1.000000-full mammogram images-97042/1-1.dcm,./data/CBIS-DDSM/Mass-Test_P_00200_RIGHT_CC_1/10-04-2016-DDSM-91781/1.000000-ROI mask images-87879/1-2.dcm,MG,1,benign,P_00200,right,5,cc,P_00200_RIGHT_CC_mass_1,MICROLOBULATED,OVAL,
1161,1,mass,digitized,3,"[1872, 1387, 2896, 2539]",3,,,./data/CBIS-DDSM/Mass-Test_P_00200_RIGHT_MLO/10-04-2016-DDSM-91269/1.000000-full mammogram images-40059/1-1.dcm,./data/CBIS-DDSM/Mass-Test_P_00200_RIGHT_MLO_1/10-04-2016-DDSM-78073/1.000000-ROI mask images-74367/1-2.dcm,MG,1,benign,P_00200,right,4,mlo,P_00200_RIGHT_MLO_mass_1,ILL_DEFINED,ASYMMETRIC_BREAST_TISSUE,
2988,1,mass,digitized,3,"[540, 2298, 1691, 3449]",4,,,./data/CBIS-DDSM/Mass-Training_P_00226_LEFT_CC/07-20-2016-DDSM-19815/1.000000-full mammogram images-25153/1-1.dcm,./data/CBIS-DDSM/Mass-Training_P_00226_LEFT_CC_1/07-21-2016-DDSM-66019/1.000000-ROI mask images-66221/1-2.dcm,MG,1,malignant,P_00226,left,1,cc,P_00226_LEFT_CC_mass_1,,FOCAL_ASYMMETRIC_DENSITY,
3056,1,mass,digitized,3,"[865, 2394, 2017, 3546]",4,,,./data/CBIS-DDSM/Mass-Training_P_00226_LEFT_MLO/07-20-2016-DDSM-72224/1.000000-full mammogram images-20920/1-1.dcm,./data/CBIS-DDSM/Mass-Training_P_00226_LEFT_MLO_1/07-21-2016-DDSM-52123/1.000000-ROI mask images-98456/1-2.dcm,MG,1,malignant,P_00226,left,1,mlo,P_00226_LEFT_MLO_mass_1,,FOCAL_ASYMMETRIC_DENSITY,
163,1,mass,digitized,4,"[723, 892, 1874, 2043]",2,,,./data/CBIS-DDSM/Mass-Training_P_00239_RIGHT_CC/07-20-2016-DDSM-12197/1.000000-full mammogram images-68756/1-1.dcm,./data/CBIS-DDSM/Mass-Training_P_00239_RIGHT_CC_1/07-21-2016-DDSM-51346/1.000000-ROI mask images-33919/1-1.dcm,MG,1,benign,P_00239,right,5,cc,P_00239_RIGHT_CC_mass_1,MICROLOBULATED,OVAL,
1487,1,mass,digitized,4,"[534, 1969, 1686, 3120]",2,,,./data/CBIS-DDSM/Mass-Training_P_00239_RIGHT_MLO/07-20-2016-DDSM-04107/1.000000-full mammogram images-34294/1-1.dcm,./data/CBIS-DDSM/Mass-Training_P_00239_RIGHT_MLO_1/07-21-2016-DDSM-11235/1.000000-ROI mask images-31525/1-1.dcm,MG,1,benign,P_00239,right,4,mlo,P_00239_RIGHT_MLO_mass_1,MICROLOBULATED,OVAL,
1812,1,mass,digitized,5,"[2063, 1782, 3215, 2934]",2,,,./data/CBIS-DDSM/Mass-Training_P_00248_LEFT_MLO/07-20-2016-DDSM-41045/1.000000-full mammogram images-85579/1-1.dcm,./data/CBIS-DDSM/Mass-Training_P_00248_LEFT_MLO_1/07-21-2016-DDSM-53000/1.000000-ROI mask images-32227/1-2.dcm,MG,1,malignant,P_00248,left,5,mlo,P_00248_LEFT_MLO_mass_1,SPICULATED,IRREGULAR,
425,1,mass,digitized,3,"[2123, 1530, 2806, 2682]",3,,,./data/CBIS-DDSM/Mass-Training_P_00289_LEFT_CC/07-20-2016-DDSM-57925/1.000000-full mammogram images-58094/1-1.dcm,./data/CBIS-DDSM/Mass-Training_P_00289_LEFT_CC_1/07-21-2016-DDSM-68870/1.000000-ROI mask images-41794/1-1.dcm,MG,1,benign,P_00289,left,4,cc,P_00289_LEFT_CC_mass_1,CIRCUMSCRIBED,ROUND,
2428,1,mass,digitized,3,"[1603, 1647, 2754, 2799]",3,,,./data/CBIS-DDSM/Mass-Training_P_00289_LEFT_MLO/07-20-2016-DDSM-79698/1.000000-full mammogram images-69355/1-1.dcm,./data/CBIS-DDSM/Mass-Training_P_00289_LEFT_MLO_1/07-21-2016-DDSM-37368/1.000000-ROI mask images-94169/1-1.dcm,MG,1,benign,P_00289,left,4,mlo,P_00289_LEFT_MLO_mass_1,CIRCUMSCRIBED,ROUND,
1737,1,mass,digitized,4,"[201, 2425, 1353, 3577]",2,,,./data/CBIS-DDSM/Mass-Training_P_00294_LEFT_CC/07-20-2016-DDSM-66873/1.000000-full mammogram images-84158/1-1.dcm,./data/CBIS-DDSM/Mass-Training_P_00294_LEFT_CC_1/07-21-2016-DDSM-19609/1.000000-ROI mask images-15441/1-1.dcm,MG,1,benign,P_00294,left,5,cc,P_00294_LEFT_CC_mass_1,CIRCUMSCRIBED,LOBULATED,
1768,1,mass,digitized,4,"[800, 1806, 1951, 2958]",2,,,./data/CBIS-DDSM/Mass-Training_P_00294_LEFT_MLO/07-20-2016-DDSM-92718/1.000000-full mammogram images-11911/1-1.dcm,./data/CBIS-DDSM/Mass-Training_P_00294_LEFT_MLO_1/07-21-2016-DDSM-19063/1.000000-ROI mask images-51997/1-1.dcm,MG,1,benign,P_00294,left,5,mlo,P_00294_LEFT_MLO_mass_1,CIRCUMSCRIBED,LOBULATED,
1140,1,mass,digitized,5,"[0, 2453, 961, 3605]",2,,,./data/CBIS-DDSM/Mass-Test_P_00296_LEFT_CC/10-04-2016-DDSM-33773/1.000000-full mammogram images-45187/1-1.dcm,./data/CBIS-DDSM/Mass-Test_P_00296_LEFT_CC_1/10-04-2016-DDSM-82051/1.000000-ROI mask images-80212/1-2.dcm,MG,1,malignant,P_00296,left,5,cc,P_00296_LEFT_CC_mass_1,SPICULATED,IRREGULAR,
3015,1,mass,digitized,5,"[79, 2613, 1230, 3764]",2,,,./data/CBIS-DDSM/Mass-Test_P_00296_LEFT_MLO/10-04-2016-DDSM-37204/1.000000-full mammogram images-25098/1-1.dcm,./data/CBIS-DDSM/Mass-Test_P_00296_LEFT_MLO_1/10-04-2016-DDSM-11173/1.000000-ROI mask images-38700/1-2.dcm,MG,1,malignant,P_00296,left,5,mlo,P_00296_LEFT_MLO_mass_1,SPICULATED,IRREGULAR,
2466,1,mass,digitized,4,"[0, 1803, 764, 2954]",3,,,./data/CBIS-DDSM/Mass-Training_P_00298_LEFT_CC/07-20-2016-DDSM-22693/1.000000-full mammogram images-03445/1-1.dcm,./data/CBIS-DDSM/Mass-Training_P_00298_LEFT_CC_1/07-21-2016-DDSM-44771/1.000000-ROI mask images-23174/1-1.dcm,MG,1,benign,P_00298,left,5,cc,P_00298_LEFT_CC_mass_1,ILL_DEFINED,ROUND,
2522,1,mass,digitized,4,"[0, 3423, 1008, 4528]",3,,,./data/CBIS-DDSM/Mass-Training_P_00298_LEFT_MLO/07-20-2016-DDSM-27692/1.000000-full mammogram images-49323/1-1.dcm,./data/CBIS-DDSM/Mass-Training_P_00298_LEFT_MLO_1/07-21-2016-DDSM-22406/1.000000-ROI mask images-16446/1-1.dcm,MG,1,benign,P_00298,left,5,mlo,P_00298_LEFT_MLO_mass_1,ILL_DEFINED,OVAL,
2496,1,mass,digitized,5,"[1584, 3394, 2461, 4546]",2,,,./data/CBIS-DDSM/Mass-Training_P_00335_LEFT_MLO/07-20-2016-DDSM-72433/1.000000-full mammogram images-01704/1-1.dcm,./data/CBIS-DDSM/Mass-Training_P_00335_LEFT_MLO_1/07-21-2016-DDSM-29593/1.000000-ROI mask images-05081/1-2.dcm,MG,1,malignant,P_00335,left,5,mlo,P_00335_LEFT_MLO_mass_1,ILL_DEFINED,IRREGULAR,
2001,1,mass,digitized,5,"[2085, 894, 3236, 2046]",2,,,./data/CBIS-DDSM/Mass-Training_P_00354_LEFT_CC/07-20-2016-DDSM-35595/1.000000-full mammogram images-42349/1-1.dcm,./data/CBIS-DDSM/Mass-Training_P_00354_LEFT_CC_1/07-21-2016-DDSM-09761/1.000000-ROI mask images-62995/1-1.dcm,MG,1,malignant,P_00354,left,4,cc,P_00354_LEFT_CC_mass_1,SPICULATED,IRREGULAR,
2426,1,mass,digitized,5,"[1643, 2782, 2794, 3933]",2,,,./data/CBIS-DDSM/Mass-Training_P_00354_LEFT_MLO/07-20-2016-DDSM-25605/1.000000-full mammogram images-07530/1-1.dcm,./data/CBIS-DDSM/Mass-Training_P_00354_LEFT_MLO_1/07-21-2016-DDSM-32688/1.000000-ROI mask images-08038/1-2.dcm,MG,1,malignant,P_00354,left,4,mlo,P_00354_LEFT_MLO_mass_1,SPICULATED,IRREGULAR,
1409,1,mass,digitized,4,"[1913, 3436, 3061, 4587]",2,,,./data/CBIS-DDSM/Mass-Training_P_00356_LEFT_CC/07-20-2016-DDSM-64098/1.000000-full mammogram images-95130/1-1.dcm,./data/CBIS-DDSM/Mass-Training_P_00356_LEFT_CC_1/07-21-2016-DDSM-39056/1.000000-ROI mask images-43149/1-1.dcm,MG,1,malignant,P_00356,left,5,cc,P_00356_LEFT_CC_mass_1,ILL_DEFINED,IRREGULAR,
313,1,mass,digitized,4,"[276, 2400, 1428, 3552]",4,,,./data/CBIS-DDSM/Mass-Test_P_00358_RIGHT_CC/10-04-2016-DDSM-37990/1.000000-full mammogram images-10722/1-1.dcm,./data/CBIS-DDSM/Mass-Test_P_00358_RIGHT_CC_1/10-04-2016-DDSM-51740/1.000000-ROI mask images-47603/1-2.dcm,MG,1,benign,P_00358,right,4,cc,P_00358_RIGHT_CC_mass_1,SPICULATED,ARCHITECTURAL_DISTORTION,
674,1,mass,digitized,4,"[207, 2099, 1359, 3251]",4,,,./data/CBIS-DDSM/Mass-Test_P_00358_RIGHT_MLO/10-04-2016-DDSM-83025/1.000000-full mammogram images-77748/1-1.dcm,./data/CBIS-DDSM/Mass-Test_P_00358_RIGHT_MLO_1/10-04-2016-DDSM-12826/1.000000-ROI mask images-92394/1-2.dcm,MG,1,benign,P_00358,right,4,mlo,P_00358_RIGHT_MLO_mass_1,SPICULATED,ARCHITECTURAL_DISTORTION,
3383,1,mass,digitized,3,"[728, 3221, 1879, 4372]",2,,,./data/CBIS-DDSM/Mass-Training_P_00366_RIGHT_CC/07-20-2016-DDSM-54235/1.000000-full mammogram images-97001/1-1.dcm,./data/CBIS-DDSM/Mass-Training_P_00366_RIGHT_CC_1/07-21-2016-DDSM-84538/1.000000-ROI mask images-22156/1-2.dcm,MG,1,benign,P_00366,right,4,cc,P_00366_RIGHT_CC_mass_1,CIRCUMSCRIBED,OVAL,
2244,1,mass,digitized,3,"[595, 3678, 1747, 4829]",2,,,./data/CBIS-DDSM/Mass-Training_P_00366_RIGHT_MLO/07-20-2016-DDSM-75083/1.000000-full mammogram images-91674/1-1.dcm,./data/CBIS-DDSM/Mass-Training_P_00366_RIGHT_MLO_1/07-21-2016-DDSM-29092/1.000000-ROI mask images-25505/1-2.dcm,MG,1,benign,P_00366,right,4,mlo,P_00366_RIGHT_MLO_mass_1,CIRCUMSCRIBED,OVAL,
1825,1,mass,digitized,4,"[1041, 2411, 2193, 3562]",4,,,./data/CBIS-DDSM/Mass-Test_P_00369_LEFT_CC/10-04-2016-DDSM-44063/1.000000-full mammogram images-25702/1-1.dcm,./data/CBIS-DDSM/Mass-Test_P_00369_LEFT_CC_1/10-04-2016-DDSM-16593/1.000000-ROI mask images-62263/1-2.dcm,MG,1,benign,P_00369,left,5,cc,P_00369_LEFT_CC_mass_1,ILL_DEFINED,IRREGULAR,
2016,1,mass,digitized,4,"[1442, 3687, 2593, 4838]",4,,,./data/CBIS-DDSM/Mass-Test_P_00369_LEFT_MLO/10-04-2016-DDSM-60288/1.000000-full mammogram images-10068/1-1.dcm,./data/CBIS-DDSM/Mass-Test_P_00369_LEFT_MLO_1/10-04-2016-DDSM-07979/1.000000-ROI mask images-44183/1-2.dcm,MG,1,benign,P_00369,left,5,mlo,P_00369_LEFT_MLO_mass_1,ILL_DEFINED,IRREGULAR,
3468,1,mass,digitized,0,"[973, 1404, 2125, 2556]",2,,,./data/CBIS-DDSM/Mass-Training_P_00384_RIGHT_CC/07-20-2016-DDSM-42493/1.000000-full mammogram images-96413/1-1.dcm,./data/CBIS-DDSM/Mass-Training_P_00384_RIGHT_CC_1/07-21-2016-DDSM-95093/1.000000-ROI mask images-36976/1-1.dcm,MG,1,benign,P_00384,right,5,cc,P_00384_RIGHT_CC_mass_1,OBSCURED,LOBULATED,
3259,1,mass,digitized,0,"[578, 1171, 1730, 2323]",2,,,./data/CBIS-DDSM/Mass-Training_P_00384_RIGHT_MLO/07-20-2016-DDSM-02609/1.000000-full mammogram images-55971/1-1.dcm,./data/CBIS-DDSM/Mass-Training_P_00384_RIGHT_MLO_1/07-21-2016-DDSM-63675/1.000000-ROI mask images-55808/1-1.dcm,MG,1,benign,P_00384,right,5,mlo,P_00384_RIGHT_MLO_mass_1,OBSCURED,LOBULATED,
390,1,mass,digitized,2,"[1814, 201, 2965, 1353]",2,,,./data/CBIS-DDSM/Mass-Training_P_00385_RIGHT_CC/07-20-2016-DDSM-91080/1.000000-full mammogram images-61752/1-1.dcm,./data/CBIS-DDSM/Mass-Training_P_00385_RIGHT_CC_1/07-21-2016-DDSM-05034/1.000000-ROI mask images-52935/1-1.dcm,MG,1,benign,P_00385,right,4,cc,P_00385_RIGHT_CC_mass_1,,ASYMMETRIC_BREAST_TISSUE,
2021,1,mass,digitized,2,"[1306, 1423, 2457, 2575]",2,,,./data/CBIS-DDSM/Mass-Training_P_00385_RIGHT_MLO/07-20-2016-DDSM-49732/1.000000-full mammogram images-18222/1-1.dcm,./data/CBIS-DDSM/Mass-Training_P_00385_RIGHT_MLO_1/07-21-2016-DDSM-25617/1.000000-ROI mask images-50354/1-1.dcm,MG,1,benign,P_00385,right,5,mlo,P_00385_RIGHT_MLO_mass_1,,ASYMMETRIC_BREAST_TISSUE,
1519,1,mass,digitized,2,"[1347, 1396, 2498, 2547]",2,,,./data/CBIS-DDSM/Mass-Test_P_00394_RIGHT_MLO/10-04-2016-DDSM-09503/1.000000-full mammogram images-35969/1-1.dcm,./data/CBIS-DDSM/Mass-Test_P_00394_RIGHT_MLO_1/10-04-2016-DDSM-12551/1.000000-ROI mask images-59947/1-2.dcm,MG,1,benign,P_00394,right,4,mlo,P_00394_RIGHT_MLO_mass_1,,ARCHITECTURAL_DISTORTION,
2853,1,mass,digitized,5,"[1908, 2719, 3059, 3871]",1,,,./data/CBIS-DDSM/Mass-Training_P_00399_RIGHT_CC/07-20-2016-DDSM-82913/1.000000-full mammogram images-96684/1-1.dcm,./data/CBIS-DDSM/Mass-Training_P_00399_RIGHT_CC_1/07-21-2016-DDSM-90677/1.000000-ROI mask images-82276/1-2.dcm,MG,1,malignant,P_00399,right,5,cc,P_00399_RIGHT_CC_mass_1,MICROLOBULATED,LOBULATED,
1431,1,mass,digitized,5,"[1782, 3947, 2933, 5098]",1,,,./data/CBIS-DDSM/Mass-Training_P_00399_RIGHT_MLO/07-20-2016-DDSM-32475/1.000000-full mammogram images-47658/1-1.dcm,./data/CBIS-DDSM/Mass-Training_P_00399_RIGHT_MLO_1/07-21-2016-DDSM-33163/1.000000-ROI mask images-88357/1-2.dcm,MG,1,malignant,P_00399,right,5,mlo,P_00399_RIGHT_MLO_mass_1,MICROLOBULATED,OVAL,
409,1,mass,digitized,0,"[1693, 3249, 2844, 4401]",2,,,./data/CBIS-DDSM/Mass-Test_P_00409_RIGHT_CC/10-04-2016-DDSM-14697/1.000000-full mammogram images-12659/1-1.dcm,./data/CBIS-DDSM/Mass-Test_P_00409_RIGHT_CC_1/10-04-2016-DDSM-75410/1.000000-ROI mask images-37867/1-2.dcm,MG,1,benign,P_00409,right,5,cc,P_00409_RIGHT_CC_mass_1,ILL_DEFINED,LOBULATED,
2289,1,mass,digitized,0,"[1785, 3466, 2866, 4617]",2,,,./data/CBIS-DDSM/Mass-Test_P_00409_RIGHT_MLO/10-04-2016-DDSM-02642/1.000000-full mammogram images-70447/1-1.dcm,./data/CBIS-DDSM/Mass-Test_P_00409_RIGHT_MLO_1/10-04-2016-DDSM-81468/1.000000-ROI mask images-17741/1-2.dcm,MG,1,benign,P_00409,right,5,mlo,P_00409_RIGHT_MLO_mass_1,ILL_DEFINED,LOBULATED,
2787,2,mass,digitized,5,"[46, 1600, 1197, 2751]",2,,,./data/CBIS-DDSM/Mass-Training_P_00419_LEFT_CC/07-20-2016-DDSM-31563/1.000000-full mammogram images-04082/1-1.dcm,./data/CBIS-DDSM/Mass-Training_P_00419_LEFT_CC_2/07-21-2016-DDSM-35581/1.000000-ROI mask images-80108/1-1.dcm,MG,2,malignant,P_00419,left,5,cc,P_00419_LEFT_CC_mass_2,ILL_DEFINED,,
2936,1,mass,digitized,3,"[746, 1491, 1898, 2643]",2,,,./data/CBIS-DDSM/Mass-Training_P_00419_LEFT_CC/07-20-2016-DDSM-31563/1.000000-full mammogram images-04082/1-1.dcm,./data/CBIS-DDSM/Mass-Training_P_00419_LEFT_CC_1/07-21-2016-DDSM-11685/1.000000-ROI mask images-98953/1-2.dcm,MG,2,benign,P_00419,left,5,cc,P_00419_LEFT_CC_mass_1,CIRCUMSCRIBED,OVAL,
960,2,mass,digitized,3,"[456, 2586, 1607, 3738]",2,,,./data/CBIS-DDSM/Mass-Training_P_00419_LEFT_MLO/07-20-2016-DDSM-77629/1.000000-full mammogram images-33580/1-1.dcm,./data/CBIS-DDSM/Mass-Training_P_00419_LEFT_MLO_2/07-21-2016-DDSM-80633/1.000000-ROI mask images-57892/1-1.dcm,MG,2,benign,P_00419,left,5,mlo,P_00419_LEFT_MLO_mass_2,CIRCUMSCRIBED,OVAL,
3522,1,mass,digitized,5,"[0, 2557, 914, 3708]",2,,,./data/CBIS-DDSM/Mass-Training_P_00419_LEFT_MLO/07-20-2016-DDSM-77629/1.000000-full mammogram images-33580/1-1.dcm,./data/CBIS-DDSM/Mass-Training_P_00419_LEFT_MLO_1/07-21-2016-DDSM-71527/1.000000-ROI mask images-96531/1-1.dcm,MG,2,malignant,P_00419,left,5,mlo,P_00419_LEFT_MLO_mass_1,ILL_DEFINED,,
2637,1,mass,digitized,3,"[956, 1159, 2107, 2310]",2,,,./data/CBIS-DDSM/Mass-Training_P_00419_RIGHT_CC/07-20-2016-DDSM-30689/1.000000-full mammogram images-82429/1-1.dcm,./data/CBIS-DDSM/Mass-Training_P_00419_RIGHT_CC_1/07-21-2016-DDSM-65748/1.000000-ROI mask images-11282/1-1.dcm,MG,1,benign,P_00419,right,5,cc,P_00419_RIGHT_CC_mass_1,CIRCUMSCRIBED,LOBULATED,
230,1,mass,digitized,3,"[779, 1966, 1930, 3117]",2,,,./data/CBIS-DDSM/Mass-Training_P_00419_RIGHT_MLO/07-20-2016-DDSM-74271/1.000000-full mammogram images-97256/1-1.dcm,./data/CBIS-DDSM/Mass-Training_P_00419_RIGHT_MLO_1/07-21-2016-DDSM-29203/1.000000-ROI mask images-00272/1-1.dcm,MG,1,benign,P_00419,right,5,mlo,P_00419_RIGHT_MLO_mass_1,CIRCUMSCRIBED,OVAL,
1499,1,mass,digitized,4,"[0, 1490, 940, 2642]",2,,,./data/CBIS-DDSM/Mass-Training_P_00428_LEFT_CC/07-20-2016-DDSM-45951/1.000000-full mammogram images-81761/1-1.dcm,./data/CBIS-DDSM/Mass-Training_P_00428_LEFT_CC_1/07-21-2016-DDSM-14655/1.000000-ROI mask images-83123/1-1.dcm,MG,1,benign,P_00428,left,4,cc,P_00428_LEFT_CC_mass_1,ILL_DEFINED,OVAL,
150,1,mass,digitized,0,"[995, 2601, 2147, 3752]",2,,,./data/CBIS-DDSM/Mass-Test_P_00457_LEFT_CC/10-04-2016-DDSM-58224/1.000000-full mammogram images-00823/1-1.dcm,./data/CBIS-DDSM/Mass-Test_P_00457_LEFT_CC_1/10-04-2016-DDSM-47396/1.000000-ROI mask images-91072/1-2.dcm,MG,1,benign,P_00457,left,3,cc,P_00457_LEFT_CC_mass_1,OBSCURED,OVAL,
3201,1,mass,digitized,0,"[774, 3326, 1925, 4477]",2,,,./data/CBIS-DDSM/Mass-Test_P_00457_LEFT_MLO/10-04-2016-DDSM-21448/1.000000-full mammogram images-15986/1-1.dcm,./data/CBIS-DDSM/Mass-Test_P_00457_LEFT_MLO_1/10-04-2016-DDSM-71563/1.000000-ROI mask images-14041/1-2.dcm,MG,1,benign,P_00457,left,3,mlo,P_00457_LEFT_MLO_mass_1,OBSCURED,OVAL,
1057,1,mass,digitized,2,"[441, 2404, 1593, 3556]",1,,,./data/CBIS-DDSM/Mass-Training_P_00468_LEFT_CC/07-20-2016-DDSM-40974/1.000000-full mammogram images-89945/1-1.dcm,./data/CBIS-DDSM/Mass-Training_P_00468_LEFT_CC_1/07-21-2016-DDSM-44777/1.000000-ROI mask images-98491/1-2.dcm,MG,1,benign,P_00468,left,2,cc,P_00468_LEFT_CC_mass_1,ILL_DEFINED,IRREGULAR,
2454,1,mass,digitized,2,"[385, 3572, 1536, 4723]",1,,,./data/CBIS-DDSM/Mass-Training_P_00468_LEFT_MLO/07-20-2016-DDSM-42877/1.000000-full mammogram images-69851/1-1.dcm,./data/CBIS-DDSM/Mass-Training_P_00468_LEFT_MLO_1/07-21-2016-DDSM-84158/1.000000-ROI mask images-68510/1-2.dcm,MG,1,benign,P_00468,left,2,mlo,P_00468_LEFT_MLO_mass_1,ILL_DEFINED,IRREGULAR,
708,1,mass,digitized,4,"[296, 1879, 1447, 3031]",4,,,./data/CBIS-DDSM/Mass-Test_P_00493_RIGHT_CC/10-04-2016-DDSM-08053/1.000000-full mammogram images-53339/1-1.dcm,./data/CBIS-DDSM/Mass-Test_P_00493_RIGHT_CC_1/10-04-2016-DDSM-62012/1.000000-ROI mask images-47227/1-2.dcm,MG,1,benign,P_00493,right,1,cc,P_00493_RIGHT_CC_mass_1,ILL_DEFINED,OVAL,
3564,1,mass,digitized,4,"[2000, 2024, 3104, 3175]",3,,,./data/CBIS-DDSM/Mass-Training_P_00512_RIGHT_CC/07-20-2016-DDSM-32002/1.000000-full mammogram images-06961/1-1.dcm,./data/CBIS-DDSM/Mass-Training_P_00512_RIGHT_CC_1/07-21-2016-DDSM-95851/1.000000-ROI mask images-93371/1-2.dcm,MG,1,benign,P_00512,right,4,cc,P_00512_RIGHT_CC_mass_1,CIRCUMSCRIBED-ILL_DEFINED,LOBULATED,
32,1,mass,digitized,3,"[1887, 1995, 3039, 3147]",3,,,./data/CBIS-DDSM/Mass-Training_P_00512_RIGHT_MLO/07-20-2016-DDSM-05198/1.000000-full mammogram images-93722/1-1.dcm,./data/CBIS-DDSM/Mass-Training_P_00512_RIGHT_MLO_1/07-21-2016-DDSM-39440/1.000000-ROI mask images-63114/1-2.dcm,MG,1,benign,P_00512,right,3,mlo,P_00512_RIGHT_MLO_mass_1,CIRCUMSCRIBED,OVAL,
1832,1,mass,digitized,3,"[923, 3560, 2074, 4712]",2,,,./data/CBIS-DDSM/Mass-Training_P_00535_LEFT_CC/07-20-2016-DDSM-57248/1.000000-full mammogram images-73953/1-1.dcm,./data/CBIS-DDSM/Mass-Training_P_00535_LEFT_CC_1/07-21-2016-DDSM-14820/1.000000-ROI mask images-05405/1-2.dcm,MG,1,benign,P_00535,left,3,cc,P_00535_LEFT_CC_mass_1,CIRCUMSCRIBED,LOBULATED,
1379,1,mass,digitized,4,"[396, 1011, 1548, 2162]",2,,,./data/CBIS-DDSM/Mass-Test_P_00544_LEFT_CC/10-04-2016-DDSM-66082/1.000000-full mammogram images-26418/1-1.dcm,./data/CBIS-DDSM/Mass-Test_P_00544_LEFT_CC_1/10-04-2016-DDSM-93949/1.000000-ROI mask images-22523/1-2.dcm,MG,1,malignant,P_00544,left,3,cc,P_00544_LEFT_CC_mass_1,OBSCURED-ILL_DEFINED-SPICULATED,IRREGULAR,
2621,1,mass,digitized,3,"[1238, 1590, 2390, 2741]",2,,,./data/CBIS-DDSM/Mass-Test_P_00544_LEFT_MLO/10-04-2016-DDSM-48178/1.000000-full mammogram images-28151/1-1.dcm,./data/CBIS-DDSM/Mass-Test_P_00544_LEFT_MLO_1/10-04-2016-DDSM-51447/1.000000-ROI mask images-51796/1-2.dcm,MG,1,malignant,P_00544,left,2,mlo,P_00544_LEFT_MLO_mass_1,OBSCURED-ILL_DEFINED,IRREGULAR,
1919,1,mass,digitized,4,"[1724, 1263, 2876, 2415]",1,,,./data/CBIS-DDSM/Mass-Training_P_00554_LEFT_CC/07-20-2016-DDSM-78199/1.000000-full mammogram images-90313/1-1.dcm,./data/CBIS-DDSM/Mass-Training_P_00554_LEFT_CC_1/07-21-2016-DDSM-96768/1.000000-ROI mask images-39361/1-1.dcm,MG,1,malignant,P_00554,left,3,cc,P_00554_LEFT_CC_mass_1,CIRCUMSCRIBED,OVAL,
1995,1,mass,digitized,4,"[2030, 2352, 3181, 3503]",1,,,./data/CBIS-DDSM/Mass-Training_P_00554_LEFT_MLO/07-20-2016-DDSM-97031/1.000000-full mammogram images-55164/1-1.dcm,./data/CBIS-DDSM/Mass-Training_P_00554_LEFT_MLO_1/07-21-2016-DDSM-21266/1.000000-ROI mask images-47718/1-2.dcm,MG,1,malignant,P_00554,left,3,mlo,P_00554_LEFT_MLO_mass_1,CIRCUMSCRIBED,OVAL,
927,1,mass,digitized,3,"[1066, 2611, 2217, 3763]",2,,,./data/CBIS-DDSM/Mass-Training_P_00559_LEFT_CC/07-20-2016-DDSM-12020/1.000000-full mammogram images-85438/1-1.dcm,./data/CBIS-DDSM/Mass-Training_P_00559_LEFT_CC_1/07-21-2016-DDSM-49701/1.000000-ROI mask images-16740/1-2.dcm,MG,1,benign,P_00559,left,4,cc,P_00559_LEFT_CC_mass_1,ILL_DEFINED,ROUND,
1275,1,mass,digitized,3,"[1573, 2176, 2725, 3328]",2,,,./data/CBIS-DDSM/Mass-Training_P_00559_LEFT_MLO/07-20-2016-DDSM-72847/1.000000-full mammogram images-67312/1-1.dcm,./data/CBIS-DDSM/Mass-Training_P_00559_LEFT_MLO_1/07-21-2016-DDSM-54602/1.000000-ROI mask images-57577/1-2.dcm,MG,1,benign,P_00559,left,4,mlo,P_00559_LEFT_MLO_mass_1,CIRCUMSCRIBED,LOBULATED,
316,1,mass,digitized,5,"[474, 2379, 1626, 3530]",2,,,./data/CBIS-DDSM/Mass-Training_P_00568_LEFT_CC/07-20-2016-DDSM-02853/1.000000-full mammogram images-29622/1-1.dcm,./data/CBIS-DDSM/Mass-Training_P_00568_LEFT_CC_1/07-21-2016-DDSM-19564/1.000000-ROI mask images-46177/1-1.dcm,MG,1,malignant,P_00568,left,5,cc,P_00568_LEFT_CC_mass_1,MICROLOBULATED,OVAL,
294,1,mass,digitized,5,"[1035, 2010, 2187, 3161]",2,,,./data/CBIS-DDSM/Mass-Training_P_00568_LEFT_MLO/07-20-2016-DDSM-90982/1.000000-full mammogram images-23315/1-1.dcm,./data/CBIS-DDSM/Mass-Training_P_00568_LEFT_MLO_1/07-21-2016-DDSM-28231/1.000000-ROI mask images-41332/1-1.dcm,MG,1,malignant,P_00568,left,5,mlo,P_00568_LEFT_MLO_mass_1,MICROLOBULATED,OVAL,
2367,1,mass,digitized,5,"[2109, 0, 2832, 911]",1,,,./data/CBIS-DDSM/Mass-Training_P_00573_RIGHT_MLO/07-20-2016-DDSM-59757/1.000000-full mammogram images-69831/1-1.dcm,./data/CBIS-DDSM/Mass-Training_P_00573_RIGHT_MLO_1/07-21-2016-DDSM-17014/1.000000-ROI mask images-27828/1-2.dcm,MG,2,malignant,P_00573,right,5,mlo,P_00573_RIGHT_MLO_mass_1,MICROLOBULATED,IRREGULAR,
2504,2,mass,digitized,5,"[1867, 609, 2832, 1760]",1,,,./data/CBIS-DDSM/Mass-Training_P_00573_RIGHT_MLO/07-20-2016-DDSM-59757/1.000000-full mammogram images-69831/1-1.dcm,./data/CBIS-DDSM/Mass-Training_P_00573_RIGHT_MLO_2/07-21-2016-DDSM-13567/1.000000-ROI mask images-53966/1-2.dcm,MG,2,malignant,P_00573,right,5,mlo,P_00573_RIGHT_MLO_mass_2,MICROLOBULATED,IRREGULAR,
509,1,mass,digitized,3,"[0, 751, 705, 1903]",4,,,./data/CBIS-DDSM/Mass-Training_P_00634_LEFT_CC/07-20-2016-DDSM-72515/1.000000-full mammogram images-76807/1-1.dcm,./data/CBIS-DDSM/Mass-Training_P_00634_LEFT_CC_1/07-21-2016-DDSM-62976/1.000000-ROI mask images-02076/1-1.dcm,MG,2,benign,P_00634,left,5,cc,P_00634_LEFT_CC_mass_1,CIRCUMSCRIBED,LOBULATED,
3517,2,mass,digitized,3,"[0, 1262, 870, 2414]",4,,,./data/CBIS-DDSM/Mass-Training_P_00634_LEFT_CC/07-20-2016-DDSM-72515/1.000000-full mammogram images-76807/1-1.dcm,./data/CBIS-DDSM/Mass-Training_P_00634_LEFT_CC_2/07-21-2016-DDSM-33532/1.000000-ROI mask images-23779/1-2.dcm,MG,2,benign,P_00634,left,3,cc,P_00634_LEFT_CC_mass_2,OBSCURED,OVAL,
1239,1,mass,digitized,3,"[0, 1220, 1004, 2372]",4,,,./data/CBIS-DDSM/Mass-Training_P_00634_LEFT_MLO/07-20-2016-DDSM-76183/1.000000-full mammogram images-55105/1-1.dcm,./data/CBIS-DDSM/Mass-Training_P_00634_LEFT_MLO_1/07-21-2016-DDSM-49573/1.000000-ROI mask images-85514/1-1.dcm,MG,2,benign,P_00634,left,5,mlo,P_00634_LEFT_MLO_mass_1,OBSCURED,LOBULATED,
1998,2,mass,digitized,3,"[178, 1555, 1329, 2707]",4,,,./data/CBIS-DDSM/Mass-Training_P_00634_LEFT_MLO/07-20-2016-DDSM-76183/1.000000-full mammogram images-55105/1-1.dcm,./data/CBIS-DDSM/Mass-Training_P_00634_LEFT_MLO_2/07-21-2016-DDSM-15527/1.000000-ROI mask images-96145/1-2.dcm,MG,2,benign,P_00634,left,3,mlo,P_00634_LEFT_MLO_mass_2,CIRCUMSCRIBED,OVAL,
848,1,mass,digitized,5,"[2066, 940, 2888, 2091]",4,,,./data/CBIS-DDSM/Mass-Training_P_00634_RIGHT_MLO/07-20-2016-DDSM-76585/1.000000-full mammogram images-75948/1-1.dcm,./data/CBIS-DDSM/Mass-Training_P_00634_RIGHT_MLO_1/07-21-2016-DDSM-21125/1.000000-ROI mask images-01919/1-1.dcm,MG,1,malignant,P_00634,right,3,mlo,P_00634_RIGHT_MLO_mass_1,SPICULATED,ARCHITECTURAL_DISTORTION,
300,1,mass,digitized,4,"[2420, 3138, 3256, 4289]",2,,,./data/CBIS-DDSM/Mass-Test_P_00636_RIGHT_CC/10-04-2016-DDSM-59978/1.000000-full mammogram images-55558/1-1.dcm,./data/CBIS-DDSM/Mass-Test_P_00636_RIGHT_CC_1/10-04-2016-DDSM-51432/1.000000-ROI mask images-52403/1-2.dcm,MG,1,malignant,P_00636,right,5,cc,P_00636_RIGHT_CC_mass_1,CIRCUMSCRIBED-ILL_DEFINED,LOBULATED,
682,1,mass,digitized,4,"[2472, 4136, 3184, 5288]",2,,,./data/CBIS-DDSM/Mass-Test_P_00636_RIGHT_MLO/10-04-2016-DDSM-68646/1.000000-full mammogram images-96094/1-1.dcm,./data/CBIS-DDSM/Mass-Test_P_00636_RIGHT_MLO_1/10-04-2016-DDSM-01430/1.000000-ROI mask images-30079/1-2.dcm,MG,1,malignant,P_00636,right,4,mlo,P_00636_RIGHT_MLO_mass_1,ILL_DEFINED,LOBULATED,
1481,1,mass,digitized,4,"[1103, 2576, 2255, 3728]",3,,,./data/CBIS-DDSM/Mass-Training_P_00640_RIGHT_CC/07-20-2016-DDSM-48049/1.000000-full mammogram images-16686/1-1.dcm,./data/CBIS-DDSM/Mass-Training_P_00640_RIGHT_CC_1/07-21-2016-DDSM-18353/1.000000-ROI mask images-20293/1-1.dcm,MG,1,benign,P_00640,right,2,cc,P_00640_RIGHT_CC_mass_1,ILL_DEFINED-SPICULATED,IRREGULAR,
696,1,mass,digitized,4,"[1462, 3823, 2614, 4776]",3,,,./data/CBIS-DDSM/Mass-Training_P_00640_RIGHT_MLO/07-20-2016-DDSM-31131/1.000000-full mammogram images-92419/1-1.dcm,./data/CBIS-DDSM/Mass-Training_P_00640_RIGHT_MLO_1/07-21-2016-DDSM-05523/1.000000-ROI mask images-86925/1-1.dcm,MG,1,benign,P_00640,right,3,mlo,P_00640_RIGHT_MLO_mass_1,ILL_DEFINED-SPICULATED,IRREGULAR,
3202,1,mass,digitized,4,"[1977, 3831, 3129, 4983]",3,,,./data/CBIS-DDSM/Mass-Training_P_00644_LEFT_CC/07-20-2016-DDSM-99781/1.000000-full mammogram images-79027/1-1.dcm,./data/CBIS-DDSM/Mass-Training_P_00644_LEFT_CC_1/07-21-2016-DDSM-99922/1.000000-ROI mask images-44965/1-2.dcm,MG,1,malignant,P_00644,left,5,cc,P_00644_LEFT_CC_mass_1,ILL_DEFINED,OVAL,
231,1,mass,digitized,4,"[2242, 4619, 3316, 5771]",3,,,./data/CBIS-DDSM/Mass-Training_P_00644_LEFT_MLO/07-20-2016-DDSM-10977/1.000000-full mammogram images-62095/1-1.dcm,./data/CBIS-DDSM/Mass-Training_P_00644_LEFT_MLO_1/07-21-2016-DDSM-38079/1.000000-ROI mask images-97935/1-2.dcm,MG,1,malignant,P_00644,left,5,mlo,P_00644_LEFT_MLO_mass_1,ILL_DEFINED,OVAL,
1298,1,mass,digitized,0,"[664, 1073, 1816, 2224]",2,,,./data/CBIS-DDSM/Mass-Training_P_00648_LEFT_CC/07-20-2016-DDSM-62340/1.000000-full mammogram images-25508/1-1.dcm,./data/CBIS-DDSM/Mass-Training_P_00648_LEFT_CC_1/07-21-2016-DDSM-08635/1.000000-ROI mask images-84389/1-1.dcm,MG,1,malignant,P_00648,left,4,cc,P_00648_LEFT_CC_mass_1,ILL_DEFINED,IRREGULAR,
3005,1,mass,digitized,0,"[772, 1582, 1923, 2734]",2,,,./data/CBIS-DDSM/Mass-Training_P_00648_LEFT_MLO/07-20-2016-DDSM-57978/1.000000-full mammogram images-91979/1-1.dcm,./data/CBIS-DDSM/Mass-Training_P_00648_LEFT_MLO_1/07-21-2016-DDSM-53272/1.000000-ROI mask images-76977/1-2.dcm,MG,1,malignant,P_00648,left,4,mlo,P_00648_LEFT_MLO_mass_1,ILL_DEFINED,IRREGULAR,
1824,1,mass,digitized,3,"[0, 1901, 1088, 3053]",3,,,./data/CBIS-DDSM/Mass-Test_P_00652_LEFT_CC/10-04-2016-DDSM-87823/1.000000-full mammogram images-10924/1-1.dcm,./data/CBIS-DDSM/Mass-Test_P_00652_LEFT_CC_1/10-04-2016-DDSM-40507/1.000000-ROI mask images-11680/1-2.dcm,MG,1,benign,P_00652,left,3,cc,P_00652_LEFT_CC_mass_1,CIRCUMSCRIBED,ROUND,
2067,1,mass,digitized,5,"[2429, 3374, 3556, 4526]",1,,,./data/CBIS-DDSM/Mass-Training_P_00665_LEFT_MLO/07-20-2016-DDSM-92193/1.000000-full mammogram images-55080/1-1.dcm,./data/CBIS-DDSM/Mass-Training_P_00665_LEFT_MLO_1/07-21-2016-DDSM-91737/1.000000-ROI mask images-89265/1-2.dcm,MG,1,malignant,P_00665,left,4,mlo,P_00665_LEFT_MLO_mass_1,SPICULATED,IRREGULAR,
2091,1,mass,digitized,5,"[1366, 2421, 2518, 3572]",2,,,./data/CBIS-DDSM/Mass-Test_P_00677_RIGHT_CC/10-04-2016-DDSM-91074/1.000000-full mammogram images-46135/1-1.dcm,./data/CBIS-DDSM/Mass-Test_P_00677_RIGHT_CC_1/10-04-2016-DDSM-49444/1.000000-ROI mask images-25836/1-2.dcm,MG,1,malignant,P_00677,right,5,cc,P_00677_RIGHT_CC_mass_1,SPICULATED,IRREGULAR,
2958,1,mass,digitized,5,"[750, 2949, 1901, 4100]",2,,,./data/CBIS-DDSM/Mass-Test_P_00677_RIGHT_MLO/10-04-2016-DDSM-38217/1.000000-full mammogram images-32057/1-1.dcm,./data/CBIS-DDSM/Mass-Test_P_00677_RIGHT_MLO_1/10-04-2016-DDSM-59856/1.000000-ROI mask images-31466/1-2.dcm,MG,1,malignant,P_00677,right,4,mlo,P_00677_RIGHT_MLO_mass_1,SPICULATED,IRREGULAR,
2055,1,mass,digitized,0,"[1757, 923, 2481, 2074]",2,,,./data/CBIS-DDSM/Mass-Training_P_00715_RIGHT_CC/07-20-2016-DDSM-88491/1.000000-full mammogram images-74632/1-1.dcm,./data/CBIS-DDSM/Mass-Training_P_00715_RIGHT_CC_1/07-21-2016-DDSM-82301/1.000000-ROI mask images-60108/1-1.dcm,MG,1,benign,P_00715,right,5,cc,P_00715_RIGHT_CC_mass_1,CIRCUMSCRIBED,OVAL,
928,1,mass,digitized,0,"[1505, 1749, 2403, 2900]",2,,,./data/CBIS-DDSM/Mass-Training_P_00715_RIGHT_MLO/07-20-2016-DDSM-99895/1.000000-full mammogram images-06291/1-1.dcm,./data/CBIS-DDSM/Mass-Training_P_00715_RIGHT_MLO_1/07-21-2016-DDSM-30239/1.000000-ROI mask images-93213/1-1.dcm,MG,1,benign,P_00715,right,5,mlo,P_00715_RIGHT_MLO_mass_1,CIRCUMSCRIBED,OVAL,
2937,1,mass,digitized,3,"[778, 2375, 1930, 3527]",3,,,./data/CBIS-DDSM/Mass-Training_P_00747_LEFT_CC/07-20-2016-DDSM-57818/1.000000-full mammogram images-44991/1-1.dcm,./data/CBIS-DDSM/Mass-Training_P_00747_LEFT_CC_1/07-21-2016-DDSM-90787/1.000000-ROI mask images-44227/1-1.dcm,MG,1,benign,P_00747,left,3,cc,P_00747_LEFT_CC_mass_1,ILL_DEFINED,ROUND,
3498,1,mass,digitized,3,"[888, 3056, 2039, 4208]",3,,,./data/CBIS-DDSM/Mass-Training_P_00747_LEFT_MLO/07-20-2016-DDSM-51268/1.000000-full mammogram images-41289/1-1.dcm,./data/CBIS-DDSM/Mass-Training_P_00747_LEFT_MLO_1/07-21-2016-DDSM-35757/1.000000-ROI mask images-95553/1-2.dcm,MG,1,benign,P_00747,left,3,mlo,P_00747_LEFT_MLO_mass_1,ILL_DEFINED,OVAL,
1241,1,mass,digitized,5,"[1769, 1890, 2712, 3042]",2,,,./data/CBIS-DDSM/Mass-Training_P_00753_RIGHT_CC/07-20-2016-DDSM-51095/1.000000-full mammogram images-65262/1-1.dcm,./data/CBIS-DDSM/Mass-Training_P_00753_RIGHT_CC_1/07-21-2016-DDSM-39308/1.000000-ROI mask images-50609/1-1.dcm,MG,1,malignant,P_00753,right,5,cc,P_00753_RIGHT_CC_mass_1,SPICULATED,LOBULATED,
3542,1,mass,digitized,5,"[1671, 2570, 2736, 3721]",2,,,./data/CBIS-DDSM/Mass-Training_P_00753_RIGHT_MLO/07-20-2016-DDSM-66301/1.000000-full mammogram images-94395/1-1.dcm,./data/CBIS-DDSM/Mass-Training_P_00753_RIGHT_MLO_1/07-21-2016-DDSM-51015/1.000000-ROI mask images-00723/1-1.dcm,MG,1,malignant,P_00753,right,5,mlo,P_00753_RIGHT_MLO_mass_1,SPICULATED,ROUND,
566,1,mass,digitized,4,"[1819, 2017, 2970, 3169]",3,,,./data/CBIS-DDSM/Mass-Training_P_00776_RIGHT_CC/07-20-2016-DDSM-68072/1.000000-full mammogram images-75862/1-1.dcm,./data/CBIS-DDSM/Mass-Training_P_00776_RIGHT_CC_1/07-21-2016-DDSM-16528/1.000000-ROI mask images-52010/1-1.dcm,MG,1,malignant,P_00776,right,3,cc,P_00776_RIGHT_CC_mass_1,MICROLOBULATED,IRREGULAR,
3272,1,mass,digitized,4,"[1370, 1515, 2522, 2667]",3,,,./data/CBIS-DDSM/Mass-Training_P_00776_RIGHT_MLO/07-20-2016-DDSM-74468/1.000000-full mammogram images-03059/1-1.dcm,./data/CBIS-DDSM/Mass-Training_P_00776_RIGHT_MLO_1/07-21-2016-DDSM-88664/1.000000-ROI mask images-09465/1-2.dcm,MG,1,malignant,P_00776,right,3,mlo,P_00776_RIGHT_MLO_mass_1,SPICULATED,IRREGULAR,
87,1,mass,digitized,5,"[666, 3011, 1818, 4162]",2,,,./data/CBIS-DDSM/Mass-Training_P_00801_LEFT_CC/07-20-2016-DDSM-16042/1.000000-full mammogram images-02556/1-1.dcm,./data/CBIS-DDSM/Mass-Training_P_00801_LEFT_CC_1/07-21-2016-DDSM-70841/1.000000-ROI mask images-78572/1-2.dcm,MG,1,malignant,P_00801,left,1,cc,P_00801_LEFT_CC_mass_1,SPICULATED,IRREGULAR,
2157,1,mass,digitized,5,"[633, 3552, 1784, 4703]",2,,,./data/CBIS-DDSM/Mass-Training_P_00801_LEFT_MLO/07-20-2016-DDSM-78873/1.000000-full mammogram images-94486/1-1.dcm,./data/CBIS-DDSM/Mass-Training_P_00801_LEFT_MLO_1/07-21-2016-DDSM-88303/1.000000-ROI mask images-52653/1-2.dcm,MG,1,malignant,P_00801,left,1,mlo,P_00801_LEFT_MLO_mass_1,SPICULATED,IRREGULAR,
2683,1,mass,digitized,4,"[2296, 2711, 3361, 3862]",4,,,./data/CBIS-DDSM/Mass-Training_P_00803_LEFT_CC/07-20-2016-DDSM-00300/1.000000-full mammogram images-55571/1-1.dcm,./data/CBIS-DDSM/Mass-Training_P_00803_LEFT_CC_1/07-21-2016-DDSM-65727/1.000000-ROI mask images-83475/1-1.dcm,MG,1,malignant,P_00803,left,3,cc,P_00803_LEFT_CC_mass_1,ILL_DEFINED,ROUND,
501,1,mass,digitized,0,"[140, 2237, 1291, 3388]",3,,,./data/CBIS-DDSM/Mass-Training_P_00826_LEFT_CC/07-20-2016-DDSM-74534/1.000000-full mammogram images-98698/1-1.dcm,./data/CBIS-DDSM/Mass-Training_P_00826_LEFT_CC_1/07-21-2016-DDSM-00397/1.000000-ROI mask images-77304/1-1.dcm,MG,1,benign,P_00826,left,5,cc,P_00826_LEFT_CC_mass_1,OBSCURED,LOBULATED,
2768,1,mass,digitized,0,"[293, 2548, 1444, 3699]",3,,,./data/CBIS-DDSM/Mass-Training_P_00826_LEFT_MLO/07-20-2016-DDSM-08785/1.000000-full mammogram images-19052/1-1.dcm,./data/CBIS-DDSM/Mass-Training_P_00826_LEFT_MLO_1/07-21-2016-DDSM-54033/1.000000-ROI mask images-93297/1-1.dcm,MG,1,benign,P_00826,left,5,mlo,P_00826_LEFT_MLO_mass_1,OBSCURED,LOBULATED,
1491,1,mass,digitized,5,"[505, 1868, 1656, 3020]",3,,,./data/CBIS-DDSM/Mass-Training_P_00870_LEFT_CC/07-20-2016-DDSM-04828/1.000000-full mammogram images-59084/1-1.dcm,./data/CBIS-DDSM/Mass-Training_P_00870_LEFT_CC_1/07-21-2016-DDSM-87154/1.000000-ROI mask images-52814/1-2.dcm,MG,1,malignant,P_00870,left,5,cc,P_00870_LEFT_CC_mass_1,SPICULATED,LOBULATED,
304,1,mass,digitized,5,"[294, 2497, 1445, 3648]",3,,,./data/CBIS-DDSM/Mass-Training_P_00870_LEFT_MLO/07-20-2016-DDSM-03892/1.000000-full mammogram images-86593/1-1.dcm,./data/CBIS-DDSM/Mass-Training_P_00870_LEFT_MLO_1/07-21-2016-DDSM-94775/1.000000-ROI mask images-56921/1-2.dcm,MG,1,malignant,P_00870,left,5,mlo,P_00870_LEFT_MLO_mass_1,SPICULATED,LOBULATED,
806,1,mass,digitized,5,"[767, 2168, 1918, 3319]",2,,,./data/CBIS-DDSM/Mass-Test_P_00875_RIGHT_CC/10-04-2016-DDSM-43376/1.000000-full mammogram images-01814/1-1.dcm,./data/CBIS-DDSM/Mass-Test_P_00875_RIGHT_CC_1/10-04-2016-DDSM-16053/1.000000-ROI mask images-12017/1-2.dcm,MG,1,malignant,P_00875,right,3,cc,P_00875_RIGHT_CC_mass_1,SPICULATED,IRREGULAR,
205,1,mass,digitized,5,"[1311, 2396, 2462, 3548]",2,,,./data/CBIS-DDSM/Mass-Test_P_00875_RIGHT_MLO/10-04-2016-DDSM-18972/1.000000-full mammogram images-52307/1-1.dcm,./data/CBIS-DDSM/Mass-Test_P_00875_RIGHT_MLO_1/10-04-2016-DDSM-29744/1.000000-ROI mask images-72133/1-2.dcm,MG,1,malignant,P_00875,right,3,mlo,P_00875_RIGHT_MLO_mass_1,SPICULATED,IRREGULAR,
1982,1,mass,digitized,4,"[1460, 2305, 2612, 3456]",3,,,./data/CBIS-DDSM/Mass-Training_P_00896_LEFT_CC/07-20-2016-DDSM-05165/1.000000-full mammogram images-64987/1-1.dcm,./data/CBIS-DDSM/Mass-Training_P_00896_LEFT_CC_1/07-21-2016-DDSM-52277/1.000000-ROI mask images-63274/1-2.dcm,MG,1,benign,P_00896,left,4,cc,P_00896_LEFT_CC_mass_1,OBSCURED,OVAL,
1821,1,mass,digitized,4,"[79, 2652, 1231, 3804]",4,,,./data/CBIS-DDSM/Mass-Training_P_00906_LEFT_CC/07-20-2016-DDSM-30452/1.000000-full mammogram images-28326/1-1.dcm,./data/CBIS-DDSM/Mass-Training_P_00906_LEFT_CC_1/07-21-2016-DDSM-78992/1.000000-ROI mask images-18404/1-2.dcm,MG,1,malignant,P_00906,left,3,cc,P_00906_LEFT_CC_mass_1,OBSCURED-ILL_DEFINED,LOBULATED,
1305,1,mass,digitized,3,"[435, 2797, 1587, 3949]",4,,,./data/CBIS-DDSM/Mass-Training_P_00906_LEFT_MLO/07-20-2016-DDSM-47045/1.000000-full mammogram images-76793/1-1.dcm,./data/CBIS-DDSM/Mass-Training_P_00906_LEFT_MLO_1/07-21-2016-DDSM-59877/1.000000-ROI mask images-22336/1-2.dcm,MG,1,malignant,P_00906,left,2,mlo,P_00906_LEFT_MLO_mass_1,OBSCURED,LOBULATED,
479,2,mass,digitized,3,"[589, 1351, 1741, 2503]",3,,,./data/CBIS-DDSM/Mass-Training_P_00914_LEFT_CC/07-20-2016-DDSM-67898/1.000000-full mammogram images-41105/1-1.dcm,./data/CBIS-DDSM/Mass-Training_P_00914_LEFT_CC_2/07-21-2016-DDSM-65435/1.000000-ROI mask images-43754/1-2.dcm,MG,3,malignant,P_00914,left,3,cc,P_00914_LEFT_CC_mass_2,CIRCUMSCRIBED-ILL_DEFINED,LOBULATED,
1405,1,mass,digitized,3,"[1556, 1301, 2707, 2453]",3,,,./data/CBIS-DDSM/Mass-Training_P_00914_LEFT_CC/07-20-2016-DDSM-67898/1.000000-full mammogram images-41105/1-1.dcm,./data/CBIS-DDSM/Mass-Training_P_00914_LEFT_CC_1/07-21-2016-DDSM-32658/1.000000-ROI mask images-74381/1-2.dcm,MG,3,malignant,P_00914,left,3,cc,P_00914_LEFT_CC_mass_1,CIRCUMSCRIBED-ILL_DEFINED,LOBULATED,
1749,3,mass,digitized,3,"[1214, 1821, 2365, 2972]",3,,,./data/CBIS-DDSM/Mass-Training_P_00914_LEFT_CC/07-20-2016-DDSM-67898/1.000000-full mammogram images-41105/1-1.dcm,./data/CBIS-DDSM/Mass-Training_P_00914_LEFT_CC_3/07-21-2016-DDSM-50841/1.000000-ROI mask images-19265/1-2.dcm,MG,3,malignant,P_00914,left,3,cc,P_00914_LEFT_CC_mass_3,CIRCUMSCRIBED-ILL_DEFINED,LOBULATED,
120,1,mass,digitized,3,"[1570, 1382, 2722, 2534]",3,,,./data/CBIS-DDSM/Mass-Training_P_00914_LEFT_MLO/07-20-2016-DDSM-98115/1.000000-full mammogram images-23458/1-1.dcm,./data/CBIS-DDSM/Mass-Training_P_00914_LEFT_MLO_1/07-21-2016-DDSM-03302/1.000000-ROI mask images-52375/1-2.dcm,MG,3,malignant,P_00914,left,3,mlo,P_00914_LEFT_MLO_mass_1,CIRCUMSCRIBED-ILL_DEFINED,LOBULATED,
521,2,mass,digitized,3,"[1882, 2817, 3033, 3969]",3,,,./data/CBIS-DDSM/Mass-Training_P_00914_LEFT_MLO/07-20-2016-DDSM-98115/1.000000-full mammogram images-23458/1-1.dcm,./data/CBIS-DDSM/Mass-Training_P_00914_LEFT_MLO_2/07-21-2016-DDSM-99241/1.000000-ROI mask images-69265/1-2.dcm,MG,3,malignant,P_00914,left,3,mlo,P_00914_LEFT_MLO_mass_2,CIRCUMSCRIBED-ILL_DEFINED,LOBULATED,
2640,3,mass,digitized,3,"[1543, 2848, 2694, 4000]",3,,,./data/CBIS-DDSM/Mass-Training_P_00914_LEFT_MLO/07-20-2016-DDSM-98115/1.000000-full mammogram images-23458/1-1.dcm,./data/CBIS-DDSM/Mass-Training_P_00914_LEFT_MLO_3/07-21-2016-DDSM-09054/1.000000-ROI mask images-71813/1-2.dcm,MG,3,malignant,P_00914,left,3,mlo,P_00914_LEFT_MLO_mass_3,CIRCUMSCRIBED-ILL_DEFINED,LOBULATED,
2565,1,mass,digitized,5,"[1883, 1551, 3034, 2703]",3,,,./data/CBIS-DDSM/Mass-Training_P_00921_RIGHT_CC/07-20-2016-DDSM-41542/1.000000-full mammogram images-33931/1-1.dcm,./data/CBIS-DDSM/Mass-Training_P_00921_RIGHT_CC_1/07-21-2016-DDSM-43533/1.000000-ROI mask images-14998/1-1.dcm,MG,1,malignant,P_00921,right,4,cc,P_00921_RIGHT_CC_mass_1,SPICULATED,IRREGULAR,
1624,1,mass,digitized,5,"[856, 1567, 2008, 2719]",2,,,./data/CBIS-DDSM/Mass-Training_P_00929_LEFT_CC/07-20-2016-DDSM-26262/1.000000-full mammogram images-69732/1-1.dcm,./data/CBIS-DDSM/Mass-Training_P_00929_LEFT_CC_1/07-21-2016-DDSM-25674/1.000000-ROI mask images-55704/1-1.dcm,MG,1,malignant,P_00929,left,5,cc,P_00929_LEFT_CC_mass_1,SPICULATED,IRREGULAR,
1304,1,mass,digitized,5,"[1306, 1906, 2458, 3057]",2,,,./data/CBIS-DDSM/Mass-Training_P_00929_LEFT_MLO/07-20-2016-DDSM-31310/1.000000-full mammogram images-02516/1-1.dcm,./data/CBIS-DDSM/Mass-Training_P_00929_LEFT_MLO_1/07-21-2016-DDSM-23355/1.000000-ROI mask images-10837/1-1.dcm,MG,1,malignant,P_00929,left,4,mlo,P_00929_LEFT_MLO_mass_1,SPICULATED,IRREGULAR,
1970,1,mass,digitized,3,"[0, 2534, 718, 3686]",3,,,./data/CBIS-DDSM/Mass-Training_P_00939_RIGHT_CC/07-20-2016-DDSM-93365/1.000000-full mammogram images-57070/1-1.dcm,./data/CBIS-DDSM/Mass-Training_P_00939_RIGHT_CC_1/07-21-2016-DDSM-68059/1.000000-ROI mask images-04746/1-1.dcm,MG,1,benign,P_00939,right,3,cc,P_00939_RIGHT_CC_mass_1,OBSCURED,LOBULATED,
3142,1,mass,digitized,3,"[0, 3725, 737, 4877]",3,,,./data/CBIS-DDSM/Mass-Training_P_00939_RIGHT_MLO/07-20-2016-DDSM-39264/1.000000-full mammogram images-93058/1-1.dcm,./data/CBIS-DDSM/Mass-Training_P_00939_RIGHT_MLO_1/07-21-2016-DDSM-49026/1.000000-ROI mask images-51563/1-1.dcm,MG,1,benign,P_00939,right,3,mlo,P_00939_RIGHT_MLO_mass_1,OBSCURED,LOBULATED,
2041,1,mass,digitized,0,"[0, 1065, 1150, 2216]",3,,,./data/CBIS-DDSM/Mass-Training_P_00949_LEFT_CC/07-20-2016-DDSM-00251/1.000000-full mammogram images-34725/1-1.dcm,./data/CBIS-DDSM/Mass-Training_P_00949_LEFT_CC_1/07-21-2016-DDSM-30834/1.000000-ROI mask images-30242/1-1.dcm,MG,1,benign,P_00949,left,5,cc,P_00949_LEFT_CC_mass_1,OBSCURED,LOBULATED,
2306,1,mass,digitized,0,"[91, 2545, 1243, 3696]",3,,,./data/CBIS-DDSM/Mass-Training_P_00949_LEFT_MLO/07-20-2016-DDSM-34558/1.000000-full mammogram images-40040/1-1.dcm,./data/CBIS-DDSM/Mass-Training_P_00949_LEFT_MLO_1/07-21-2016-DDSM-24514/1.000000-ROI mask images-46466/1-1.dcm,MG,1,benign,P_00949,left,5,mlo,P_00949_LEFT_MLO_mass_1,OBSCURED,LOBULATED,
111,1,mass,digitized,3,"[1694, 1822, 2846, 2974]",2,,,./data/CBIS-DDSM/Mass-Training_P_00952_RIGHT_CC/07-20-2016-DDSM-50294/1.000000-full mammogram images-83308/1-1.dcm,./data/CBIS-DDSM/Mass-Training_P_00952_RIGHT_CC_1/07-21-2016-DDSM-11475/1.000000-ROI mask images-00855/1-1.dcm,MG,1,benign,P_00952,right,5,cc,P_00952_RIGHT_CC_mass_1,ILL_DEFINED,ASYMMETRIC_BREAST_TISSUE,
2365,1,mass,digitized,3,"[1741, 2228, 2892, 3380]",2,,,./data/CBIS-DDSM/Mass-Training_P_00952_RIGHT_MLO/07-20-2016-DDSM-96395/1.000000-full mammogram images-93753/1-1.dcm,./data/CBIS-DDSM/Mass-Training_P_00952_RIGHT_MLO_1/07-21-2016-DDSM-95840/1.000000-ROI mask images-62680/1-1.dcm,MG,1,benign,P_00952,right,5,mlo,P_00952_RIGHT_MLO_mass_1,ILL_DEFINED,IRREGULAR,
1290,1,mass,digitized,0,"[1435, 2258, 2587, 3410]",2,,,./data/CBIS-DDSM/Mass-Test_P_00962_RIGHT_CC/10-04-2016-DDSM-41482/1.000000-full mammogram images-53771/1-1.dcm,./data/CBIS-DDSM/Mass-Test_P_00962_RIGHT_CC_1/10-04-2016-DDSM-05571/1.000000-ROI mask images-43248/1-2.dcm,MG,1,malignant,P_00962,right,3,cc,P_00962_RIGHT_CC_mass_1,OBSCURED,IRREGULAR,
1843,1,mass,digitized,0,"[869, 2407, 2020, 3559]",2,,,./data/CBIS-DDSM/Mass-Test_P_00962_RIGHT_MLO/10-04-2016-DDSM-30065/1.000000-full mammogram images-87532/1-1.dcm,./data/CBIS-DDSM/Mass-Test_P_00962_RIGHT_MLO_1/10-04-2016-DDSM-21928/1.000000-ROI mask images-72607/1-2.dcm,MG,1,malignant,P_00962,right,3,mlo,P_00962_RIGHT_MLO_mass_1,OBSCURED,IRREGULAR,
2731,1,mass,digitized,3,"[1985, 1841, 3136, 2993]",2,,,./data/CBIS-DDSM/Mass-Test_P_00980_LEFT_CC/10-04-2016-DDSM-21058/1.000000-full mammogram images-08005/1-1.dcm,./data/CBIS-DDSM/Mass-Test_P_00980_LEFT_CC_1/10-04-2016-DDSM-05751/1.000000-ROI mask images-57446/1-2.dcm,MG,1,benign,P_00980,left,3,cc,P_00980_LEFT_CC_mass_1,CIRCUMSCRIBED,LOBULATED,
1354,1,mass,digitized,3,"[1520, 3081, 2672, 4233]",2,,,./data/CBIS-DDSM/Mass-Test_P_00980_LEFT_MLO/10-04-2016-DDSM-39500/1.000000-full mammogram images-47913/1-1.dcm,./data/CBIS-DDSM/Mass-Test_P_00980_LEFT_MLO_1/10-04-2016-DDSM-36996/1.000000-ROI mask images-18906/1-2.dcm,MG,1,benign,P_00980,left,3,mlo,P_00980_LEFT_MLO_mass_1,CIRCUMSCRIBED,LOBULATED,
3552,1,mass,digitized,5,"[336, 2051, 1488, 3202]",4,,,./data/CBIS-DDSM/Mass-Test_P_00987_LEFT_CC/10-04-2016-DDSM-73932/1.000000-full mammogram images-37372/1-1.dcm,./data/CBIS-DDSM/Mass-Test_P_00987_LEFT_CC_1/10-04-2016-DDSM-37429/1.000000-ROI mask images-16010/1-2.dcm,MG,1,malignant,P_00987,left,5,cc,P_00987_LEFT_CC_mass_1,ILL_DEFINED,OVAL,
222,1,mass,digitized,5,"[265, 2342, 1416, 3493]",4,,,./data/CBIS-DDSM/Mass-Test_P_00987_LEFT_MLO/10-04-2016-DDSM-35269/1.000000-full mammogram images-30967/1-1.dcm,./data/CBIS-DDSM/Mass-Test_P_00987_LEFT_MLO_1/10-04-2016-DDSM-44052/1.000000-ROI mask images-66132/1-2.dcm,MG,1,malignant,P_00987,left,4,mlo,P_00987_LEFT_MLO_mass_1,ILL_DEFINED,LOBULATED,
3196,1,mass,digitized,5,"[2433, 2217, 3584, 3368]",2,,,./data/CBIS-DDSM/Mass-Training_P_00990_RIGHT_CC/07-20-2016-DDSM-46988/1.000000-full mammogram images-30362/1-1.dcm,./data/CBIS-DDSM/Mass-Training_P_00990_RIGHT_CC_1/07-21-2016-DDSM-39016/1.000000-ROI mask images-45482/1-2.dcm,MG,1,malignant,P_00990,right,5,cc,P_00990_RIGHT_CC_mass_1,ILL_DEFINED,ASYMMETRIC_BREAST_TISSUE,
814,1,mass,digitized,5,"[2118, 2374, 3270, 3526]",2,,,./data/CBIS-DDSM/Mass-Training_P_00990_RIGHT_MLO/07-20-2016-DDSM-57943/1.000000-full mammogram images-69759/1-1.dcm,./data/CBIS-DDSM/Mass-Training_P_00990_RIGHT_MLO_1/07-21-2016-DDSM-25262/1.000000-ROI mask images-04843/1-2.dcm,MG,1,malignant,P_00990,right,5,mlo,P_00990_RIGHT_MLO_mass_1,ILL_DEFINED,ASYMMETRIC_BREAST_TISSUE,
1629,1,mass,digitized,5,"[557, 1343, 1708, 2494]",2,,,./data/CBIS-DDSM/Mass-Training_P_00999_LEFT_CC/07-20-2016-DDSM-04189/1.000000-full mammogram images-04921/1-1.dcm,./data/CBIS-DDSM/Mass-Training_P_00999_LEFT_CC_1/07-21-2016-DDSM-73722/1.000000-ROI mask images-34958/1-1.dcm,MG,1,malignant,P_00999,left,5,cc,P_00999_LEFT_CC_mass_1,SPICULATED,ROUND,
2034,1,mass,digitized,5,"[820, 3040, 1972, 4191]",2,,,./data/CBIS-DDSM/Mass-Training_P_00999_LEFT_MLO/07-20-2016-DDSM-33653/1.000000-full mammogram images-76477/1-1.dcm,./data/CBIS-DDSM/Mass-Training_P_00999_LEFT_MLO_1/07-21-2016-DDSM-82835/1.000000-ROI mask images-99555/1-2.dcm,MG,1,malignant,P_00999,left,5,mlo,P_00999_LEFT_MLO_mass_1,SPICULATED,ROUND,
2590,1,mass,digitized,5,"[1585, 944, 2736, 2096]",2,,,./data/CBIS-DDSM/Mass-Training_P_01000_RIGHT_CC/07-20-2016-DDSM-72283/1.000000-full mammogram images-48235/1-1.dcm,./data/CBIS-DDSM/Mass-Training_P_01000_RIGHT_CC_1/07-21-2016-DDSM-62115/1.000000-ROI mask images-08216/1-1.dcm,MG,1,malignant,P_01000,right,5,cc,P_01000_RIGHT_CC_mass_1,SPICULATED,IRREGULAR,
2457,1,mass,digitized,5,"[1168, 1331, 2320, 2482]",2,,,./data/CBIS-DDSM/Mass-Training_P_01000_RIGHT_MLO/07-20-2016-DDSM-12052/1.000000-full mammogram images-66126/1-1.dcm,./data/CBIS-DDSM/Mass-Training_P_01000_RIGHT_MLO_1/07-21-2016-DDSM-40948/1.000000-ROI mask images-32304/1-2.dcm,MG,1,malignant,P_01000,right,5,mlo,P_01000_RIGHT_MLO_mass_1,SPICULATED,LOBULATED,
1061,1,mass,digitized,5,"[71, 2618, 1223, 3770]",2,,,./data/CBIS-DDSM/Mass-Test_P_01014_LEFT_CC/10-04-2016-DDSM-25222/1.000000-full mammogram images-10254/1-1.dcm,./data/CBIS-DDSM/Mass-Test_P_01014_LEFT_CC_1/10-04-2016-DDSM-37119/1.000000-ROI mask images-11095/1-2.dcm,MG,1,malignant,P_01014,left,5,cc,P_01014_LEFT_CC_mass_1,CIRCUMSCRIBED-MICROLOBULATED-ILL_DEFINED,IRREGULAR,
1806,1,mass,digitized,5,"[51, 3134, 1202, 4286]",2,,,./data/CBIS-DDSM/Mass-Test_P_01014_LEFT_MLO/10-04-2016-DDSM-06666/1.000000-full mammogram images-34269/1-1.dcm,./data/CBIS-DDSM/Mass-Test_P_01014_LEFT_MLO_1/10-04-2016-DDSM-32199/1.000000-ROI mask images-74033/1-2.dcm,MG,1,malignant,P_01014,left,5,mlo,P_01014_LEFT_MLO_mass_1,CIRCUMSCRIBED-MICROLOBULATED-ILL_DEFINED,IRREGULAR,
2243,1,mass,digitized,4,"[681, 1329, 1832, 2480]",2,,,./data/CBIS-DDSM/Mass-Training_P_01036_RIGHT_MLO/07-20-2016-DDSM-44660/1.000000-full mammogram images-13418/1-1.dcm,./data/CBIS-DDSM/Mass-Training_P_01036_RIGHT_MLO_1/07-21-2016-DDSM-44489/1.000000-ROI mask images-87904/1-1.dcm,MG,1,benign,P_01036,right,1,mlo,P_01036_RIGHT_MLO_mass_1,OBSCURED,ASYMMETRIC_BREAST_TISSUE,
3384,1,mass,digitized,4,"[596, 2313, 1748, 3465]",3,,,./data/CBIS-DDSM/Mass-Training_P_01047_LEFT_CC/07-20-2016-DDSM-07548/1.000000-full mammogram images-05301/1-1.dcm,./data/CBIS-DDSM/Mass-Training_P_01047_LEFT_CC_1/07-21-2016-DDSM-14717/1.000000-ROI mask images-81263/1-1.dcm,MG,1,malignant,P_01047,left,3,cc,P_01047_LEFT_CC_mass_1,CIRCUMSCRIBED,LOBULATED,
2682,1,mass,digitized,4,"[485, 2756, 1637, 3907]",3,,,./data/CBIS-DDSM/Mass-Training_P_01047_LEFT_MLO/07-20-2016-DDSM-23591/1.000000-full mammogram images-21025/1-1.dcm,./data/CBIS-DDSM/Mass-Training_P_01047_LEFT_MLO_1/07-21-2016-DDSM-07804/1.000000-ROI mask images-22182/1-1.dcm,MG,1,malignant,P_01047,left,3,mlo,P_01047_LEFT_MLO_mass_1,CIRCUMSCRIBED,LOBULATED,
1327,1,mass,digitized,0,"[868, 2001, 2020, 3153]",2,,,./data/CBIS-DDSM/Mass-Training_P_01048_RIGHT_CC/07-20-2016-DDSM-28795/1.000000-full mammogram images-63188/1-1.dcm,./data/CBIS-DDSM/Mass-Training_P_01048_RIGHT_CC_1/07-21-2016-DDSM-27659/1.000000-ROI mask images-11915/1-1.dcm,MG,1,benign,P_01048,right,3,cc,P_01048_RIGHT_CC_mass_1,OBSCURED,OVAL,
3252,1,mass,digitized,0,"[1165, 2782, 2317, 3933]",2,,,./data/CBIS-DDSM/Mass-Training_P_01048_RIGHT_MLO/07-20-2016-DDSM-65903/1.000000-full mammogram images-82288/1-1.dcm,./data/CBIS-DDSM/Mass-Training_P_01048_RIGHT_MLO_1/07-21-2016-DDSM-71568/1.000000-ROI mask images-72166/1-1.dcm,MG,1,benign,P_01048,right,3,mlo,P_01048_RIGHT_MLO_mass_1,OBSCURED,OVAL,
119,1,mass,digitized,3,"[2230, 1005, 2904, 2156]",3,,,./data/CBIS-DDSM/Mass-Training_P_01051_RIGHT_CC/07-20-2016-DDSM-69911/1.000000-full mammogram images-87700/1-1.dcm,./data/CBIS-DDSM/Mass-Training_P_01051_RIGHT_CC_1/07-21-2016-DDSM-32670/1.000000-ROI mask images-90026/1-1.dcm,MG,1,benign,P_01051,right,4,cc,P_01051_RIGHT_CC_mass_1,CIRCUMSCRIBED,ROUND,
1369,1,mass,digitized,3,"[1241, 959, 2393, 2111]",3,,,./data/CBIS-DDSM/Mass-Training_P_01051_RIGHT_MLO/07-20-2016-DDSM-81866/1.000000-full mammogram images-08807/1-1.dcm,./data/CBIS-DDSM/Mass-Training_P_01051_RIGHT_MLO_1/07-21-2016-DDSM-21603/1.000000-ROI mask images-88689/1-2.dcm,MG,1,benign,P_01051,right,4,mlo,P_01051_RIGHT_MLO_mass_1,CIRCUMSCRIBED,LOBULATED,
1604,1,mass,digitized,4,"[617, 2625, 1768, 3776]",2,,,./data/CBIS-DDSM/Mass-Test_P_01068_RIGHT_MLO/10-04-2016-DDSM-99782/1.000000-full mammogram images-74769/1-1.dcm,./data/CBIS-DDSM/Mass-Test_P_01068_RIGHT_MLO_1/10-04-2016-DDSM-47092/1.000000-ROI mask images-68034/1-2.dcm,MG,1,malignant,P_01068,right,5,mlo,P_01068_RIGHT_MLO_mass_1,ILL_DEFINED,LOBULATED,
3334,1,mass,digitized,4,"[1924, 1502, 3076, 2653]",3,,,./data/CBIS-DDSM/Mass-Training_P_01086_LEFT_MLO/07-20-2016-DDSM-28888/1.000000-full mammogram images-11443/1-1.dcm,./data/CBIS-DDSM/Mass-Training_P_01086_LEFT_MLO_1/07-21-2016-DDSM-65581/1.000000-ROI mask images-04338/1-1.dcm,MG,1,malignant,P_01086,left,2,mlo,P_01086_LEFT_MLO_mass_1,ILL_DEFINED,IRREGULAR,
3385,1,mass,digitized,4,"[1434, 2432, 2586, 3584]",3,,,./data/CBIS-DDSM/Mass-Training_P_01104_LEFT_MLO/07-20-2016-DDSM-38981/1.000000-full mammogram images-89439/1-1.dcm,./data/CBIS-DDSM/Mass-Training_P_01104_LEFT_MLO_1/07-21-2016-DDSM-17261/1.000000-ROI mask images-19965/1-1.dcm,MG,1,benign,P_01104,left,2,mlo,P_01104_LEFT_MLO_mass_1,OBSCURED-ILL_DEFINED,OVAL,
3445,1,mass,digitized,3,"[1912, 1629, 3056, 2781]",4,,,./data/CBIS-DDSM/Mass-Test_P_01108_RIGHT_CC/10-04-2016-DDSM-68980/1.000000-full mammogram images-00014/1-1.dcm,./data/CBIS-DDSM/Mass-Test_P_01108_RIGHT_CC_1/10-04-2016-DDSM-28011/1.000000-ROI mask images-58178/1-2.dcm,MG,1,benign,P_01108,right,4,cc,P_01108_RIGHT_CC_mass_1,CIRCUMSCRIBED-OBSCURED,OVAL,
2568,1,mass,digitized,3,"[2117, 2493, 3120, 3644]",4,,,./data/CBIS-DDSM/Mass-Test_P_01108_RIGHT_MLO/10-04-2016-DDSM-74660/1.000000-full mammogram images-99645/1-1.dcm,./data/CBIS-DDSM/Mass-Test_P_01108_RIGHT_MLO_1/10-04-2016-DDSM-50124/1.000000-ROI mask images-25269/1-2.dcm,MG,1,benign,P_01108,right,4,mlo,P_01108_RIGHT_MLO_mass_1,CIRCUMSCRIBED-OBSCURED,OVAL,
920,1,mass,digitized,4,"[155, 2372, 1306, 3524]",2,,,./data/CBIS-DDSM/Mass-Training_P_01118_RIGHT_CC/07-20-2016-DDSM-78805/1.000000-full mammogram images-33773/1-1.dcm,./data/CBIS-DDSM/Mass-Training_P_01118_RIGHT_CC_1/07-21-2016-DDSM-05109/1.000000-ROI mask images-52457/1-1.dcm,MG,1,benign,P_01118,right,4,cc,P_01118_RIGHT_CC_mass_1,ILL_DEFINED,OVAL,
1655,1,mass,digitized,4,"[460, 2298, 1611, 3450]",2,,,./data/CBIS-DDSM/Mass-Training_P_01118_RIGHT_MLO/07-20-2016-DDSM-80697/1.000000-full mammogram images-04735/1-1.dcm,./data/CBIS-DDSM/Mass-Training_P_01118_RIGHT_MLO_1/07-21-2016-DDSM-67102/1.000000-ROI mask images-48611/1-1.dcm,MG,1,benign,P_01118,right,4,mlo,P_01118_RIGHT_MLO_mass_1,ILL_DEFINED,OVAL,
1526,3,mass,digitized,3,"[2053, 3476, 3204, 4627]",2,,,./data/CBIS-DDSM/Mass-Training_P_01152_RIGHT_CC/07-20-2016-DDSM-58207/1.000000-full mammogram images-33025/1-1.dcm,./data/CBIS-DDSM/Mass-Training_P_01152_RIGHT_CC_3/07-21-2016-DDSM-60302/1.000000-ROI mask images-78194/1-2.dcm,MG,2,benign,P_01152,right,4,cc,P_01152_RIGHT_CC_mass_3,OBSCURED,OVAL,
1964,1,mass,digitized,3,"[2875, 1168, 4027, 2320]",2,,,./data/CBIS-DDSM/Mass-Training_P_01152_RIGHT_CC/07-20-2016-DDSM-58207/1.000000-full mammogram images-33025/1-1.dcm,./data/CBIS-DDSM/Mass-Training_P_01152_RIGHT_CC_1/07-21-2016-DDSM-96384/1.000000-ROI mask images-38738/1-2.dcm,MG,2,benign,P_01152,right,5,cc,P_01152_RIGHT_CC_mass_1,CIRCUMSCRIBED,LOBULATED,
160,1,mass,digitized,3,"[2326, 1758, 3478, 2910]",2,,,./data/CBIS-DDSM/Mass-Training_P_01152_RIGHT_MLO/07-20-2016-DDSM-39422/1.000000-full mammogram images-04187/1-1.dcm,./data/CBIS-DDSM/Mass-Training_P_01152_RIGHT_MLO_1/07-21-2016-DDSM-16682/1.000000-ROI mask images-55947/1-2.dcm,MG,2,benign,P_01152,right,5,mlo,P_01152_RIGHT_MLO_mass_1,CIRCUMSCRIBED,LOBULATED,
680,3,mass,digitized,3,"[2061, 4147, 3212, 5298]",2,,,./data/CBIS-DDSM/Mass-Training_P_01152_RIGHT_MLO/07-20-2016-DDSM-39422/1.000000-full mammogram images-04187/1-1.dcm,./data/CBIS-DDSM/Mass-Training_P_01152_RIGHT_MLO_3/07-21-2016-DDSM-22871/1.000000-ROI mask images-98183/1-2.dcm,MG,2,benign,P_01152,right,5,mlo,P_01152_RIGHT_MLO_mass_3,OBSCURED,OVAL,
1701,1,mass,digitized,4,"[831, 1229, 1983, 2380]",2,,,./data/CBIS-DDSM/Mass-Training_P_01155_RIGHT_CC/07-20-2016-DDSM-39459/1.000000-full mammogram images-57198/1-1.dcm,./data/CBIS-DDSM/Mass-Training_P_01155_RIGHT_CC_1/07-21-2016-DDSM-33336/1.000000-ROI mask images-52510/1-1.dcm,MG,1,malignant,P_01155,right,1,cc,P_01155_RIGHT_CC_mass_1,ILL_DEFINED,OVAL,
2977,1,mass,digitized,4,"[254, 1730, 1406, 2882]",2,,,./data/CBIS-DDSM/Mass-Training_P_01155_RIGHT_MLO/07-20-2016-DDSM-49003/1.000000-full mammogram images-52210/1-1.dcm,./data/CBIS-DDSM/Mass-Training_P_01155_RIGHT_MLO_1/07-21-2016-DDSM-65746/1.000000-ROI mask images-63557/1-2.dcm,MG,1,malignant,P_01155,right,1,mlo,P_01155_RIGHT_MLO_mass_1,OBSCURED,OVAL,
3304,1,mass,digitized,2,"[1583, 1543, 2734, 2694]",4,,,./data/CBIS-DDSM/Mass-Training_P_01165_LEFT_CC/07-20-2016-DDSM-35558/1.000000-full mammogram images-85498/1-1.dcm,./data/CBIS-DDSM/Mass-Training_P_01165_LEFT_CC_1/07-21-2016-DDSM-25263/1.000000-ROI mask images-85832/1-1.dcm,MG,1,benign,P_01165,left,5,cc,P_01165_LEFT_CC_mass_1,SPICULATED,ARCHITECTURAL_DISTORTION,
2435,1,mass,digitized,2,"[1341, 2455, 2492, 3607]",4,,,./data/CBIS-DDSM/Mass-Training_P_01165_LEFT_MLO/07-20-2016-DDSM-76614/1.000000-full mammogram images-34165/1-1.dcm,./data/CBIS-DDSM/Mass-Training_P_01165_LEFT_MLO_1/07-21-2016-DDSM-47533/1.000000-ROI mask images-54070/1-1.dcm,MG,1,benign,P_01165,left,5,mlo,P_01165_LEFT_MLO_mass_1,SPICULATED,ARCHITECTURAL_DISTORTION,
860,1,mass,digitized,4,"[754, 2063, 1906, 3215]",4,,,./data/CBIS-DDSM/Mass-Training_P_01165_RIGHT_CC/07-20-2016-DDSM-87014/1.000000-full mammogram images-46429/1-1.dcm,./data/CBIS-DDSM/Mass-Training_P_01165_RIGHT_CC_1/07-21-2016-DDSM-94503/1.000000-ROI mask images-51114/1-2.dcm,MG,1,malignant,P_01165,right,2,cc,P_01165_RIGHT_CC_mass_1,SPICULATED,ARCHITECTURAL_DISTORTION,
1073,1,mass,digitized,5,"[323, 1941, 1475, 3093]",3,,,./data/CBIS-DDSM/Mass-Training_P_01173_RIGHT_CC/07-20-2016-DDSM-34504/1.000000-full mammogram images-13367/1-1.dcm,./data/CBIS-DDSM/Mass-Training_P_01173_RIGHT_CC_1/07-21-2016-DDSM-59026/1.000000-ROI mask images-92476/1-1.dcm,MG,1,malignant,P_01173,right,1,cc,P_01173_RIGHT_CC_mass_1,SPICULATED,ARCHITECTURAL_DISTORTION,
2167,1,mass,digitized,5,"[367, 3421, 1518, 4573]",3,,,./data/CBIS-DDSM/Mass-Training_P_01173_RIGHT_MLO/07-20-2016-DDSM-50088/1.000000-full mammogram images-54284/1-1.dcm,./data/CBIS-DDSM/Mass-Training_P_01173_RIGHT_MLO_1/07-21-2016-DDSM-03913/1.000000-ROI mask images-93618/1-2.dcm,MG,1,malignant,P_01173,right,1,mlo,P_01173_RIGHT_MLO_mass_1,SPICULATED,ARCHITECTURAL_DISTORTION,
710,1,mass,digitized,4,"[323, 1276, 1474, 2427]",2,,,./data/CBIS-DDSM/Mass-Training_P_01206_RIGHT_CC/07-20-2016-DDSM-39211/1.000000-full mammogram images-17220/1-1.dcm,./data/CBIS-DDSM/Mass-Training_P_01206_RIGHT_CC_1/07-21-2016-DDSM-73974/1.000000-ROI mask images-29869/1-1.dcm,MG,1,malignant,P_01206,right,3,cc,P_01206_RIGHT_CC_mass_1,SPICULATED,ARCHITECTURAL_DISTORTION,
213,1,mass,digitized,4,"[690, 2114, 1842, 3265]",2,,,./data/CBIS-DDSM/Mass-Training_P_01206_RIGHT_MLO/07-20-2016-DDSM-00334/1.000000-full mammogram images-40488/1-1.dcm,./data/CBIS-DDSM/Mass-Training_P_01206_RIGHT_MLO_1/07-21-2016-DDSM-51453/1.000000-ROI mask images-50282/1-2.dcm,MG,1,malignant,P_01206,right,3,mlo,P_01206_RIGHT_MLO_mass_1,SPICULATED,ARCHITECTURAL_DISTORTION,
3319,1,mass,digitized,4,"[2911, 3691, 3631, 4843]",1,,,./data/CBIS-DDSM/Mass-Training_P_01230_LEFT_MLO/07-20-2016-DDSM-22419/1.000000-full mammogram images-13866/1-1.dcm,./data/CBIS-DDSM/Mass-Training_P_01230_LEFT_MLO_1/07-21-2016-DDSM-63294/1.000000-ROI mask images-94613/1-2.dcm,MG,1,malignant,P_01230,left,2,mlo,P_01230_LEFT_MLO_mass_1,ILL_DEFINED,IRREGULAR,
1549,1,mass,digitized,3,"[1848, 796, 2752, 1947]",2,,,./data/CBIS-DDSM/Mass-Training_P_01237_RIGHT_MLO/07-20-2016-DDSM-98421/1.000000-full mammogram images-52659/1-1.dcm,./data/CBIS-DDSM/Mass-Training_P_01237_RIGHT_MLO_1/07-21-2016-DDSM-38232/1.000000-ROI mask images-44424/1-1.dcm,MG,1,benign,P_01237,right,4,mlo,P_01237_RIGHT_MLO_mass_1,CIRCUMSCRIBED,ROUND,
2166,1,mass,digitized,4,"[1551, 1259, 2702, 2410]",2,,,./data/CBIS-DDSM/Mass-Test_P_01251_LEFT_CC/10-04-2016-DDSM-25244/1.000000-full mammogram images-87403/1-1.dcm,./data/CBIS-DDSM/Mass-Test_P_01251_LEFT_CC_1/10-04-2016-DDSM-65128/1.000000-ROI mask images-62736/1-2.dcm,MG,1,benign,P_01251,left,4,cc,P_01251_LEFT_CC_mass_1,OBSCURED,OVAL,
1436,1,mass,digitized,4,"[1254, 3940, 2406, 5092]",2,,,./data/CBIS-DDSM/Mass-Test_P_01251_LEFT_MLO/10-04-2016-DDSM-21846/1.000000-full mammogram images-09866/1-1.dcm,./data/CBIS-DDSM/Mass-Test_P_01251_LEFT_MLO_1/10-04-2016-DDSM-81101/1.000000-ROI mask images-25121/1-2.dcm,MG,1,benign,P_01251,left,4,mlo,P_01251_LEFT_MLO_mass_1,OBSCURED,OVAL,
2475,1,mass,digitized,4,"[0, 2588, 953, 3740]",2,,,./data/CBIS-DDSM/Mass-Test_P_01257_RIGHT_CC/10-04-2016-DDSM-44562/1.000000-full mammogram images-49479/1-1.dcm,./data/CBIS-DDSM/Mass-Test_P_01257_RIGHT_CC_1/10-04-2016-DDSM-11399/1.000000-ROI mask images-75148/1-2.dcm,MG,1,benign,P_01257,right,4,cc,P_01257_RIGHT_CC_mass_1,ILL_DEFINED,LOBULATED,
1105,1,mass,digitized,4,"[0, 3279, 1097, 4431]",2,,,./data/CBIS-DDSM/Mass-Test_P_01257_RIGHT_MLO/10-04-2016-DDSM-19479/1.000000-full mammogram images-51667/1-1.dcm,./data/CBIS-DDSM/Mass-Test_P_01257_RIGHT_MLO_1/10-04-2016-DDSM-98509/1.000000-ROI mask images-58934/1-2.dcm,MG,1,benign,P_01257,right,4,mlo,P_01257_RIGHT_MLO_mass_1,ILL_DEFINED,LOBULATED,
358,1,mass,digitized,2,"[2272, 1461, 3088, 2613]",2,,,./data/CBIS-DDSM/Mass-Training_P_01274_RIGHT_MLO/07-20-2016-DDSM-08147/1.000000-full mammogram images-31680/1-1.dcm,./data/CBIS-DDSM/Mass-Training_P_01274_RIGHT_MLO_1/07-21-2016-DDSM-34377/1.000000-ROI mask images-79222/1-1.dcm,MG,1,benign,P_01274,right,3,mlo,P_01274_RIGHT_MLO_mass_1,CIRCUMSCRIBED,LOBULATED-LYMPH_NODE,
1099,1,mass,digitized,4,"[1084, 2720, 2236, 3871]",3,,,./data/CBIS-DDSM/Mass-Training_P_01283_RIGHT_MLO/07-20-2016-DDSM-46461/1.000000-full mammogram images-04572/1-1.dcm,./data/CBIS-DDSM/Mass-Training_P_01283_RIGHT_MLO_1/07-21-2016-DDSM-97056/1.000000-ROI mask images-13686/1-2.dcm,MG,1,benign,P_01283,right,3,mlo,P_01283_RIGHT_MLO_mass_1,ILL_DEFINED,OVAL,
597,1,mass,digitized,4,"[0, 1982, 933, 3133]",2,,,./data/CBIS-DDSM/Mass-Training_P_01328_LEFT_CC/07-20-2016-DDSM-11944/1.000000-full mammogram images-32330/1-1.dcm,./data/CBIS-DDSM/Mass-Training_P_01328_LEFT_CC_1/07-21-2016-DDSM-18997/1.000000-ROI mask images-20186/1-2.dcm,MG,1,malignant,P_01328,left,3,cc,P_01328_LEFT_CC_mass_1,ILL_DEFINED-SPICULATED,IRREGULAR,
26,1,mass,digitized,4,"[98, 3382, 1249, 4520]",2,,,./data/CBIS-DDSM/Mass-Training_P_01328_LEFT_MLO/07-20-2016-DDSM-68429/1.000000-full mammogram images-83663/1-1.dcm,./data/CBIS-DDSM/Mass-Training_P_01328_LEFT_MLO_1/07-21-2016-DDSM-24534/1.000000-ROI mask images-40392/1-2.dcm,MG,1,malignant,P_01328,left,3,mlo,P_01328_LEFT_MLO_mass_1,ILL_DEFINED,IRREGULAR,
850,1,mass,digitized,4,"[1346, 1594, 2497, 2746]",2,,,./data/CBIS-DDSM/Mass-Training_P_01340_LEFT_CC/07-20-2016-DDSM-50004/1.000000-full mammogram images-15754/1-1.dcm,./data/CBIS-DDSM/Mass-Training_P_01340_LEFT_CC_1/07-21-2016-DDSM-55227/1.000000-ROI mask images-71403/1-2.dcm,MG,1,benign,P_01340,left,2,cc,P_01340_LEFT_CC_mass_1,ILL_DEFINED,OVAL,
192,1,mass,digitized,4,"[2792, 1290, 3944, 2442]",2,,,./data/CBIS-DDSM/Mass-Training_P_01350_RIGHT_CC/07-20-2016-DDSM-38362/1.000000-full mammogram images-79515/1-1.dcm,./data/CBIS-DDSM/Mass-Training_P_01350_RIGHT_CC_1/07-21-2016-DDSM-38795/1.000000-ROI mask images-31311/1-2.dcm,MG,1,malignant,P_01350,right,4,cc,P_01350_RIGHT_CC_mass_1,CIRCUMSCRIBED-ILL_DEFINED,LOBULATED,
1180,1,mass,digitized,4,"[2362, 1947, 3514, 3099]",2,,,./data/CBIS-DDSM/Mass-Training_P_01350_RIGHT_MLO/07-20-2016-DDSM-92726/1.000000-full mammogram images-98318/1-1.dcm,./data/CBIS-DDSM/Mass-Training_P_01350_RIGHT_MLO_1/07-21-2016-DDSM-80299/1.000000-ROI mask images-05145/1-2.dcm,MG,1,malignant,P_01350,right,4,mlo,P_01350_RIGHT_MLO_mass_1,CIRCUMSCRIBED-ILL_DEFINED,LOBULATED,
270,1,mass,digitized,5,"[1722, 3186, 2873, 4338]",3,,,./data/CBIS-DDSM/Mass-Training_P_01355_LEFT_MLO/07-20-2016-DDSM-27091/1.000000-full mammogram images-14791/1-1.dcm,./data/CBIS-DDSM/Mass-Training_P_01355_LEFT_MLO_1/07-21-2016-DDSM-93163/1.000000-ROI mask images-05115/1-2.dcm,MG,1,malignant,P_01355,left,3,mlo,P_01355_LEFT_MLO_mass_1,SPICULATED,IRREGULAR,
3243,1,mass,digitized,3,"[1977, 3650, 3129, 4801]",2,,,./data/CBIS-DDSM/Mass-Test_P_01381_RIGHT_CC/10-04-2016-DDSM-38063/1.000000-full mammogram images-75760/1-1.dcm,./data/CBIS-DDSM/Mass-Test_P_01381_RIGHT_CC_1/10-04-2016-DDSM-01095/1.000000-ROI mask images-00135/1-2.dcm,MG,1,benign,P_01381,right,5,cc,P_01381_RIGHT_CC_mass_1,,ASYMMETRIC_BREAST_TISSUE,
3228,1,mass,digitized,3,"[2010, 3945, 3162, 5097]",2,,,./data/CBIS-DDSM/Mass-Test_P_01381_RIGHT_MLO/10-04-2016-DDSM-18288/1.000000-full mammogram images-69896/1-1.dcm,./data/CBIS-DDSM/Mass-Test_P_01381_RIGHT_MLO_1/10-04-2016-DDSM-90833/1.000000-ROI mask images-47547/1-2.dcm,MG,1,benign,P_01381,right,5,mlo,P_01381_RIGHT_MLO_mass_1,,ASYMMETRIC_BREAST_TISSUE,
381,2,mass,digitized,5,"[1835, 3058, 2986, 4210]",2,,,./data/CBIS-DDSM/Mass-Training_P_01394_LEFT_CC/07-20-2016-DDSM-57059/1.000000-full mammogram images-48791/1-1.dcm,./data/CBIS-DDSM/Mass-Training_P_01394_LEFT_CC_2/07-21-2016-DDSM-19717/1.000000-ROI mask images-20194/1-2.dcm,MG,2,malignant,P_01394,left,5,cc,P_01394_LEFT_CC_mass_2,SPICULATED,IRREGULAR,
410,1,mass,digitized,5,"[657, 2499, 1808, 3650]",2,,,./data/CBIS-DDSM/Mass-Training_P_01394_LEFT_CC/07-20-2016-DDSM-57059/1.000000-full mammogram images-48791/1-1.dcm,./data/CBIS-DDSM/Mass-Training_P_01394_LEFT_CC_1/07-21-2016-DDSM-76456/1.000000-ROI mask images-09467/1-2.dcm,MG,2,malignant,P_01394,left,5,cc,P_01394_LEFT_CC_mass_1,SPICULATED,ROUND,
214,1,mass,digitized,5,"[534, 3512, 1685, 4663]",2,,,./data/CBIS-DDSM/Mass-Training_P_01394_LEFT_MLO/07-20-2016-DDSM-10253/1.000000-full mammogram images-20050/1-1.dcm,./data/CBIS-DDSM/Mass-Training_P_01394_LEFT_MLO_1/07-21-2016-DDSM-18433/1.000000-ROI mask images-38947/1-2.dcm,MG,2,malignant,P_01394,left,5,mlo,P_01394_LEFT_MLO_mass_1,SPICULATED,ROUND,
1807,2,mass,digitized,5,"[1712, 4154, 2864, 5306]",2,,,./data/CBIS-DDSM/Mass-Training_P_01394_LEFT_MLO/07-20-2016-DDSM-10253/1.000000-full mammogram images-20050/1-1.dcm,./data/CBIS-DDSM/Mass-Training_P_01394_LEFT_MLO_2/07-21-2016-DDSM-91151/1.000000-ROI mask images-20967/1-2.dcm,MG,2,malignant,P_01394,left,5,mlo,P_01394_LEFT_MLO_mass_2,SPICULATED,IRREGULAR,
1789,1,mass,digitized,5,"[1124, 2184, 2275, 3336]",2,,,./data/CBIS-DDSM/Mass-Training_P_01394_RIGHT_CC/07-20-2016-DDSM-14583/1.000000-full mammogram images-77920/1-1.dcm,./data/CBIS-DDSM/Mass-Training_P_01394_RIGHT_CC_1/07-21-2016-DDSM-43649/1.000000-ROI mask images-38958/1-2.dcm,MG,1,malignant,P_01394,right,5,cc,P_01394_RIGHT_CC_mass_1,SPICULATED,IRREGULAR,
1923,1,mass,digitized,5,"[1703, 3021, 2855, 4173]",2,,,./data/CBIS-DDSM/Mass-Training_P_01394_RIGHT_MLO/07-20-2016-DDSM-64168/1.000000-full mammogram images-15556/1-1.dcm,./data/CBIS-DDSM/Mass-Training_P_01394_RIGHT_MLO_1/07-21-2016-DDSM-78709/1.000000-ROI mask images-82487/1-2.dcm,MG,1,malignant,P_01394,right,5,mlo,P_01394_RIGHT_MLO_mass_1,SPICULATED,IRREGULAR,
2507,1,mass,digitized,2,"[0, 2826, 745, 3978]",2,,,./data/CBIS-DDSM/Mass-Training_P_01398_LEFT_CC/07-20-2016-DDSM-31843/1.000000-full mammogram images-64165/1-1.dcm,./data/CBIS-DDSM/Mass-Training_P_01398_LEFT_CC_1/07-21-2016-DDSM-10239/1.000000-ROI mask images-67567/1-1.dcm,MG,1,benign,P_01398,left,5,cc,P_01398_LEFT_CC_mass_1,,ASYMMETRIC_BREAST_TISSUE,
2620,1,mass,digitized,2,"[0, 2226, 822, 3377]",2,,,./data/CBIS-DDSM/Mass-Training_P_01398_LEFT_MLO/07-20-2016-DDSM-35143/1.000000-full mammogram images-58321/1-1.dcm,./data/CBIS-DDSM/Mass-Training_P_01398_LEFT_MLO_1/07-21-2016-DDSM-41162/1.000000-ROI mask images-61709/1-1.dcm,MG,1,benign,P_01398,left,5,mlo,P_01398_LEFT_MLO_mass_1,,ASYMMETRIC_BREAST_TISSUE,
626,1,mass,digitized,4,"[808, 2525, 1960, 3677]",2,,,./data/CBIS-DDSM/Mass-Training_P_01402_RIGHT_MLO/07-20-2016-DDSM-17182/1.000000-full mammogram images-10855/1-1.dcm,./data/CBIS-DDSM/Mass-Training_P_01402_RIGHT_MLO_1/07-21-2016-DDSM-16222/1.000000-ROI mask images-29569/1-2.dcm,MG,1,malignant,P_01402,right,4,mlo,P_01402_RIGHT_MLO_mass_1,SPICULATED,IRREGULAR,
2679,1,mass,digitized,5,"[1348, 1175, 2499, 2326]",1,,,./data/CBIS-DDSM/Mass-Training_P_01405_RIGHT_CC/07-20-2016-DDSM-49046/1.000000-full mammogram images-92492/1-1.dcm,./data/CBIS-DDSM/Mass-Training_P_01405_RIGHT_CC_1/07-21-2016-DDSM-67753/1.000000-ROI mask images-13216/1-1.dcm,MG,1,malignant,P_01405,right,5,cc,P_01405_RIGHT_CC_mass_1,SPICULATED,IRREGULAR,
830,1,mass,digitized,5,"[1197, 1997, 2348, 3148]",1,,,./data/CBIS-DDSM/Mass-Training_P_01405_RIGHT_MLO/07-20-2016-DDSM-18086/1.000000-full mammogram images-68248/1-1.dcm,./data/CBIS-DDSM/Mass-Training_P_01405_RIGHT_MLO_1/07-21-2016-DDSM-19761/1.000000-ROI mask images-34732/1-2.dcm,MG,1,malignant,P_01405,right,5,mlo,P_01405_RIGHT_MLO_mass_1,SPICULATED,IRREGULAR,
531,1,mass,digitized,3,"[57, 2237, 1208, 3389]",3,,,./data/CBIS-DDSM/Mass-Training_P_01406_LEFT_MLO/07-20-2016-DDSM-69534/1.000000-full mammogram images-58930/1-1.dcm,./data/CBIS-DDSM/Mass-Training_P_01406_LEFT_MLO_1/07-21-2016-DDSM-53750/1.000000-ROI mask images-28685/1-1.dcm,MG,1,benign,P_01406,left,3,mlo,P_01406_LEFT_MLO_mass_1,ILL_DEFINED,ARCHITECTURAL_DISTORTION,
1077,1,mass,digitized,4,"[1691, 897, 2616, 2048]",3,,,./data/CBIS-DDSM/Mass-Training_P_01411_RIGHT_MLO/07-20-2016-DDSM-07783/1.000000-full mammogram images-19889/1-1.dcm,./data/CBIS-DDSM/Mass-Training_P_01411_RIGHT_MLO_1/07-21-2016-DDSM-27610/1.000000-ROI mask images-59677/1-1.dcm,MG,1,malignant,P_01411,right,4,mlo,P_01411_RIGHT_MLO_mass_1,CIRCUMSCRIBED,OVAL,
2871,1,mass,digitized,4,"[2242, 724, 3056, 1875]",3,,,./data/CBIS-DDSM/Mass-Training_P_01418_RIGHT_CC/07-20-2016-DDSM-83651/1.000000-full mammogram images-21061/1-1.dcm,./data/CBIS-DDSM/Mass-Training_P_01418_RIGHT_CC_1/07-21-2016-DDSM-58014/1.000000-ROI mask images-03724/1-2.dcm,MG,1,malignant,P_01418,right,3,cc,P_01418_RIGHT_CC_mass_1,SPICULATED,IRREGULAR,
2258,1,mass,digitized,4,"[1995, 1533, 2984, 2684]",3,,,./data/CBIS-DDSM/Mass-Training_P_01418_RIGHT_MLO/07-20-2016-DDSM-27648/1.000000-full mammogram images-74799/1-1.dcm,./data/CBIS-DDSM/Mass-Training_P_01418_RIGHT_MLO_1/07-21-2016-DDSM-01526/1.000000-ROI mask images-63632/1-2.dcm,MG,1,malignant,P_01418,right,3,mlo,P_01418_RIGHT_MLO_mass_1,SPICULATED,IRREGULAR,
130,1,mass,digitized,5,"[1174, 1867, 2326, 3019]",3,,,./data/CBIS-DDSM/Mass-Training_P_01427_LEFT_MLO/07-20-2016-DDSM-11217/1.000000-full mammogram images-62853/1-1.dcm,./data/CBIS-DDSM/Mass-Training_P_01427_LEFT_MLO_1/07-21-2016-DDSM-72177/1.000000-ROI mask images-21660/1-1.dcm,MG,1,malignant,P_01427,left,5,mlo,P_01427_LEFT_MLO_mass_1,SPICULATED,IRREGULAR,
2073,1,mass,digitized,3,"[1545, 1932, 2581, 3083]",2,,,./data/CBIS-DDSM/Mass-Training_P_01431_LEFT_MLO/07-20-2016-DDSM-38478/1.000000-full mammogram images-33925/1-1.dcm,./data/CBIS-DDSM/Mass-Training_P_01431_LEFT_MLO_1/07-21-2016-DDSM-89805/1.000000-ROI mask images-71479/1-1.dcm,MG,1,benign,P_01431,left,4,mlo,P_01431_LEFT_MLO_mass_1,CIRCUMSCRIBED,OVAL,
1554,1,mass,digitized,4,"[1651, 4223, 2803, 5374]",3,,,./data/CBIS-DDSM/Mass-Training_P_01439_LEFT_CC/07-20-2016-DDSM-16741/1.000000-full mammogram images-33592/1-1.dcm,./data/CBIS-DDSM/Mass-Training_P_01439_LEFT_CC_1/07-21-2016-DDSM-08486/1.000000-ROI mask images-67431/1-2.dcm,MG,1,benign,P_01439,left,3,cc,P_01439_LEFT_CC_mass_1,OBSCURED,LOBULATED,
2366,1,mass,digitized,4,"[1988, 5279, 3139, 6430]",3,,,./data/CBIS-DDSM/Mass-Training_P_01439_LEFT_MLO/07-20-2016-DDSM-97624/1.000000-full mammogram images-87470/1-1.dcm,./data/CBIS-DDSM/Mass-Training_P_01439_LEFT_MLO_1/07-21-2016-DDSM-74845/1.000000-ROI mask images-82978/1-2.dcm,MG,1,benign,P_01439,left,3,mlo,P_01439_LEFT_MLO_mass_1,OBSCURED,LOBULATED,
930,1,mass,digitized,4,"[135, 4009, 1286, 5160]",4,,,./data/CBIS-DDSM/Mass-Training_P_01441_RIGHT_CC/07-20-2016-DDSM-78834/1.000000-full mammogram images-84565/1-1.dcm,./data/CBIS-DDSM/Mass-Training_P_01441_RIGHT_CC_1/07-21-2016-DDSM-90910/1.000000-ROI mask images-21247/1-1.dcm,MG,1,malignant,P_01441,right,2,cc,P_01441_RIGHT_CC_mass_1,ILL_DEFINED,LOBULATED,
2974,1,mass,digitized,4,"[0, 2898, 1063, 4049]",4,,,./data/CBIS-DDSM/Mass-Training_P_01441_RIGHT_MLO/07-20-2016-DDSM-62524/1.000000-full mammogram images-91436/1-1.dcm,./data/CBIS-DDSM/Mass-Training_P_01441_RIGHT_MLO_1/07-21-2016-DDSM-61650/1.000000-ROI mask images-42195/1-1.dcm,MG,1,malignant,P_01441,right,2,mlo,P_01441_RIGHT_MLO_mass_1,ILL_DEFINED,LOBULATED,
1783,1,mass,digitized,3,"[0, 229, 767, 1381]",4,,,./data/CBIS-DDSM/Mass-Training_P_01445_RIGHT_CC/07-20-2016-DDSM-69918/1.000000-full mammogram images-65611/1-1.dcm,./data/CBIS-DDSM/Mass-Training_P_01445_RIGHT_CC_1/07-21-2016-DDSM-26840/1.000000-ROI mask images-89270/1-1.dcm,MG,1,malignant,P_01445,right,5,cc,P_01445_RIGHT_CC_mass_1,CIRCUMSCRIBED,LOBULATED,
2678,1,mass,digitized,3,"[331, 1193, 1483, 2345]",4,,,./data/CBIS-DDSM/Mass-Training_P_01445_RIGHT_MLO/07-20-2016-DDSM-31440/1.000000-full mammogram images-28671/1-1.dcm,./data/CBIS-DDSM/Mass-Training_P_01445_RIGHT_MLO_1/07-21-2016-DDSM-16324/1.000000-ROI mask images-40368/1-1.dcm,MG,1,malignant,P_01445,right,5,mlo,P_01445_RIGHT_MLO_mass_1,CIRCUMSCRIBED,LOBULATED,
2327,1,mass,digitized,5,"[1444, 884, 2568, 2035]",3,,,./data/CBIS-DDSM/Mass-Training_P_01491_RIGHT_MLO/07-20-2016-DDSM-15552/1.000000-full mammogram images-49568/1-1.dcm,./data/CBIS-DDSM/Mass-Training_P_01491_RIGHT_MLO_1/07-21-2016-DDSM-55660/1.000000-ROI mask images-81251/1-2.dcm,MG,1,malignant,P_01491,right,4,mlo,P_01491_RIGHT_MLO_mass_1,SPICULATED,IRREGULAR,
3413,1,mass,digitized,3,"[1775, 1825, 2926, 2977]",3,,,./data/CBIS-DDSM/Mass-Training_P_01499_RIGHT_CC/07-20-2016-DDSM-94072/1.000000-full mammogram images-65077/1-1.dcm,./data/CBIS-DDSM/Mass-Training_P_01499_RIGHT_CC_1/07-21-2016-DDSM-98078/1.000000-ROI mask images-07618/1-1.dcm,MG,1,benign,P_01499,right,4,cc,P_01499_RIGHT_CC_mass_1,OBSCURED,LOBULATED,
2468,1,mass,digitized,3,"[1611, 2298, 2762, 3450]",3,,,./data/CBIS-DDSM/Mass-Training_P_01499_RIGHT_MLO/07-20-2016-DDSM-09190/1.000000-full mammogram images-04678/1-1.dcm,./data/CBIS-DDSM/Mass-Training_P_01499_RIGHT_MLO_1/07-21-2016-DDSM-00795/1.000000-ROI mask images-07862/1-1.dcm,MG,1,benign,P_01499,right,4,mlo,P_01499_RIGHT_MLO_mass_1,OBSCURED,LOBULATED,
585,1,mass,digitized,4,"[1576, 451, 2311, 1603]",3,,,./data/CBIS-DDSM/Mass-Training_P_01503_LEFT_CC/07-20-2016-DDSM-93756/1.000000-full mammogram images-18177/1-1.dcm,./data/CBIS-DDSM/Mass-Training_P_01503_LEFT_CC_1/07-21-2016-DDSM-67862/1.000000-ROI mask images-08456/1-2.dcm,MG,1,benign,P_01503,left,4,cc,P_01503_LEFT_CC_mass_1,OBSCURED,ROUND,
768,1,mass,digitized,4,"[1669, 2848, 2716, 3999]",3,,,./data/CBIS-DDSM/Mass-Training_P_01503_LEFT_MLO/07-20-2016-DDSM-70743/1.000000-full mammogram images-92517/1-1.dcm,./data/CBIS-DDSM/Mass-Training_P_01503_LEFT_MLO_1/07-21-2016-DDSM-97730/1.000000-ROI mask images-92727/1-1.dcm,MG,1,benign,P_01503,left,4,mlo,P_01503_LEFT_MLO_mass_1,OBSCURED,ROUND,
3433,1,mass,digitized,4,"[1936, 1280, 2851, 2431]",3,,,./data/CBIS-DDSM/Mass-Training_P_01506_LEFT_CC/07-20-2016-DDSM-28927/1.000000-full mammogram images-76082/1-1.dcm,./data/CBIS-DDSM/Mass-Training_P_01506_LEFT_CC_1/07-21-2016-DDSM-58851/1.000000-ROI mask images-72795/1-1.dcm,MG,1,malignant,P_01506,left,1,cc,P_01506_LEFT_CC_mass_1,ILL_DEFINED,IRREGULAR,
2844,1,mass,digitized,4,"[1651, 2604, 2802, 3755]",3,,,./data/CBIS-DDSM/Mass-Training_P_01506_LEFT_MLO/07-20-2016-DDSM-68165/1.000000-full mammogram images-13597/1-1.dcm,./data/CBIS-DDSM/Mass-Training_P_01506_LEFT_MLO_1/07-21-2016-DDSM-86577/1.000000-ROI mask images-31751/1-1.dcm,MG,1,malignant,P_01506,left,1,mlo,P_01506_LEFT_MLO_mass_1,ILL_DEFINED,IRREGULAR,
1894,1,mass,digitized,5,"[0, 476, 864, 1627]",3,,,./data/CBIS-DDSM/Mass-Training_P_01514_LEFT_CC/07-20-2016-DDSM-56876/1.000000-full mammogram images-44316/1-1.dcm,./data/CBIS-DDSM/Mass-Training_P_01514_LEFT_CC_1/07-21-2016-DDSM-24375/1.000000-ROI mask images-29577/1-1.dcm,MG,1,malignant,P_01514,left,3,cc,P_01514_LEFT_CC_mass_1,OBSCURED,IRREGULAR,
1906,1,mass,digitized,5,"[688, 671, 1840, 1822]",3,,,./data/CBIS-DDSM/Mass-Training_P_01514_LEFT_MLO/07-20-2016-DDSM-06013/1.000000-full mammogram images-19989/1-1.dcm,./data/CBIS-DDSM/Mass-Training_P_01514_LEFT_MLO_1/07-21-2016-DDSM-51091/1.000000-ROI mask images-94807/1-1.dcm,MG,1,malignant,P_01514,left,5,mlo,P_01514_LEFT_MLO_mass_1,SPICULATED,IRREGULAR,
879,1,mass,digitized,4,"[1239, 1704, 2221, 2856]",4,,,./data/CBIS-DDSM/Mass-Training_P_01517_LEFT_MLO/07-20-2016-DDSM-71183/1.000000-full mammogram images-34413/1-1.dcm,./data/CBIS-DDSM/Mass-Training_P_01517_LEFT_MLO_1/07-21-2016-DDSM-83635/1.000000-ROI mask images-40412/1-2.dcm,MG,1,malignant,P_01517,left,3,mlo,P_01517_LEFT_MLO_mass_1,ILL_DEFINED,IRREGULAR,
1192,1,mass,digitized,4,"[1718, 976, 2870, 2128]",3,,,./data/CBIS-DDSM/Mass-Training_P_01529_RIGHT_CC/07-20-2016-DDSM-73481/1.000000-full mammogram images-91946/1-1.dcm,./data/CBIS-DDSM/Mass-Training_P_01529_RIGHT_CC_1/07-21-2016-DDSM-92969/1.000000-ROI mask images-58100/1-2.dcm,MG,1,malignant,P_01529,right,3,cc,P_01529_RIGHT_CC_mass_1,OBSCURED-ILL_DEFINED-SPICULATED,IRREGULAR-ARCHITECTURAL_DISTORTION,
1424,1,mass,digitized,4,"[1314, 1335, 2465, 2486]",3,,,./data/CBIS-DDSM/Mass-Training_P_01529_RIGHT_MLO/07-20-2016-DDSM-64295/1.000000-full mammogram images-07277/1-1.dcm,./data/CBIS-DDSM/Mass-Training_P_01529_RIGHT_MLO_1/07-21-2016-DDSM-66072/1.000000-ROI mask images-43339/1-1.dcm,MG,1,malignant,P_01529,right,3,mlo,P_01529_RIGHT_MLO_mass_1,OBSCURED-ILL_DEFINED-SPICULATED,IRREGULAR-ARCHITECTURAL_DISTORTION,
1800,1,mass,digitized,5,"[0, 918, 963, 2070]",2,,,./data/CBIS-DDSM/Mass-Training_P_01556_LEFT_CC/07-20-2016-DDSM-82966/1.000000-full mammogram images-79790/1-1.dcm,./data/CBIS-DDSM/Mass-Training_P_01556_LEFT_CC_1/07-21-2016-DDSM-80879/1.000000-ROI mask images-02589/1-1.dcm,MG,1,malignant,P_01556,left,5,cc,P_01556_LEFT_CC_mass_1,SPICULATED,ROUND-IRREGULAR-ARCHITECTURAL_DISTORTION,
3178,1,mass,digitized,5,"[61, 2417, 1213, 3569]",2,,,./data/CBIS-DDSM/Mass-Test_P_01558_RIGHT_CC/10-04-2016-DDSM-54510/1.000000-full mammogram images-52985/1-1.dcm,./data/CBIS-DDSM/Mass-Test_P_01558_RIGHT_CC_1/10-04-2016-DDSM-27401/1.000000-ROI mask images-55830/1-2.dcm,MG,1,malignant,P_01558,right,5,cc,P_01558_RIGHT_CC_mass_1,ILL_DEFINED,IRREGULAR,
1158,1,mass,digitized,5,"[786, 2291, 1937, 3443]",2,,,./data/CBIS-DDSM/Mass-Test_P_01558_RIGHT_MLO/10-04-2016-DDSM-62981/1.000000-full mammogram images-71791/1-1.dcm,./data/CBIS-DDSM/Mass-Test_P_01558_RIGHT_MLO_1/10-04-2016-DDSM-84958/1.000000-ROI mask images-38408/1-2.dcm,MG,1,malignant,P_01558,right,5,mlo,P_01558_RIGHT_MLO_mass_1,ILL_DEFINED,IRREGULAR,
2530,1,mass,digitized,5,"[1352, 2691, 2503, 3843]",1,,,./data/CBIS-DDSM/Mass-Training_P_01559_RIGHT_MLO/07-20-2016-DDSM-58267/1.000000-full mammogram images-55763/1-1.dcm,./data/CBIS-DDSM/Mass-Training_P_01559_RIGHT_MLO_1/07-21-2016-DDSM-14033/1.000000-ROI mask images-80540/1-2.dcm,MG,1,malignant,P_01559,right,5,mlo,P_01559_RIGHT_MLO_mass_1,SPICULATED,IRREGULAR,
2344,1,mass,digitized,5,"[0, 1959, 883, 3110]",2,,,./data/CBIS-DDSM/Mass-Training_P_01593_LEFT_CC/07-20-2016-DDSM-85301/1.000000-full mammogram images-71445/1-1.dcm,./data/CBIS-DDSM/Mass-Training_P_01593_LEFT_CC_1/07-21-2016-DDSM-75648/1.000000-ROI mask images-14554/1-1.dcm,MG,1,malignant,P_01593,left,5,cc,P_01593_LEFT_CC_mass_1,SPICULATED,OVAL,
3057,1,mass,digitized,5,"[0, 3280, 963, 4432]",2,,,./data/CBIS-DDSM/Mass-Training_P_01593_LEFT_MLO/07-20-2016-DDSM-91924/1.000000-full mammogram images-50731/1-1.dcm,./data/CBIS-DDSM/Mass-Training_P_01593_LEFT_MLO_1/07-21-2016-DDSM-59372/1.000000-ROI mask images-65694/1-2.dcm,MG,1,malignant,P_01593,left,5,mlo,P_01593_LEFT_MLO_mass_1,ILL_DEFINED,IRREGULAR,
2986,1,mass,digitized,5,"[1816, 1049, 2664, 2201]",2,,,./data/CBIS-DDSM/Mass-Training_P_01600_RIGHT_CC/07-20-2016-DDSM-40743/1.000000-full mammogram images-66302/1-1.dcm,./data/CBIS-DDSM/Mass-Training_P_01600_RIGHT_CC_1/07-21-2016-DDSM-39234/1.000000-ROI mask images-02944/1-2.dcm,MG,1,malignant,P_01600,right,5,cc,P_01600_RIGHT_CC_mass_1,ILL_DEFINED,ROUND,
1016,2,mass,digitized,5,"[1193, 1045, 2345, 2197]",2,,,./data/CBIS-DDSM/Mass-Training_P_01600_RIGHT_MLO/07-20-2016-DDSM-58009/1.000000-full mammogram images-84813/1-1.dcm,./data/CBIS-DDSM/Mass-Training_P_01600_RIGHT_MLO_2/07-21-2016-DDSM-37552/1.000000-ROI mask images-29165/1-1.dcm,MG,2,malignant,P_01600,right,5,mlo,P_01600_RIGHT_MLO_mass_2,ILL_DEFINED,OVAL,
2881,1,mass,digitized,5,"[2075, 0, 2936, 775]",2,,,./data/CBIS-DDSM/Mass-Training_P_01600_RIGHT_MLO/07-20-2016-DDSM-58009/1.000000-full mammogram images-84813/1-1.dcm,./data/CBIS-DDSM/Mass-Training_P_01600_RIGHT_MLO_1/07-21-2016-DDSM-84032/1.000000-ROI mask images-70422/1-1.dcm,MG,2,malignant,P_01600,right,5,mlo,P_01600_RIGHT_MLO_mass_1,CIRCUMSCRIBED,ROUND,
1714,1,mass,digitized,4,"[1031, 1225, 2182, 2376]",4,,,./data/CBIS-DDSM/Mass-Training_P_01612_LEFT_CC/07-20-2016-DDSM-01526/1.000000-full mammogram images-58556/1-1.dcm,./data/CBIS-DDSM/Mass-Training_P_01612_LEFT_CC_1/07-21-2016-DDSM-45484/1.000000-ROI mask images-81788/1-1.dcm,MG,1,benign,P_01612,left,4,cc,P_01612_LEFT_CC_mass_1,OBSCURED,OVAL,
1324,1,mass,digitized,4,"[702, 1811, 1853, 2963]",4,,,./data/CBIS-DDSM/Mass-Training_P_01612_LEFT_MLO/07-20-2016-DDSM-55380/1.000000-full mammogram images-37997/1-1.dcm,./data/CBIS-DDSM/Mass-Training_P_01612_LEFT_MLO_1/07-21-2016-DDSM-46722/1.000000-ROI mask images-11103/1-1.dcm,MG,1,benign,P_01612,left,4,mlo,P_01612_LEFT_MLO_mass_1,OBSCURED,OVAL,
1334,2,mass,digitized,3,"[897, 546, 2049, 1698]",1,,,./data/CBIS-DDSM/Mass-Training_P_01632_LEFT_CC/07-20-2016-DDSM-30568/1.000000-full mammogram images-26860/1-1.dcm,./data/CBIS-DDSM/Mass-Training_P_01632_LEFT_CC_2/07-21-2016-DDSM-25652/1.000000-ROI mask images-64316/1-2.dcm,MG,2,benign,P_01632,left,2,cc,P_01632_LEFT_CC_mass_2,CIRCUMSCRIBED,LYMPH_NODE,
1687,1,mass,digitized,3,"[157, 371, 1309, 1523]",1,,,./data/CBIS-DDSM/Mass-Training_P_01632_LEFT_CC/07-20-2016-DDSM-30568/1.000000-full mammogram images-26860/1-1.dcm,./data/CBIS-DDSM/Mass-Training_P_01632_LEFT_CC_1/07-21-2016-DDSM-02915/1.000000-ROI mask images-14802/1-1.dcm,MG,2,benign,P_01632,left,2,cc,P_01632_LEFT_CC_mass_1,CIRCUMSCRIBED,LYMPH_NODE,
910,1,mass,digitized,3,"[920, 228, 2071, 1380]",1,,,./data/CBIS-DDSM/Mass-Training_P_01632_LEFT_MLO/07-20-2016-DDSM-39896/1.000000-full mammogram images-42142/1-1.dcm,./data/CBIS-DDSM/Mass-Training_P_01632_LEFT_MLO_1/07-21-2016-DDSM-96003/1.000000-ROI mask images-36745/1-2.dcm,MG,2,benign,P_01632,left,2,mlo,P_01632_LEFT_MLO_mass_1,CIRCUMSCRIBED,LYMPH_NODE,
1949,2,mass,digitized,3,"[1193, 1244, 2345, 2395]",1,,,./data/CBIS-DDSM/Mass-Training_P_01632_LEFT_MLO/07-20-2016-DDSM-39896/1.000000-full mammogram images-42142/1-1.dcm,./data/CBIS-DDSM/Mass-Training_P_01632_LEFT_MLO_2/07-21-2016-DDSM-56478/1.000000-ROI mask images-89659/1-2.dcm,MG,2,benign,P_01632,left,2,mlo,P_01632_LEFT_MLO_mass_2,CIRCUMSCRIBED,LYMPH_NODE,
1868,1,mass,digitized,4,"[1270, 2101, 2422, 3253]",1,,,./data/CBIS-DDSM/Mass-Training_P_01632_RIGHT_CC/07-20-2016-DDSM-38161/1.000000-full mammogram images-21682/1-1.dcm,./data/CBIS-DDSM/Mass-Training_P_01632_RIGHT_CC_1/07-21-2016-DDSM-65371/1.000000-ROI mask images-09388/1-1.dcm,MG,1,malignant,P_01632,right,4,cc,P_01632_RIGHT_CC_mass_1,ILL_DEFINED-SPICULATED,IRREGULAR-ARCHITECTURAL_DISTORTION,
2691,1,mass,digitized,4,"[870, 1773, 2022, 2925]",1,,,./data/CBIS-DDSM/Mass-Training_P_01632_RIGHT_MLO/07-20-2016-DDSM-82515/1.000000-full mammogram images-58249/1-1.dcm,./data/CBIS-DDSM/Mass-Training_P_01632_RIGHT_MLO_1/07-21-2016-DDSM-47914/1.000000-ROI mask images-84399/1-2.dcm,MG,1,malignant,P_01632,right,4,mlo,P_01632_RIGHT_MLO_mass_1,ILL_DEFINED-SPICULATED,IRREGULAR-ARCHITECTURAL_DISTORTION,
3507,1,mass,digitized,3,"[0, 1339, 808, 2491]",3,,,./data/CBIS-DDSM/Mass-Training_P_01634_LEFT_CC/07-20-2016-DDSM-62033/1.000000-full mammogram images-85794/1-1.dcm,./data/CBIS-DDSM/Mass-Training_P_01634_LEFT_CC_1/07-21-2016-DDSM-68606/1.000000-ROI mask images-37083/1-2.dcm,MG,1,malignant,P_01634,left,3,cc,P_01634_LEFT_CC_mass_1,OBSCURED-ILL_DEFINED,IRREGULAR,
414,1,mass,digitized,3,"[0, 1656, 1142, 2808]",3,,,./data/CBIS-DDSM/Mass-Training_P_01634_LEFT_MLO/07-20-2016-DDSM-08262/1.000000-full mammogram images-99248/1-1.dcm,./data/CBIS-DDSM/Mass-Training_P_01634_LEFT_MLO_1/07-21-2016-DDSM-43876/1.000000-ROI mask images-87248/1-1.dcm,MG,1,malignant,P_01634,left,3,mlo,P_01634_LEFT_MLO_mass_1,OBSCURED-ILL_DEFINED,IRREGULAR,
1817,1,mass,digitized,2,"[739, 1929, 1891, 3080]",2,,,./data/CBIS-DDSM/Mass-Training_P_01635_LEFT_CC/07-20-2016-DDSM-03214/1.000000-full mammogram images-35829/1-1.dcm,./data/CBIS-DDSM/Mass-Training_P_01635_LEFT_CC_1/07-21-2016-DDSM-64760/1.000000-ROI mask images-12942/1-1.dcm,MG,1,benign,P_01635,left,5,cc,P_01635_LEFT_CC_mass_1,ILL_DEFINED,ARCHITECTURAL_DISTORTION,
1076,1,mass,digitized,2,"[958, 2172, 2110, 3323]",2,,,./data/CBIS-DDSM/Mass-Training_P_01635_LEFT_MLO/07-20-2016-DDSM-74110/1.000000-full mammogram images-95128/1-1.dcm,./data/CBIS-DDSM/Mass-Training_P_01635_LEFT_MLO_1/07-21-2016-DDSM-06225/1.000000-ROI mask images-63306/1-2.dcm,MG,1,benign,P_01635,left,5,mlo,P_01635_LEFT_MLO_mass_1,ILL_DEFINED,ARCHITECTURAL_DISTORTION,
2193,1,mass,digitized,5,"[2601, 580, 3280, 1732]",2,,,./data/CBIS-DDSM/Mass-Training_P_01635_RIGHT_CC/07-20-2016-DDSM-51322/1.000000-full mammogram images-99918/1-1.dcm,./data/CBIS-DDSM/Mass-Training_P_01635_RIGHT_CC_1/07-21-2016-DDSM-68143/1.000000-ROI mask images-05150/1-1.dcm,MG,1,benign,P_01635,right,5,cc,P_01635_RIGHT_CC_mass_1,,ARCHITECTURAL_DISTORTION,
3502,1,mass,digitized,5,"[1837, 873, 2989, 2025]",2,,,./data/CBIS-DDSM/Mass-Training_P_01635_RIGHT_MLO/07-20-2016-DDSM-23761/1.000000-full mammogram images-06572/1-1.dcm,./data/CBIS-DDSM/Mass-Training_P_01635_RIGHT_MLO_1/07-21-2016-DDSM-94985/1.000000-ROI mask images-71860/1-1.dcm,MG,1,benign,P_01635,right,5,mlo,P_01635_RIGHT_MLO_mass_1,,ARCHITECTURAL_DISTORTION,
621,1,mass,digitized,5,"[1104, 2257, 2255, 3408]",2,,,./data/CBIS-DDSM/Mass-Training_P_01642_RIGHT_CC/07-20-2016-DDSM-42253/1.000000-full mammogram images-53782/1-1.dcm,./data/CBIS-DDSM/Mass-Training_P_01642_RIGHT_CC_1/07-21-2016-DDSM-59365/1.000000-ROI mask images-21601/1-1.dcm,MG,1,malignant,P_01642,right,4,cc,P_01642_RIGHT_CC_mass_1,SPICULATED,IRREGULAR,
2551,1,mass,digitized,5,"[1393, 2586, 2544, 3738]",2,,,./data/CBIS-DDSM/Mass-Training_P_01642_RIGHT_MLO/07-20-2016-DDSM-94698/1.000000-full mammogram images-52375/1-1.dcm,./data/CBIS-DDSM/Mass-Training_P_01642_RIGHT_MLO_1/07-21-2016-DDSM-51319/1.000000-ROI mask images-22366/1-2.dcm,MG,1,malignant,P_01642,right,4,mlo,P_01642_RIGHT_MLO_mass_1,SPICULATED,IRREGULAR,
809,1,mass,digitized,4,"[591, 2385, 1743, 3537]",1,,,./data/CBIS-DDSM/Mass-Training_P_01652_RIGHT_CC/07-20-2016-DDSM-30273/1.000000-full mammogram images-55326/1-1.dcm,./data/CBIS-DDSM/Mass-Training_P_01652_RIGHT_CC_1/07-21-2016-DDSM-67086/1.000000-ROI mask images-17130/1-1.dcm,MG,1,malignant,P_01652,right,5,cc,P_01652_RIGHT_CC_mass_1,CIRCUMSCRIBED-ILL_DEFINED,LOBULATED,
2837,1,mass,digitized,4,"[917, 3277, 2068, 4428]",1,,,./data/CBIS-DDSM/Mass-Training_P_01652_RIGHT_MLO/07-20-2016-DDSM-88170/1.000000-full mammogram images-89355/1-1.dcm,./data/CBIS-DDSM/Mass-Training_P_01652_RIGHT_MLO_1/07-21-2016-DDSM-89839/1.000000-ROI mask images-92624/1-1.dcm,MG,1,malignant,P_01652,right,4,mlo,P_01652_RIGHT_MLO_mass_1,CIRCUMSCRIBED-ILL_DEFINED,LOBULATED,
931,1,mass,digitized,4,"[0, 1614, 717, 2765]",2,,,./data/CBIS-DDSM/Mass-Training_P_01656_LEFT_CC/07-20-2016-DDSM-56813/1.000000-full mammogram images-45630/1-1.dcm,./data/CBIS-DDSM/Mass-Training_P_01656_LEFT_CC_1/07-21-2016-DDSM-55138/1.000000-ROI mask images-17594/1-1.dcm,MG,2,malignant,P_01656,left,4,cc,P_01656_LEFT_CC_mass_1,ILL_DEFINED,OVAL,
2506,2,mass,digitized,5,"[962, 2270, 2113, 3422]",2,,,./data/CBIS-DDSM/Mass-Training_P_01656_LEFT_CC/07-20-2016-DDSM-56813/1.000000-full mammogram images-45630/1-1.dcm,./data/CBIS-DDSM/Mass-Training_P_01656_LEFT_CC_2/07-21-2016-DDSM-82332/1.000000-ROI mask images-07490/1-1.dcm,MG,2,malignant,P_01656,left,4,cc,P_01656_LEFT_CC_mass_2,ILL_DEFINED,IRREGULAR,
1243,3,mass,digitized,5,"[958, 3192, 2109, 4343]",2,,,./data/CBIS-DDSM/Mass-Training_P_01656_LEFT_MLO/07-20-2016-DDSM-51496/1.000000-full mammogram images-10959/1-1.dcm,./data/CBIS-DDSM/Mass-Training_P_01656_LEFT_MLO_3/07-21-2016-DDSM-09732/1.000000-ROI mask images-33545/1-2.dcm,MG,3,malignant,P_01656,left,4,mlo,P_01656_LEFT_MLO_mass_3,ILL_DEFINED,IRREGULAR,
2680,2,mass,digitized,4,"[0, 2278, 862, 3429]",2,,,./data/CBIS-DDSM/Mass-Training_P_01656_LEFT_MLO/07-20-2016-DDSM-51496/1.000000-full mammogram images-10959/1-1.dcm,./data/CBIS-DDSM/Mass-Training_P_01656_LEFT_MLO_2/07-21-2016-DDSM-89002/1.000000-ROI mask images-59682/1-1.dcm,MG,3,malignant,P_01656,left,4,mlo,P_01656_LEFT_MLO_mass_2,ILL_DEFINED,LOBULATED,
2760,1,mass,digitized,5,"[0, 436, 669, 1587]",2,,,./data/CBIS-DDSM/Mass-Training_P_01656_LEFT_MLO/07-20-2016-DDSM-51496/1.000000-full mammogram images-10959/1-1.dcm,./data/CBIS-DDSM/Mass-Training_P_01656_LEFT_MLO_1/07-21-2016-DDSM-60179/1.000000-ROI mask images-28101/1-1.dcm,MG,3,malignant,P_01656,left,5,mlo,P_01656_LEFT_MLO_mass_1,CIRCUMSCRIBED,OVAL,
1009,1,mass,digitized,4,"[1874, 1001, 2881, 2153]",3,,,./data/CBIS-DDSM/Mass-Test_P_01661_LEFT_CC/10-04-2016-DDSM-21000/1.000000-full mammogram images-06321/1-1.dcm,./data/CBIS-DDSM/Mass-Test_P_01661_LEFT_CC_1/10-04-2016-DDSM-46625/1.000000-ROI mask images-23520/1-2.dcm,MG,1,malignant,P_01661,left,5,cc,P_01661_LEFT_CC_mass_1,ILL_DEFINED,IRREGULAR,
3172,1,mass,digitized,4,"[1072, 2034, 2223, 3185]",3,,,./data/CBIS-DDSM/Mass-Test_P_01661_LEFT_MLO/10-04-2016-DDSM-41323/1.000000-full mammogram images-39820/1-1.dcm,./data/CBIS-DDSM/Mass-Test_P_01661_LEFT_MLO_1/10-04-2016-DDSM-21081/1.000000-ROI mask images-97667/1-2.dcm,MG,1,malignant,P_01661,left,5,mlo,P_01661_LEFT_MLO_mass_1,ILL_DEFINED,IRREGULAR,
1571,1,mass,digitized,3,"[1916, 2156, 2936, 3307]",4,,,./data/CBIS-DDSM/Mass-Training_P_01663_RIGHT_CC/07-20-2016-DDSM-97103/1.000000-full mammogram images-79006/1-1.dcm,./data/CBIS-DDSM/Mass-Training_P_01663_RIGHT_CC_1/07-21-2016-DDSM-73933/1.000000-ROI mask images-76605/1-1.dcm,MG,1,benign,P_01663,right,4,cc,P_01663_RIGHT_CC_mass_1,OBSCURED,LOBULATED,
2829,1,mass,digitized,3,"[1660, 2680, 2812, 3831]",4,,,./data/CBIS-DDSM/Mass-Training_P_01663_RIGHT_MLO/07-20-2016-DDSM-74310/1.000000-full mammogram images-69679/1-1.dcm,./data/CBIS-DDSM/Mass-Training_P_01663_RIGHT_MLO_1/07-21-2016-DDSM-87273/1.000000-ROI mask images-84791/1-1.dcm,MG,1,benign,P_01663,right,4,mlo,P_01663_RIGHT_MLO_mass_1,OBSCURED,LOBULATED,
1291,1,mass,digitized,4,"[453, 1577, 1604, 2729]",3,,,./data/CBIS-DDSM/Mass-Training_P_01674_LEFT_CC/07-20-2016-DDSM-62686/1.000000-full mammogram images-80283/1-1.dcm,./data/CBIS-DDSM/Mass-Training_P_01674_LEFT_CC_1/07-21-2016-DDSM-88951/1.000000-ROI mask images-81283/1-1.dcm,MG,1,malignant,P_01674,left,4,cc,P_01674_LEFT_CC_mass_1,ILL_DEFINED-SPICULATED,IRREGULAR-ARCHITECTURAL_DISTORTION,
2205,1,mass,digitized,0,"[1229, 1489, 2380, 2640]",2,,,./data/CBIS-DDSM/Mass-Training_P_01686_RIGHT_CC/07-20-2016-DDSM-97599/1.000000-full mammogram images-14913/1-1.dcm,./data/CBIS-DDSM/Mass-Training_P_01686_RIGHT_CC_1/07-21-2016-DDSM-69589/1.000000-ROI mask images-50640/1-1.dcm,MG,1,benign,P_01686,right,3,cc,P_01686_RIGHT_CC_mass_1,OBSCURED,LOBULATED,
495,1,mass,digitized,0,"[802, 2033, 1953, 3184]",2,,,./data/CBIS-DDSM/Mass-Training_P_01686_RIGHT_MLO/07-20-2016-DDSM-51468/1.000000-full mammogram images-78914/1-1.dcm,./data/CBIS-DDSM/Mass-Training_P_01686_RIGHT_MLO_1/07-21-2016-DDSM-99890/1.000000-ROI mask images-58026/1-1.dcm,MG,1,benign,P_01686,right,3,mlo,P_01686_RIGHT_MLO_mass_1,OBSCURED,LOBULATED,
2057,1,mass,digitized,4,"[1216, 2254, 2368, 3405]",2,,,./data/CBIS-DDSM/Mass-Test_P_01697_LEFT_CC/10-04-2016-DDSM-67490/1.000000-full mammogram images-15178/1-1.dcm,./data/CBIS-DDSM/Mass-Test_P_01697_LEFT_CC_1/10-04-2016-DDSM-74237/1.000000-ROI mask images-12228/1-2.dcm,MG,1,benign,P_01697,left,3,cc,P_01697_LEFT_CC_mass_1,MICROLOBULATED,ROUND,
415,1,mass,digitized,3,"[1497, 2554, 2649, 3705]",2,,,./data/CBIS-DDSM/Mass-Test_P_01697_LEFT_MLO/10-04-2016-DDSM-03913/1.000000-full mammogram images-92536/1-1.dcm,./data/CBIS-DDSM/Mass-Test_P_01697_LEFT_MLO_1/10-04-2016-DDSM-43351/1.000000-ROI mask images-07826/1-2.dcm,MG,1,benign,P_01697,left,3,mlo,P_01697_LEFT_MLO_mass_1,ILL_DEFINED,OVAL,
1307,1,mass,digitized,3,"[563, 1298, 1714, 2449]",1,,,./data/CBIS-DDSM/Mass-Training_P_01702_RIGHT_CC/07-20-2016-DDSM-21764/1.000000-full mammogram images-55657/1-1.dcm,./data/CBIS-DDSM/Mass-Training_P_01702_RIGHT_CC_1/07-21-2016-DDSM-59999/1.000000-ROI mask images-89617/1-2.dcm,MG,1,benign,P_01702,right,4,cc,P_01702_RIGHT_CC_mass_1,OBSCURED,LOBULATED,
1802,1,mass,digitized,3,"[790, 2306, 1942, 3458]",1,,,./data/CBIS-DDSM/Mass-Training_P_01702_RIGHT_MLO/07-20-2016-DDSM-85051/1.000000-full mammogram images-78470/1-1.dcm,./data/CBIS-DDSM/Mass-Training_P_01702_RIGHT_MLO_1/07-21-2016-DDSM-77623/1.000000-ROI mask images-07762/1-2.dcm,MG,1,benign,P_01702,right,4,mlo,P_01702_RIGHT_MLO_mass_1,OBSCURED,LOBULATED,
1495,1,mass,digitized,0,"[945, 1692, 1920, 2843]",2,,,./data/CBIS-DDSM/Mass-Training_P_01714_RIGHT_CC/07-20-2016-DDSM-14472/1.000000-full mammogram images-38098/1-1.dcm,./data/CBIS-DDSM/Mass-Training_P_01714_RIGHT_CC_1/07-21-2016-DDSM-32524/1.000000-ROI mask images-16494/1-1.dcm,MG,1,benign,P_01714,right,4,cc,P_01714_RIGHT_CC_mass_1,MICROLOBULATED,OVAL,
3161,1,mass,digitized,0,"[1257, 2524, 2390, 3675]",2,,,./data/CBIS-DDSM/Mass-Training_P_01714_RIGHT_MLO/07-20-2016-DDSM-52243/1.000000-full mammogram images-33428/1-1.dcm,./data/CBIS-DDSM/Mass-Training_P_01714_RIGHT_MLO_1/07-21-2016-DDSM-45436/1.000000-ROI mask images-42756/1-1.dcm,MG,1,benign,P_01714,right,4,mlo,P_01714_RIGHT_MLO_mass_1,MICROLOBULATED,OVAL,
1649,1,mass,digitized,3,"[2359, 1571, 3510, 2722]",2,,,./data/CBIS-DDSM/Mass-Training_P_01720_RIGHT_CC/07-20-2016-DDSM-82718/1.000000-full mammogram images-32152/1-1.dcm,./data/CBIS-DDSM/Mass-Training_P_01720_RIGHT_CC_1/07-21-2016-DDSM-68188/1.000000-ROI mask images-90380/1-2.dcm,MG,1,benign,P_01720,right,4,cc,P_01720_RIGHT_CC_mass_1,CIRCUMSCRIBED,LOBULATED,
1953,1,mass,digitized,3,"[2450, 2896, 3602, 4047]",2,,,./data/CBIS-DDSM/Mass-Training_P_01720_RIGHT_MLO/07-20-2016-DDSM-87231/1.000000-full mammogram images-37976/1-1.dcm,./data/CBIS-DDSM/Mass-Training_P_01720_RIGHT_MLO_1/07-21-2016-DDSM-98285/1.000000-ROI mask images-45501/1-2.dcm,MG,1,benign,P_01720,right,4,mlo,P_01720_RIGHT_MLO_mass_1,CIRCUMSCRIBED,LOBULATED,
2503,1,mass,digitized,4,"[1014, 1835, 2165, 2986]",2,,,./data/CBIS-DDSM/Mass-Training_P_01799_LEFT_CC/07-20-2016-DDSM-60581/1.000000-full mammogram images-75503/1-1.dcm,./data/CBIS-DDSM/Mass-Training_P_01799_LEFT_CC_1/07-21-2016-DDSM-56378/1.000000-ROI mask images-74438/1-2.dcm,MG,1,malignant,P_01799,left,4,cc,P_01799_LEFT_CC_mass_1,ILL_DEFINED,IRREGULAR,
964,1,mass,digitized,4,"[1006, 2563, 2158, 3714]",2,,,./data/CBIS-DDSM/Mass-Training_P_01799_LEFT_MLO/07-20-2016-DDSM-56460/1.000000-full mammogram images-05587/1-1.dcm,./data/CBIS-DDSM/Mass-Training_P_01799_LEFT_MLO_1/07-21-2016-DDSM-83492/1.000000-ROI mask images-03320/1-2.dcm,MG,1,malignant,P_01799,left,4,mlo,P_01799_LEFT_MLO_mass_1,ILL_DEFINED,IRREGULAR,
2470,1,mass,digitized,4,"[665, 1931, 1816, 3083]",2,,,./data/CBIS-DDSM/Mass-Training_P_01802_LEFT_MLO/07-20-2016-DDSM-39218/1.000000-full mammogram images-56332/1-1.dcm,./data/CBIS-DDSM/Mass-Training_P_01802_LEFT_MLO_1/07-21-2016-DDSM-55082/1.000000-ROI mask images-47527/1-2.dcm,MG,1,benign,P_01802,left,3,mlo,P_01802_LEFT_MLO_mass_1,MICROLOBULATED,LOBULATED,
1104,1,mass,digitized,4,"[1069, 1203, 2221, 2354]",1,,,./data/CBIS-DDSM/Mass-Training_P_01821_LEFT_CC/07-20-2016-DDSM-96886/1.000000-full mammogram images-07364/1-1.dcm,./data/CBIS-DDSM/Mass-Training_P_01821_LEFT_CC_1/07-21-2016-DDSM-94834/1.000000-ROI mask images-36315/1-2.dcm,MG,1,benign,P_01821,left,5,cc,P_01821_LEFT_CC_mass_1,SPICULATED,IRREGULAR,
2413,1,mass,digitized,4,"[1796, 2439, 2948, 3591]",1,,,./data/CBIS-DDSM/Mass-Training_P_01821_LEFT_MLO/07-20-2016-DDSM-01409/1.000000-full mammogram images-86390/1-1.dcm,./data/CBIS-DDSM/Mass-Training_P_01821_LEFT_MLO_1/07-21-2016-DDSM-11368/1.000000-ROI mask images-48723/1-2.dcm,MG,1,benign,P_01821,left,5,mlo,P_01821_LEFT_MLO_mass_1,SPICULATED,IRREGULAR,
1838,1,mass,digitized,4,"[350, 2814, 1502, 3966]",1,,,./data/CBIS-DDSM/Mass-Training_P_01826_RIGHT_CC/07-20-2016-DDSM-36179/1.000000-full mammogram images-67422/1-1.dcm,./data/CBIS-DDSM/Mass-Training_P_01826_RIGHT_CC_1/07-21-2016-DDSM-77966/1.000000-ROI mask images-10975/1-2.dcm,MG,1,benign,P_01826,right,3,cc,P_01826_RIGHT_CC_mass_1,ILL_DEFINED,LOBULATED,
899,1,mass,digitized,4,"[901, 2726, 2053, 3877]",1,,,./data/CBIS-DDSM/Mass-Training_P_01826_RIGHT_MLO/07-20-2016-DDSM-49395/1.000000-full mammogram images-38913/1-1.dcm,./data/CBIS-DDSM/Mass-Training_P_01826_RIGHT_MLO_1/07-21-2016-DDSM-97040/1.000000-ROI mask images-17152/1-2.dcm,MG,1,benign,P_01826,right,3,mlo,P_01826_RIGHT_MLO_mass_1,ILL_DEFINED,LOBULATED,
200,1,mass,digitized,0,"[1018, 1524, 2169, 2676]",1,,,./data/CBIS-DDSM/Mass-Training_P_01877_LEFT_CC/07-20-2016-DDSM-98947/1.000000-full mammogram images-52276/1-1.dcm,./data/CBIS-DDSM/Mass-Training_P_01877_LEFT_CC_1/07-21-2016-DDSM-14450/1.000000-ROI mask images-98389/1-1.dcm,MG,1,benign,P_01877,left,5,cc,P_01877_LEFT_CC_mass_1,OBSCURED,LOBULATED,
1910,1,mass,digitized,0,"[1319, 2640, 2470, 3791]",1,,,./data/CBIS-DDSM/Mass-Training_P_01877_LEFT_MLO/07-20-2016-DDSM-75502/1.000000-full mammogram images-09736/1-1.dcm,./data/CBIS-DDSM/Mass-Training_P_01877_LEFT_MLO_1/07-21-2016-DDSM-97856/1.000000-ROI mask images-87373/1-2.dcm,MG,1,benign,P_01877,left,5,mlo,P_01877_LEFT_MLO_mass_1,OBSCURED,LOBULATED,
3119,1,mass,digitized,3,"[435, 1709, 1587, 2860]",2,,,./data/CBIS-DDSM/Mass-Training_P_01908_LEFT_CC/07-20-2016-DDSM-20296/1.000000-full mammogram images-39808/1-1.dcm,./data/CBIS-DDSM/Mass-Training_P_01908_LEFT_CC_1/07-21-2016-DDSM-41545/1.000000-ROI mask images-80956/1-1.dcm,MG,1,malignant,P_01908,left,4,cc,P_01908_LEFT_CC_mass_1,ILL_DEFINED,OVAL,
540,1,mass,digitized,3,"[1042, 2193, 2194, 3344]",2,,,./data/CBIS-DDSM/Mass-Training_P_02033_RIGHT_CC/07-20-2016-DDSM-73336/1.000000-full mammogram images-13869/1-1.dcm,./data/CBIS-DDSM/Mass-Training_P_02033_RIGHT_CC_1/07-21-2016-DDSM-94380/1.000000-ROI mask images-33919/1-1.dcm,MG,1,malignant,P_02033,right,4,cc,P_02033_RIGHT_CC_mass_1,ILL_DEFINED,IRREGULAR,
3162,1,mass,digitized,3,"[1203, 2894, 2354, 4046]",2,,,./data/CBIS-DDSM/Mass-Training_P_02033_RIGHT_MLO/07-20-2016-DDSM-37767/1.000000-full mammogram images-15389/1-1.dcm,./data/CBIS-DDSM/Mass-Training_P_02033_RIGHT_MLO_1/07-21-2016-DDSM-89721/1.000000-ROI mask images-25986/1-1.dcm,MG,1,malignant,P_02033,right,4,mlo,P_02033_RIGHT_MLO_mass_1,ILL_DEFINED,IRREGULAR,
362,1,mass,digitized,3,"[0, 2372, 1014, 3523]",2,,,./data/CBIS-DDSM/Mass-Training_P_02092_LEFT_CC/07-20-2016-DDSM-80250/1.000000-full mammogram images-67422/1-1.dcm,./data/CBIS-DDSM/Mass-Training_P_02092_LEFT_CC_1/07-21-2016-DDSM-18548/1.000000-ROI mask images-89402/1-1.dcm,MG,1,malignant,P_02092,left,2,cc,P_02092_LEFT_CC_mass_1,SPICULATED,IRREGULAR,
1653,1,mass,digitized,3,"[232, 2624, 1383, 3776]",2,,,./data/CBIS-DDSM/Mass-Training_P_02092_LEFT_MLO/07-20-2016-DDSM-65216/1.000000-full mammogram images-91615/1-1.dcm,./data/CBIS-DDSM/Mass-Training_P_02092_LEFT_MLO_1/07-21-2016-DDSM-14412/1.000000-ROI mask images-30086/1-1.dcm,MG,1,malignant,P_02092,left,2,mlo,P_02092_LEFT_MLO_mass_1,SPICULATED,IRREGULAR,
